epoch, power_w, sm_mhz, temp_c
1791414148.982, 24.59 W, 180 MHz, 33
1791414149.516, 24.59 W, 180 MHz, 33
1791414150.052, 24.66 W, 180 MHz, 33
1791414150.587, 24.66 W, 180 MHz, 33
1791414151.122, 24.67 W, 180 MHz, 33
1791414151.657, 24.66 W, 180 MHz, 33
1791414152.195, 24.66 W, 180 MHz, 33
1791414152.728, 24.64 W, 180 MHz, 33
1791414153.263, 24.64 W, 180 MHz, 33
1791414153.797, 24.68 W, 180 MHz, 33
1791414154.331, 24.68 W, 180 MHz, 33
1791414154.864, 24.68 W, 180 MHz, 33
1791414155.398, 24.68 W, 180 MHz, 33
1791414155.933, 24.70 W, 180 MHz, 33
1791414156.468, 24.70 W, 180 MHz, 33
1791414157.002, 24.72 W, 180 MHz, 33
1791414157.537, 24.72 W, 180 MHz, 33
1791414158.071, 24.70 W, 180 MHz, 33
1791414158.605, 24.67 W, 180 MHz, 33
1791414159.140, 24.67 W, 180 MHz, 33
1791414159.674, 24.69 W, 180 MHz, 33
1791414160.208, 24.69 W, 180 MHz, 33
1791414160.744, 24.69 W, 180 MHz, 33
1791414161.279, 24.69 W, 180 MHz, 33
1791414161.814, 24.66 W, 180 MHz, 33
1791414162.350, 24.66 W, 180 MHz, 33
1791414162.885, 24.63 W, 180 MHz, 33
1791414163.421, 24.63 W, 180 MHz, 33
1791414163.958, 24.65 W, 180 MHz, 33
1791414164.492, 24.65 W, 180 MHz, 33
1791414165.026, 24.63 W, 180 MHz, 33
1791414165.561, 24.63 W, 180 MHz, 33
1791414166.095, 24.61 W, 180 MHz, 33
1791414166.630, 24.59 W, 180 MHz, 33
1791414167.164, 24.59 W, 180 MHz, 33
1791414167.699, 24.55 W, 180 MHz, 33
1791414168.234, 24.55 W, 180 MHz, 33
1791414168.768, 24.53 W, 180 MHz, 33
1791414169.303, 24.53 W, 180 MHz, 33
1791414169.840, 24.56 W, 180 MHz, 33
1791414170.374, 24.56 W, 180 MHz, 33
1791414170.909, 24.57 W, 180 MHz, 33
1791414171.445, 24.57 W, 180 MHz, 33
1791414171.980, 24.53 W, 180 MHz, 33
1791414172.515, 24.53 W, 180 MHz, 33
1791414173.049, 24.46 W, 180 MHz, 33
1791414173.584, 24.46 W, 180 MHz, 33
1791414174.118, 24.52 W, 180 MHz, 33
1791414174.654, 24.64 W, 180 MHz, 33
1791414175.188, 24.64 W, 180 MHz, 33
1791414175.725, 24.66 W, 180 MHz, 33
1791414176.260, 24.66 W, 180 MHz, 33
1791414176.793, 24.56 W, 180 MHz, 33
1791414177.328, 24.56 W, 180 MHz, 33
1791414177.865, 24.54 W, 180 MHz, 33
1791414178.398, 24.54 W, 180 MHz, 33
1791414178.935, 24.47 W, 180 MHz, 33
1791414179.471, 24.47 W, 180 MHz, 33
1791414180.007, 24.53 W, 180 MHz, 33
1791414180.541, 24.53 W, 180 MHz, 33
1791414181.076, 24.52 W, 180 MHz, 33
1791414181.610, 24.50 W, 180 MHz, 33
1791414182.144, 24.50 W, 180 MHz, 33
1791414182.682, 24.56 W, 180 MHz, 33
1791414183.217, 24.56 W, 180 MHz, 33
1791414183.753, 24.53 W, 180 MHz, 33
1791414184.288, 24.53 W, 180 MHz, 33
1791414184.824, 24.51 W, 180 MHz, 33
1791414185.358, 24.51 W, 180 MHz, 33
1791414185.893, 24.55 W, 180 MHz, 33
1791414186.427, 24.55 W, 180 MHz, 33
1791414186.961, 24.63 W, 180 MHz, 33
1791414187.495, 24.63 W, 180 MHz, 33
1791414188.029, 24.70 W, 180 MHz, 33
1791414188.564, 24.70 W, 180 MHz, 33
1791414189.099, 24.68 W, 180 MHz, 33
1791414189.633, 24.66 W, 180 MHz, 33
1791414190.167, 24.66 W, 180 MHz, 33
1791414190.703, 24.61 W, 180 MHz, 33
1791414191.239, 24.61 W, 180 MHz, 33
1791414191.776, 24.57 W, 180 MHz, 33
1791414192.309, 24.57 W, 180 MHz, 33
1791414192.844, 24.50 W, 180 MHz, 33
1791414193.378, 24.50 W, 180 MHz, 33
1791414193.914, 24.57 W, 180 MHz, 33
1791414194.448, 24.57 W, 180 MHz, 33
1791414194.982, 24.56 W, 180 MHz, 33
1791414195.516, 24.56 W, 180 MHz, 33
1791414196.051, 24.58 W, 180 MHz, 33
1791414196.587, 24.58 W, 180 MHz, 33
1791414197.123, 24.60 W, 180 MHz, 33
1791414197.660, 24.59 W, 180 MHz, 33
1791414198.196, 24.59 W, 180 MHz, 33
1791414198.732, 24.54 W, 180 MHz, 33
1791414199.269, 24.54 W, 180 MHz, 33
1791414199.805, 24.69 W, 180 MHz, 33
1791414200.340, 24.69 W, 180 MHz, 33
1791414200.875, 24.67 W, 180 MHz, 33
1791414201.410, 24.67 W, 180 MHz, 33
1791414201.944, 24.62 W, 180 MHz, 33
1791414202.478, 24.62 W, 180 MHz, 33
1791414203.015, 24.58 W, 180 MHz, 33
1791414203.549, 24.58 W, 180 MHz, 33
1791414204.085, 24.54 W, 180 MHz, 33
1791414204.619, 24.56 W, 180 MHz, 33
1791414205.156, 24.56 W, 180 MHz, 33
1791414205.691, 24.58 W, 180 MHz, 33
1791414206.227, 24.58 W, 180 MHz, 33
1791414206.764, 24.51 W, 180 MHz, 33
1791414207.299, 24.51 W, 180 MHz, 33
1791414207.833, 24.47 W, 180 MHz, 33
1791414208.367, 24.47 W, 180 MHz, 33
1791414208.904, 24.41 W, 180 MHz, 33
1791414209.440, 24.41 W, 180 MHz, 33
1791414209.975, 24.47 W, 180 MHz, 33
1791414210.510, 24.47 W, 180 MHz, 33
1791414211.045, 24.49 W, 180 MHz, 33
1791414211.580, 24.49 W, 180 MHz, 33
1791414212.115, 24.40 W, 180 MHz, 33
1791414212.648, 24.43 W, 180 MHz, 33
1791414213.183, 24.43 W, 180 MHz, 33
1791414213.716, 24.60 W, 180 MHz, 33
1791414214.250, 24.60 W, 180 MHz, 33
1791414214.785, 24.56 W, 180 MHz, 33
1791414215.321, 24.56 W, 180 MHz, 33
1791414215.855, 24.43 W, 180 MHz, 33
1791414216.391, 24.43 W, 180 MHz, 33
1791414216.927, 24.53 W, 180 MHz, 33
1791414217.462, 24.53 W, 180 MHz, 33
1791414217.996, 24.52 W, 180 MHz, 33
1791414218.530, 24.52 W, 180 MHz, 33
1791414219.064, 24.47 W, 180 MHz, 33
1791414219.599, 24.44 W, 180 MHz, 33
1791414220.132, 24.44 W, 180 MHz, 33
1791414220.666, 24.50 W, 180 MHz, 33
1791414221.199, 24.50 W, 180 MHz, 33
1791414221.734, 24.52 W, 180 MHz, 33
1791414222.268, 24.52 W, 180 MHz, 33
1791414222.802, 24.52 W, 180 MHz, 33
1791414223.336, 24.52 W, 180 MHz, 33
1791414223.869, 24.33 W, 180 MHz, 33
1791414224.404, 24.33 W, 180 MHz, 33
1791414224.937, 24.35 W, 180 MHz, 33
1791414225.471, 24.35 W, 180 MHz, 33
1791414226.006, 24.43 W, 180 MHz, 33
1791414226.540, 24.43 W, 180 MHz, 33
1791414227.074, 24.54 W, 180 MHz, 33
1791414227.608, 24.51 W, 180 MHz, 32
1791414228.144, 24.51 W, 180 MHz, 32
1791414228.678, 24.46 W, 180 MHz, 32
1791414229.213, 24.46 W, 180 MHz, 32
1791414229.749, 24.43 W, 180 MHz, 33
1791414230.283, 24.43 W, 180 MHz, 33
1791414230.817, 24.45 W, 180 MHz, 32
1791414231.352, 24.45 W, 180 MHz, 32
1791414231.885, 24.48 W, 180 MHz, 32
1791414232.422, 24.48 W, 180 MHz, 32
1791414232.955, 24.48 W, 172 MHz, 32
1791414233.490, 24.48 W, 172 MHz, 32
1791414234.026, 24.45 W, 180 MHz, 32
1791414234.561, 24.45 W, 180 MHz, 32
1791414235.095, 24.48 W, 180 MHz, 32
1791414235.627, 24.50 W, 180 MHz, 32
1791414236.164, 24.50 W, 180 MHz, 32
1791414236.701, 24.43 W, 180 MHz, 32
1791414237.235, 24.43 W, 180 MHz, 32
1791414237.770, 24.44 W, 180 MHz, 32
1791414238.305, 24.44 W, 180 MHz, 32
1791414238.839, 24.53 W, 180 MHz, 32
1791414239.372, 24.53 W, 180 MHz, 32
1791414239.900, 27.10 W, 180 MHz, 32
1791414240.432, 177.22 W, 2767 MHz, 43
1791414240.965, 459.48 W, 2707 MHz, 48
1791414241.496, 601.71 W, 2700 MHz, 50
1791414242.028, 600.67 W, 2700 MHz, 50
1791414242.559, 600.39 W, 2692 MHz, 50
1791414243.091, 600.16 W, 2692 MHz, 51
1791414243.623, 600.00 W, 2692 MHz, 51
1791414244.156, 599.44 W, 2692 MHz, 52
1791414244.686, 599.93 W, 2692 MHz, 53
1791414245.217, 599.75 W, 2692 MHz, 54
1791414245.747, 599.61 W, 2677 MHz, 54
1791414246.277, 600.27 W, 2677 MHz, 54
1791414246.807, 600.64 W, 2685 MHz, 54
1791414247.337, 599.03 W, 2692 MHz, 55
1791414247.869, 599.76 W, 2685 MHz, 56
1791414248.401, 599.88 W, 2685 MHz, 56
1791414248.933, 599.54 W, 2685 MHz, 56
1791414249.467, 549.61 W, 2812 MHz, 56
1791414250.003, 453.00 W, 2865 MHz, 50
1791414250.530, 322.76 W, 2872 MHz, 50
1791414251.057, 187.75 W, 2880 MHz, 44
1791414251.594, 132.80 W, 2880 MHz, 43
1791414252.121, 102.21 W, 2880 MHz, 43
1791414252.648, 102.21 W, 2880 MHz, 42
1791414253.175, 81.21 W, 2610 MHz, 42
1791414253.705, 81.21 W, 2610 MHz, 41
1791414254.235, 81.03 W, 2610 MHz, 41
1791414254.767, 238.57 W, 2692 MHz, 53
1791414255.299, 594.08 W, 2677 MHz, 56
1791414255.831, 600.44 W, 2677 MHz, 57
1791414256.361, 600.68 W, 2670 MHz, 58
1791414256.893, 599.93 W, 2662 MHz, 58
1791414257.425, 599.85 W, 2670 MHz, 58
1791414257.956, 599.80 W, 2670 MHz, 59
1791414258.488, 600.29 W, 2670 MHz, 59
1791414259.021, 601.10 W, 2662 MHz, 59
1791414259.552, 599.67 W, 2670 MHz, 60
1791414260.084, 599.47 W, 2662 MHz, 60
1791414260.617, 599.64 W, 2662 MHz, 61
1791414261.148, 600.72 W, 2662 MHz, 61
1791414261.678, 598.66 W, 2670 MHz, 61
1791414262.212, 599.41 W, 2677 MHz, 62
1791414262.742, 600.98 W, 2670 MHz, 62
1791414263.278, 600.45 W, 2670 MHz, 62
1791414263.810, 600.97 W, 2670 MHz, 62
1791414264.343, 599.19 W, 2662 MHz, 63
1791414264.875, 600.51 W, 2662 MHz, 63
1791414265.406, 601.01 W, 2662 MHz, 62
1791414265.938, 600.85 W, 2655 MHz, 64
1791414266.471, 599.04 W, 2662 MHz, 64
1791414267.004, 598.91 W, 2655 MHz, 64
1791414267.537, 601.06 W, 2655 MHz, 65
1791414268.067, 601.00 W, 2647 MHz, 65
1791414268.597, 599.75 W, 2655 MHz, 65
1791414269.133, 599.63 W, 2655 MHz, 65
1791414269.664, 599.05 W, 2655 MHz, 65
1791414270.195, 600.35 W, 2655 MHz, 65
1791414270.725, 599.54 W, 2655 MHz, 66
1791414271.256, 598.79 W, 2655 MHz, 67
1791414271.787, 599.19 W, 2647 MHz, 67
1791414272.318, 600.05 W, 2655 MHz, 67
1791414272.849, 600.30 W, 2647 MHz, 67
1791414273.380, 600.22 W, 2647 MHz, 68
1791414273.913, 599.29 W, 2647 MHz, 68
1791414274.445, 600.34 W, 2647 MHz, 68
1791414274.978, 599.66 W, 2640 MHz, 68
1791414275.510, 599.71 W, 2647 MHz, 68
1791414276.042, 599.84 W, 2647 MHz, 69
1791414276.576, 599.46 W, 2647 MHz, 69
1791414277.108, 599.90 W, 2647 MHz, 69
1791414277.641, 599.87 W, 2655 MHz, 70
1791414278.171, 601.46 W, 2647 MHz, 70
1791414278.703, 599.23 W, 2647 MHz, 70
1791414279.236, 599.70 W, 2647 MHz, 70
1791414279.766, 599.65 W, 2647 MHz, 70
1791414280.296, 599.52 W, 2647 MHz, 71
1791414280.829, 599.81 W, 2640 MHz, 71
1791414281.361, 601.11 W, 2640 MHz, 71
1791414281.893, 600.95 W, 2632 MHz, 70
1791414282.426, 599.34 W, 2632 MHz, 71
1791414282.958, 599.57 W, 2640 MHz, 71
1791414283.489, 601.24 W, 2632 MHz, 71
1791414284.019, 600.51 W, 2640 MHz, 71
1791414284.550, 600.40 W, 2640 MHz, 72
1791414285.081, 599.28 W, 2640 MHz, 72
1791414285.611, 600.83 W, 2647 MHz, 72
1791414286.142, 600.30 W, 2647 MHz, 73
1791414286.672, 600.67 W, 2640 MHz, 73
1791414287.203, 601.11 W, 2640 MHz, 73
1791414287.733, 601.15 W, 2632 MHz, 73
1791414288.264, 600.43 W, 2632 MHz, 74
1791414288.796, 600.91 W, 2625 MHz, 73
1791414289.327, 600.35 W, 2625 MHz, 74
1791414289.858, 600.47 W, 2625 MHz, 74
1791414290.389, 600.81 W, 2625 MHz, 75
1791414290.919, 600.08 W, 2625 MHz, 74
1791414291.450, 600.26 W, 2625 MHz, 74
1791414291.981, 598.72 W, 2632 MHz, 74
1791414292.512, 599.40 W, 2640 MHz, 75
1791414293.042, 598.54 W, 2647 MHz, 75
1791414293.574, 600.43 W, 2632 MHz, 75
1791414294.104, 600.65 W, 2632 MHz, 75
1791414294.655, 590.41 W, 2640 MHz, 72
1791414295.189, 516.30 W, 2842 MHz, 70
1791414295.716, 439.12 W, 2842 MHz, 70
1791414296.243, 269.90 W, 2850 MHz, 63
1791414296.771, 163.83 W, 2857 MHz, 62
1791414297.298, 163.83 W, 2857 MHz, 62
1791414297.826, 117.90 W, 2857 MHz, 61
1791414298.353, 117.90 W, 2857 MHz, 61
1791414298.881, 92.69 W, 2610 MHz, 60
1791414299.410, 92.35 W, 2610 MHz, 60
1791414299.942, 252.24 W, 2677 MHz, 69
1791414300.473, 348.70 W, 2602 MHz, 73
1791414301.007, 600.03 W, 2595 MHz, 73
1791414301.540, 601.04 W, 2595 MHz, 74
1791414302.071, 599.51 W, 2587 MHz, 75
1791414302.604, 599.66 W, 2587 MHz, 75
1791414303.136, 600.03 W, 2587 MHz, 75
1791414303.666, 599.74 W, 2587 MHz, 76
1791414304.201, 600.25 W, 2587 MHz, 76
1791414304.733, 600.25 W, 2580 MHz, 76
1791414305.265, 599.66 W, 2580 MHz, 76
1791414305.800, 599.40 W, 2572 MHz, 76
1791414306.330, 599.76 W, 2572 MHz, 76
1791414306.860, 598.63 W, 2595 MHz, 76
1791414307.392, 599.86 W, 2587 MHz, 77
1791414307.925, 599.06 W, 2587 MHz, 77
1791414308.456, 600.25 W, 2587 MHz, 77
1791414308.989, 600.66 W, 2587 MHz, 77
1791414309.522, 600.72 W, 2580 MHz, 77
1791414310.054, 600.34 W, 2580 MHz, 77
1791414310.585, 600.14 W, 2580 MHz, 77
1791414311.117, 599.33 W, 2587 MHz, 77
1791414311.649, 600.38 W, 2580 MHz, 79
1791414312.183, 600.43 W, 2580 MHz, 78
1791414312.715, 599.93 W, 2580 MHz, 79
1791414313.248, 599.91 W, 2572 MHz, 79
1791414313.781, 600.41 W, 2572 MHz, 79
1791414314.315, 600.02 W, 2587 MHz, 79
1791414314.848, 599.98 W, 2580 MHz, 79
1791414315.381, 600.16 W, 2580 MHz, 79
1791414315.913, 599.70 W, 2580 MHz, 79
1791414316.445, 599.61 W, 2580 MHz, 80
1791414316.977, 600.07 W, 2580 MHz, 79
1791414317.508, 600.09 W, 2580 MHz, 78
1791414318.038, 599.83 W, 2580 MHz, 80
1791414318.570, 600.01 W, 2572 MHz, 80
1791414319.102, 599.94 W, 2580 MHz, 80
1791414319.634, 599.57 W, 2580 MHz, 80
1791414320.167, 599.66 W, 2572 MHz, 81
1791414320.699, 599.56 W, 2580 MHz, 81
1791414321.231, 599.88 W, 2580 MHz, 80
1791414321.764, 600.64 W, 2580 MHz, 81
1791414322.296, 600.61 W, 2580 MHz, 81
1791414322.828, 599.61 W, 2587 MHz, 81
1791414323.360, 599.68 W, 2587 MHz, 82
1791414323.892, 600.54 W, 2580 MHz, 82
1791414324.424, 600.64 W, 2580 MHz, 81
1791414324.956, 599.75 W, 2580 MHz, 82
1791414325.489, 599.65 W, 2580 MHz, 82
1791414326.024, 599.56 W, 2580 MHz, 80
1791414326.557, 599.84 W, 2572 MHz, 82
1791414327.088, 600.66 W, 2572 MHz, 82
1791414327.621, 599.50 W, 2572 MHz, 82
1791414328.152, 599.67 W, 2572 MHz, 82
1791414328.684, 599.57 W, 2572 MHz, 83
1791414329.216, 600.26 W, 2565 MHz, 83
1791414329.749, 599.58 W, 2572 MHz, 83
1791414330.282, 599.21 W, 2572 MHz, 83
1791414330.814, 600.31 W, 2572 MHz, 83
1791414331.347, 600.04 W, 2580 MHz, 83
1791414331.879, 599.51 W, 2580 MHz, 83
1791414332.410, 600.23 W, 2572 MHz, 83
1791414332.942, 598.97 W, 2572 MHz, 84
1791414333.473, 600.62 W, 2572 MHz, 83
1791414334.003, 600.22 W, 2565 MHz, 84
1791414334.535, 599.81 W, 2565 MHz, 83
1791414335.067, 600.85 W, 2572 MHz, 83
1791414335.600, 599.21 W, 2572 MHz, 84
1791414336.131, 599.97 W, 2565 MHz, 84
1791414336.664, 599.77 W, 2557 MHz, 84
1791414337.195, 600.62 W, 2557 MHz, 84
1791414337.723, 600.27 W, 2565 MHz, 84
1791414338.254, 598.56 W, 2572 MHz, 83
1791414338.784, 599.51 W, 2587 MHz, 85
1791414339.314, 598.89 W, 2572 MHz, 85
1791414339.848, 599.84 W, 2572 MHz, 84
1791414340.378, 600.46 W, 2587 MHz, 84
1791414340.912, 567.11 W, 2767 MHz, 83
1791414341.447, 516.60 W, 2827 MHz, 80
1791414341.976, 411.06 W, 2827 MHz, 80
1791414342.509, 268.01 W, 2745 MHz, 73
1791414343.040, 412.11 W, 2535 MHz, 82
1791414343.574, 607.44 W, 2527 MHz, 84
1791414344.106, 599.60 W, 2520 MHz, 84
1791414344.637, 600.50 W, 2527 MHz, 84
1791414345.170, 599.77 W, 2520 MHz, 84
1791414345.701, 599.99 W, 2520 MHz, 85
1791414346.235, 600.11 W, 2527 MHz, 85
1791414346.767, 600.23 W, 2512 MHz, 85
1791414347.298, 600.66 W, 2520 MHz, 85
1791414347.829, 599.97 W, 2512 MHz, 85
1791414348.360, 599.13 W, 2512 MHz, 85
1791414348.892, 600.10 W, 2512 MHz, 85
1791414349.425, 600.58 W, 2520 MHz, 84
1791414349.958, 600.30 W, 2527 MHz, 86
1791414350.490, 599.72 W, 2527 MHz, 86
1791414351.023, 599.48 W, 2520 MHz, 86
1791414351.555, 599.65 W, 2527 MHz, 86
1791414352.088, 581.96 W, 2632 MHz, 86
1791414352.621, 529.11 W, 2820 MHz, 81
1791414353.149, 461.48 W, 2827 MHz, 77
1791414353.680, 303.15 W, 2835 MHz, 73
1791414354.210, 390.91 W, 2565 MHz, 84
1791414354.743, 609.54 W, 2512 MHz, 84
1791414355.275, 599.57 W, 2520 MHz, 86
1791414355.807, 600.13 W, 2512 MHz, 86
1791414356.342, 600.73 W, 2512 MHz, 86
1791414356.872, 599.45 W, 2505 MHz, 86
1791414357.406, 599.79 W, 2512 MHz, 85
1791414357.939, 600.79 W, 2512 MHz, 85
1791414358.471, 600.53 W, 2512 MHz, 86
1791414359.005, 599.52 W, 2497 MHz, 87
1791414359.536, 599.72 W, 2505 MHz, 86
1791414360.068, 600.42 W, 2505 MHz, 86
1791414360.603, 600.04 W, 2497 MHz, 86
1791414361.135, 599.79 W, 2512 MHz, 86
1791414361.669, 599.11 W, 2512 MHz, 86
1791414362.203, 600.34 W, 2520 MHz, 85
1791414362.735, 600.08 W, 2520 MHz, 87
1791414363.272, 600.10 W, 2535 MHz, 87
1791414363.806, 550.83 W, 2820 MHz, 83
1791414364.335, 503.17 W, 2820 MHz, 82
1791414364.868, 474.65 W, 2827 MHz, 82
1791414365.402, 471.94 W, 2827 MHz, 82
1791414365.934, 490.96 W, 2827 MHz, 82
1791414366.467, 491.10 W, 2827 MHz, 82
1791414367.002, 491.17 W, 2827 MHz, 82
1791414367.537, 490.47 W, 2827 MHz, 82
1791414368.070, 490.26 W, 2827 MHz, 82
1791414368.603, 490.31 W, 2827 MHz, 82
1791414369.137, 489.91 W, 2827 MHz, 82
1791414369.672, 489.58 W, 2827 MHz, 82
1791414370.207, 488.98 W, 2827 MHz, 82
1791414370.739, 489.54 W, 2827 MHz, 82
1791414371.272, 489.87 W, 2827 MHz, 82
1791414371.807, 489.63 W, 2827 MHz, 82
1791414372.339, 489.53 W, 2827 MHz, 82
1791414372.873, 489.41 W, 2827 MHz, 82
1791414373.409, 489.26 W, 2827 MHz, 82
1791414373.943, 489.26 W, 2827 MHz, 82
1791414374.476, 489.18 W, 2827 MHz, 82
1791414375.011, 489.06 W, 2827 MHz, 82
1791414375.545, 489.48 W, 2827 MHz, 82
1791414376.078, 490.28 W, 2827 MHz, 82
1791414376.612, 490.32 W, 2827 MHz, 82
1791414377.144, 490.27 W, 2827 MHz, 82
1791414377.678, 489.99 W, 2827 MHz, 82
1791414378.212, 489.95 W, 2827 MHz, 82
1791414378.746, 490.24 W, 2827 MHz, 82
1791414379.281, 490.25 W, 2827 MHz, 82
1791414379.816, 489.61 W, 2827 MHz, 82
1791414380.350, 489.05 W, 2827 MHz, 82
1791414380.883, 488.44 W, 2827 MHz, 82
1791414381.416, 488.52 W, 2827 MHz, 82
1791414381.950, 488.49 W, 2827 MHz, 82
1791414382.486, 488.42 W, 2827 MHz, 82
1791414383.019, 488.79 W, 2827 MHz, 82
1791414383.552, 488.95 W, 2827 MHz, 82
1791414384.084, 488.87 W, 2827 MHz, 82
1791414384.617, 488.58 W, 2827 MHz, 82
1791414385.150, 488.20 W, 2827 MHz, 82
1791414385.686, 488.36 W, 2827 MHz, 82
1791414386.220, 488.85 W, 2827 MHz, 82
1791414386.754, 488.67 W, 2827 MHz, 82
1791414387.287, 488.85 W, 2827 MHz, 82
1791414387.822, 489.08 W, 2827 MHz, 82
1791414388.355, 488.83 W, 2827 MHz, 82
1791414388.891, 489.16 W, 2827 MHz, 82
1791414389.425, 489.27 W, 2827 MHz, 82
1791414389.959, 489.30 W, 2827 MHz, 82
1791414390.493, 489.54 W, 2827 MHz, 82
1791414391.026, 489.67 W, 2827 MHz, 82
1791414391.561, 489.75 W, 2827 MHz, 82
1791414392.095, 488.92 W, 2827 MHz, 82
1791414392.628, 488.50 W, 2827 MHz, 82
1791414393.163, 488.78 W, 2827 MHz, 82
1791414393.695, 489.16 W, 2827 MHz, 82
1791414394.229, 488.78 W, 2827 MHz, 82
1791414394.763, 488.67 W, 2827 MHz, 82
1791414395.298, 484.30 W, 2827 MHz, 82
1791414395.832, 484.34 W, 2827 MHz, 82
1791414396.365, 489.02 W, 2827 MHz, 82
1791414396.900, 489.10 W, 2827 MHz, 82
1791414397.434, 488.83 W, 2827 MHz, 82
1791414397.967, 489.20 W, 2827 MHz, 82
1791414398.500, 489.59 W, 2827 MHz, 82
1791414399.033, 489.52 W, 2827 MHz, 82
1791414399.565, 489.77 W, 2827 MHz, 82
1791414400.098, 489.96 W, 2827 MHz, 82
1791414400.629, 490.27 W, 2827 MHz, 82
1791414401.165, 490.44 W, 2827 MHz, 82
1791414401.699, 490.14 W, 2827 MHz, 82
1791414402.232, 490.51 W, 2827 MHz, 82
1791414402.765, 490.82 W, 2827 MHz, 82
1791414403.299, 490.94 W, 2827 MHz, 82
1791414403.831, 490.87 W, 2827 MHz, 82
1791414404.363, 490.78 W, 2827 MHz, 82
1791414404.897, 490.87 W, 2827 MHz, 82
1791414405.429, 491.12 W, 2827 MHz, 82
1791414405.964, 491.10 W, 2827 MHz, 82
1791414406.499, 490.84 W, 2827 MHz, 82
1791414407.033, 490.95 W, 2827 MHz, 82
1791414407.566, 491.13 W, 2827 MHz, 82
1791414408.100, 491.10 W, 2827 MHz, 82
1791414408.635, 490.89 W, 2827 MHz, 82
1791414409.168, 490.43 W, 2827 MHz, 82
1791414409.701, 490.75 W, 2827 MHz, 82
1791414410.235, 491.34 W, 2827 MHz, 82
1791414410.770, 490.83 W, 2827 MHz, 82
1791414411.304, 490.25 W, 2827 MHz, 82
1791414411.839, 490.38 W, 2827 MHz, 82
1791414412.373, 490.32 W, 2827 MHz, 82
1791414412.906, 489.83 W, 2827 MHz, 82
1791414413.438, 489.88 W, 2827 MHz, 82
1791414413.972, 490.10 W, 2827 MHz, 82
1791414414.505, 489.76 W, 2827 MHz, 82
1791414415.037, 490.17 W, 2827 MHz, 82
1791414415.569, 490.51 W, 2827 MHz, 82
1791414416.101, 490.74 W, 2827 MHz, 82
1791414416.632, 490.17 W, 2827 MHz, 82
1791414417.164, 490.10 W, 2827 MHz, 82
1791414417.697, 490.48 W, 2827 MHz, 82
1791414418.233, 490.62 W, 2827 MHz, 82
1791414418.765, 490.39 W, 2827 MHz, 82
1791414419.300, 490.10 W, 2827 MHz, 82
1791414419.835, 490.43 W, 2827 MHz, 82
1791414420.368, 489.96 W, 2827 MHz, 82
1791414420.902, 490.29 W, 2827 MHz, 82
1791414421.437, 490.88 W, 2827 MHz, 82
1791414421.969, 490.89 W, 2827 MHz, 82
1791414422.504, 491.12 W, 2827 MHz, 82
1791414423.040, 490.78 W, 2827 MHz, 82
1791414423.573, 490.55 W, 2827 MHz, 82
1791414424.105, 491.06 W, 2827 MHz, 82
1791414424.636, 487.12 W, 2827 MHz, 82
1791414425.170, 486.65 W, 2827 MHz, 82
1791414425.703, 490.17 W, 2827 MHz, 82
1791414426.237, 490.52 W, 2827 MHz, 82
1791414426.772, 490.86 W, 2827 MHz, 82
1791414427.305, 490.96 W, 2827 MHz, 82
1791414427.841, 490.62 W, 2827 MHz, 82
1791414428.374, 490.48 W, 2827 MHz, 82
1791414428.906, 490.84 W, 2827 MHz, 82
1791414429.441, 491.29 W, 2827 MHz, 82
1791414429.974, 491.77 W, 2827 MHz, 82
1791414430.509, 491.52 W, 2827 MHz, 82
1791414431.044, 491.09 W, 2827 MHz, 82
1791414431.578, 491.36 W, 2827 MHz, 82
1791414432.113, 491.61 W, 2827 MHz, 82
1791414432.645, 491.47 W, 2827 MHz, 82
1791414433.177, 491.31 W, 2827 MHz, 83
1791414433.710, 491.26 W, 2827 MHz, 83
1791414434.242, 491.06 W, 2827 MHz, 83
1791414434.777, 491.59 W, 2827 MHz, 83
1791414435.309, 491.95 W, 2827 MHz, 83
1791414435.843, 492.38 W, 2827 MHz, 83
1791414436.376, 492.73 W, 2827 MHz, 83
1791414436.910, 492.95 W, 2827 MHz, 83
1791414437.443, 493.16 W, 2827 MHz, 83
1791414437.978, 492.90 W, 2827 MHz, 83
1791414438.511, 493.29 W, 2827 MHz, 83
1791414439.045, 493.53 W, 2827 MHz, 83
1791414439.579, 493.75 W, 2827 MHz, 83
1791414440.114, 493.18 W, 2827 MHz, 83
1791414440.646, 492.44 W, 2827 MHz, 83
1791414441.181, 492.46 W, 2827 MHz, 83
1791414441.715, 492.26 W, 2827 MHz, 83
1791414442.251, 491.91 W, 2812 MHz, 83
1791414442.784, 491.63 W, 2812 MHz, 83
1791414443.316, 491.81 W, 2812 MHz, 83
1791414443.850, 492.01 W, 2812 MHz, 83
1791414444.383, 492.31 W, 2812 MHz, 83
1791414444.915, 492.31 W, 2812 MHz, 83
1791414445.448, 492.70 W, 2812 MHz, 83
1791414445.981, 493.00 W, 2812 MHz, 83
1791414446.514, 493.06 W, 2812 MHz, 83
1791414447.048, 493.15 W, 2812 MHz, 83
1791414447.580, 493.74 W, 2812 MHz, 83
1791414448.112, 493.66 W, 2812 MHz, 83
1791414448.646, 493.16 W, 2812 MHz, 83
1791414449.181, 493.59 W, 2812 MHz, 83
1791414449.716, 493.14 W, 2812 MHz, 83
1791414450.249, 492.83 W, 2812 MHz, 83
1791414450.780, 493.42 W, 2812 MHz, 83
1791414451.314, 493.53 W, 2812 MHz, 83
1791414451.846, 493.63 W, 2812 MHz, 83
1791414452.380, 493.52 W, 2812 MHz, 83
1791414452.914, 493.76 W, 2812 MHz, 83
1791414453.447, 493.62 W, 2812 MHz, 83
1791414453.980, 493.39 W, 2812 MHz, 83
1791414454.513, 491.34 W, 2812 MHz, 83
1791414455.047, 491.75 W, 2812 MHz, 83
1791414455.581, 493.63 W, 2812 MHz, 83
1791414456.115, 493.67 W, 2812 MHz, 83
1791414456.650, 493.96 W, 2812 MHz, 83
1791414457.183, 493.84 W, 2812 MHz, 83
1791414457.716, 494.02 W, 2812 MHz, 83
1791414458.250, 494.17 W, 2812 MHz, 83
1791414458.784, 494.52 W, 2812 MHz, 83
1791414459.318, 495.08 W, 2812 MHz, 83
1791414459.851, 495.07 W, 2812 MHz, 83
1791414460.385, 494.75 W, 2812 MHz, 83
1791414460.919, 495.07 W, 2812 MHz, 83
1791414461.451, 495.17 W, 2812 MHz, 83
1791414461.985, 494.71 W, 2812 MHz, 83
1791414462.518, 494.40 W, 2812 MHz, 83
1791414463.051, 494.28 W, 2812 MHz, 83
1791414463.583, 494.37 W, 2812 MHz, 84
1791414464.116, 494.20 W, 2812 MHz, 84
1791414464.651, 494.44 W, 2812 MHz, 84
1791414465.184, 495.25 W, 2812 MHz, 84
1791414465.718, 495.53 W, 2812 MHz, 84
1791414466.250, 495.90 W, 2812 MHz, 84
1791414466.784, 495.88 W, 2812 MHz, 84
1791414467.318, 495.86 W, 2812 MHz, 84
1791414467.852, 496.12 W, 2812 MHz, 84
1791414468.386, 496.30 W, 2812 MHz, 84
1791414468.921, 496.27 W, 2812 MHz, 84
1791414469.455, 496.28 W, 2812 MHz, 84
1791414469.989, 496.41 W, 2812 MHz, 84
1791414470.523, 496.01 W, 2812 MHz, 84
1791414471.057, 495.95 W, 2812 MHz, 84
1791414471.589, 495.95 W, 2812 MHz, 84
1791414472.123, 495.81 W, 2812 MHz, 84
1791414472.655, 495.64 W, 2812 MHz, 84
1791414473.188, 495.80 W, 2812 MHz, 84
1791414473.722, 495.61 W, 2812 MHz, 84
1791414474.254, 496.12 W, 2812 MHz, 84
1791414474.787, 495.48 W, 2812 MHz, 84
1791414475.319, 495.70 W, 2812 MHz, 84
1791414475.851, 495.70 W, 2812 MHz, 84
1791414476.385, 495.15 W, 2812 MHz, 84
1791414476.919, 494.95 W, 2812 MHz, 84
1791414477.454, 495.37 W, 2812 MHz, 84
1791414477.990, 495.73 W, 2812 MHz, 84
1791414478.524, 495.95 W, 2812 MHz, 84
1791414479.058, 496.38 W, 2812 MHz, 84
1791414479.591, 496.47 W, 2812 MHz, 84
1791414480.124, 496.34 W, 2812 MHz, 84
1791414480.657, 496.13 W, 2812 MHz, 84
1791414481.190, 496.95 W, 2812 MHz, 84
1791414481.723, 496.95 W, 2812 MHz, 84
1791414482.255, 496.30 W, 2812 MHz, 84
1791414482.787, 496.51 W, 2812 MHz, 84
1791414483.318, 496.81 W, 2812 MHz, 84
1791414483.850, 496.67 W, 2812 MHz, 84
1791414484.383, 496.60 W, 2812 MHz, 84
1791414484.915, 496.59 W, 2812 MHz, 84
1791414485.450, 492.61 W, 2812 MHz, 84
1791414485.983, 493.05 W, 2812 MHz, 84
1791414486.517, 496.35 W, 2812 MHz, 84
1791414487.051, 496.44 W, 2812 MHz, 84
1791414487.584, 496.68 W, 2812 MHz, 84
1791414488.118, 496.28 W, 2812 MHz, 84
1791414488.652, 496.58 W, 2812 MHz, 84
1791414489.186, 496.71 W, 2812 MHz, 84
1791414489.719, 497.01 W, 2812 MHz, 84
1791414490.253, 497.50 W, 2812 MHz, 84
1791414490.787, 497.96 W, 2812 MHz, 84
1791414491.322, 498.17 W, 2812 MHz, 84
1791414491.857, 498.11 W, 2812 MHz, 84
1791414492.391, 498.22 W, 2812 MHz, 84
1791414492.923, 498.28 W, 2812 MHz, 85
1791414493.459, 498.60 W, 2812 MHz, 84
1791414493.993, 498.79 W, 2812 MHz, 85
1791414494.525, 498.74 W, 2812 MHz, 84
1791414495.059, 498.26 W, 2812 MHz, 85
1791414495.592, 498.54 W, 2812 MHz, 85
1791414496.123, 499.08 W, 2812 MHz, 85
1791414496.658, 498.80 W, 2812 MHz, 85
1791414497.191, 498.57 W, 2812 MHz, 85
1791414497.725, 498.75 W, 2812 MHz, 85
1791414498.258, 499.31 W, 2812 MHz, 85
1791414498.790, 499.30 W, 2812 MHz, 85
1791414499.323, 499.47 W, 2812 MHz, 85
1791414499.857, 499.94 W, 2812 MHz, 85
1791414500.391, 500.31 W, 2812 MHz, 85
1791414500.923, 500.27 W, 2812 MHz, 85
1791414501.458, 499.58 W, 2812 MHz, 85
1791414501.991, 498.92 W, 2812 MHz, 85
1791414502.524, 498.87 W, 2812 MHz, 85
1791414503.056, 498.65 W, 2812 MHz, 85
1791414503.589, 498.95 W, 2812 MHz, 85
1791414504.122, 498.91 W, 2812 MHz, 85
1791414504.656, 499.37 W, 2812 MHz, 85
1791414505.189, 499.27 W, 2812 MHz, 85
1791414505.722, 499.29 W, 2812 MHz, 85
1791414506.255, 499.70 W, 2812 MHz, 85
1791414506.790, 499.68 W, 2812 MHz, 85
1791414507.322, 499.61 W, 2812 MHz, 85
1791414507.855, 499.50 W, 2812 MHz, 85
1791414508.390, 499.94 W, 2812 MHz, 85
1791414508.924, 499.91 W, 2812 MHz, 85
1791414509.457, 500.36 W, 2812 MHz, 85
1791414509.990, 500.43 W, 2812 MHz, 85
1791414510.524, 500.87 W, 2812 MHz, 85
1791414511.059, 500.95 W, 2812 MHz, 85
1791414511.594, 500.59 W, 2812 MHz, 85
1791414512.129, 500.05 W, 2812 MHz, 85
1791414512.664, 499.98 W, 2812 MHz, 85
1791414513.198, 500.02 W, 2812 MHz, 85
1791414513.732, 500.58 W, 2812 MHz, 85
1791414514.266, 501.22 W, 2812 MHz, 85
1791414514.800, 501.16 W, 2812 MHz, 85
1791414515.329, 442.35 W, 2820 MHz, 85
1791414515.856, 285.70 W, 2835 MHz, 78
1791414516.385, 156.56 W, 2835 MHz, 77
1791414516.914, 156.56 W, 2835 MHz, 77
1791414517.443, 135.00 W, 2752 MHz, 75
1791414517.971, 135.00 W, 2752 MHz, 75
1791414518.501, 122.63 W, 2610 MHz, 74
1791414519.031, 122.63 W, 2610 MHz, 74
1791414519.560, 109.64 W, 2610 MHz, 74
1791414520.090, 108.92 W, 2610 MHz, 74
1791414520.618, 108.92 W, 2610 MHz, 73
1791414521.146, 108.61 W, 2610 MHz, 72
1791414521.676, 108.61 W, 2610 MHz, 72
1791414522.205, 108.47 W, 2610 MHz, 72
1791414522.734, 108.47 W, 2610 MHz, 72
1791414523.263, 108.23 W, 2610 MHz, 71
1791414523.793, 108.23 W, 2610 MHz, 71
1791414524.322, 108.05 W, 2610 MHz, 71
1791414524.851, 108.05 W, 2610 MHz, 71
1791414525.380, 107.85 W, 2610 MHz, 70
1791414525.909, 107.85 W, 2610 MHz, 70
1791414526.439, 107.45 W, 2610 MHz, 70
1791414526.967, 107.45 W, 2610 MHz, 70
1791414527.496, 107.44 W, 2610 MHz, 69
1791414528.027, 107.44 W, 2610 MHz, 69
1791414528.556, 107.08 W, 2610 MHz, 69
1791414529.086, 106.39 W, 2610 MHz, 69
1791414529.614, 106.39 W, 2610 MHz, 69
1791414530.143, 106.18 W, 2610 MHz, 68
1791414530.673, 106.18 W, 2610 MHz, 68
1791414531.201, 106.02 W, 2610 MHz, 68
1791414531.732, 106.02 W, 2610 MHz, 68
1791414532.262, 105.55 W, 2610 MHz, 67
1791414532.793, 105.55 W, 2610 MHz, 67
1791414533.322, 93.69 W, 457 MHz, 66
1791414533.851, 93.69 W, 457 MHz, 66
1791414534.382, 66.62 W, 285 MHz, 66
1791414534.914, 66.62 W, 285 MHz, 66
1791414535.446, 65.43 W, 180 MHz, 65
1791414535.976, 65.43 W, 180 MHz, 65
1791414536.508, 55.96 W, 180 MHz, 65
1791414537.042, 55.96 W, 180 MHz, 65
1791414537.577, 47.84 W, 180 MHz, 64
1791414538.112, 45.44 W, 172 MHz, 64
1791414538.647, 45.44 W, 172 MHz, 64
1791414539.183, 45.87 W, 180 MHz, 63
1791414539.721, 45.87 W, 180 MHz, 63
1791414540.257, 45.63 W, 180 MHz, 63
1791414540.795, 45.63 W, 180 MHz, 63
1791414541.331, 44.81 W, 180 MHz, 63
1791414541.866, 44.81 W, 180 MHz, 63
1791414542.401, 43.87 W, 180 MHz, 62
1791414542.937, 43.87 W, 180 MHz, 62
1791414543.472, 43.67 W, 180 MHz, 62
1791414544.008, 43.67 W, 180 MHz, 62
1791414544.543, 43.48 W, 180 MHz, 62
1791414545.079, 43.48 W, 180 MHz, 62
1791414545.609, 43.31 W, 180 MHz, 61
1791414546.139, 49.63 W, 2197 MHz, 61
1791414546.670, 49.63 W, 2197 MHz, 61
1791414547.200, 54.52 W, 2197 MHz, 61
1791414547.731, 54.52 W, 2197 MHz, 61
1791414548.260, 54.33 W, 2197 MHz, 61
1791414548.791, 54.33 W, 2197 MHz, 61
1791414549.320, 54.07 W, 2197 MHz, 60
1791414549.850, 54.07 W, 2197 MHz, 60
1791414550.378, 53.87 W, 2197 MHz, 60
1791414550.908, 53.87 W, 2197 MHz, 60
1791414551.439, 53.75 W, 2197 MHz, 60
1791414551.969, 53.75 W, 2197 MHz, 60
1791414552.499, 53.54 W, 2197 MHz, 60
1791414553.029, 53.54 W, 2197 MHz, 60
1791414553.559, 53.52 W, 2197 MHz, 59
1791414554.088, 53.35 W, 2197 MHz, 59
1791414554.618, 53.35 W, 2197 MHz, 59
1791414555.149, 52.97 W, 2197 MHz, 59
1791414555.680, 52.97 W, 2197 MHz, 59
1791414556.209, 52.72 W, 2197 MHz, 59
1791414556.739, 52.72 W, 2197 MHz, 59
1791414557.269, 52.62 W, 2197 MHz, 58
1791414557.798, 52.62 W, 2197 MHz, 58
1791414558.328, 52.36 W, 2197 MHz, 58
1791414558.858, 52.36 W, 2197 MHz, 58
1791414559.391, 52.08 W, 2197 MHz, 58
1791414559.920, 52.08 W, 2197 MHz, 58
1791414560.450, 51.34 W, 2197 MHz, 58
1791414560.981, 51.34 W, 2197 MHz, 58
1791414561.510, 51.61 W, 2197 MHz, 57
1791414562.040, 51.61 W, 2197 MHz, 57
1791414562.570, 51.42 W, 2197 MHz, 57
1791414563.101, 51.21 W, 2197 MHz, 57
1791414563.631, 51.21 W, 2197 MHz, 57
1791414564.160, 51.01 W, 2197 MHz, 57
1791414564.689, 51.01 W, 2197 MHz, 57
1791414565.219, 50.48 W, 2197 MHz, 56
1791414565.748, 50.48 W, 2197 MHz, 56
1791414566.277, 50.46 W, 2197 MHz, 56
1791414566.808, 50.46 W, 2197 MHz, 56
1791414567.337, 50.34 W, 2197 MHz, 56
1791414567.867, 50.34 W, 2197 MHz, 56
1791414568.394, 50.15 W, 2197 MHz, 56
1791414568.924, 50.15 W, 2197 MHz, 56
1791414569.453, 50.09 W, 2197 MHz, 56
1791414569.984, 50.09 W, 2197 MHz, 56
1791414570.513, 49.96 W, 2197 MHz, 55
1791414571.042, 49.96 W, 2197 MHz, 55
1791414571.573, 49.62 W, 2197 MHz, 55
1791414572.102, 49.65 W, 2197 MHz, 55
1791414572.631, 49.65 W, 2197 MHz, 55
1791414573.160, 49.51 W, 2197 MHz, 55
1791414573.690, 49.51 W, 2197 MHz, 55
1791414574.220, 49.37 W, 2197 MHz, 55
1791414574.751, 49.37 W, 2197 MHz, 55
1791414575.281, 49.23 W, 2197 MHz, 54
1791414575.810, 49.23 W, 2197 MHz, 54
1791414576.339, 49.05 W, 2197 MHz, 54
1791414576.869, 49.05 W, 2197 MHz, 54
1791414577.397, 48.45 W, 2197 MHz, 54
1791414577.927, 48.45 W, 2197 MHz, 54
1791414578.456, 48.33 W, 2197 MHz, 54
1791414578.985, 48.33 W, 2197 MHz, 54
1791414579.514, 48.53 W, 2197 MHz, 54
1791414580.044, 48.53 W, 2197 MHz, 54
1791414580.573, 48.64 W, 2197 MHz, 54
1791414581.102, 48.38 W, 2197 MHz, 54
1791414581.632, 48.38 W, 2197 MHz, 53
1791414582.162, 47.93 W, 2197 MHz, 53
1791414582.691, 47.93 W, 2197 MHz, 53
1791414583.221, 47.77 W, 2197 MHz, 53
1791414583.751, 47.77 W, 2197 MHz, 53
1791414584.282, 47.68 W, 2197 MHz, 53
1791414584.812, 47.68 W, 2197 MHz, 53
1791414585.342, 47.62 W, 2197 MHz, 53
1791414585.872, 47.62 W, 2197 MHz, 53
1791414586.402, 47.05 W, 2197 MHz, 53
1791414586.932, 47.05 W, 2197 MHz, 53
1791414587.462, 47.28 W, 2197 MHz, 52
1791414587.991, 47.28 W, 2197 MHz, 52
1791414588.521, 47.46 W, 2197 MHz, 52
1791414589.050, 47.46 W, 2197 MHz, 52
1791414589.583, 47.62 W, 2197 MHz, 52
1791414590.114, 47.39 W, 2197 MHz, 52
1791414590.645, 47.39 W, 2197 MHz, 52
1791414591.174, 47.40 W, 2197 MHz, 52
1791414591.704, 47.40 W, 2197 MHz, 52
1791414592.233, 47.34 W, 2197 MHz, 52
1791414592.763, 47.34 W, 2197 MHz, 52
1791414593.293, 47.12 W, 2197 MHz, 52
1791414593.824, 47.12 W, 2197 MHz, 52
1791414594.355, 47.08 W, 2197 MHz, 51
1791414594.886, 47.08 W, 2197 MHz, 51
1791414595.416, 47.12 W, 2197 MHz, 51
1791414595.946, 47.12 W, 2197 MHz, 51
1791414596.476, 47.11 W, 2197 MHz, 51
1791414597.008, 47.11 W, 2197 MHz, 51
1791414597.537, 47.35 W, 2197 MHz, 51
1791414598.069, 47.35 W, 2197 MHz, 51
1791414598.599, 46.91 W, 2197 MHz, 51
1791414599.130, 46.83 W, 2197 MHz, 51
1791414599.660, 46.83 W, 2197 MHz, 51
1791414600.190, 46.71 W, 2197 MHz, 51
1791414600.720, 46.71 W, 2197 MHz, 51
1791414601.249, 46.45 W, 2197 MHz, 50
1791414601.780, 46.45 W, 2197 MHz, 50
1791414602.311, 46.31 W, 2197 MHz, 50
1791414602.840, 46.31 W, 2197 MHz, 50
1791414603.370, 46.23 W, 2197 MHz, 50
1791414603.901, 46.23 W, 2197 MHz, 50
1791414604.432, 46.26 W, 2197 MHz, 50
1791414604.963, 46.26 W, 2197 MHz, 50
1791414605.493, 46.45 W, 2197 MHz, 50
1791414606.022, 46.45 W, 2197 MHz, 50
1791414606.552, 46.52 W, 2197 MHz, 50
1791414607.083, 46.09 W, 2197 MHz, 50
1791414607.613, 46.09 W, 2197 MHz, 50
1791414608.145, 46.09 W, 2197 MHz, 50
1791414608.675, 46.09 W, 2197 MHz, 50
1791414609.204, 46.06 W, 2197 MHz, 49
1791414609.735, 46.06 W, 2197 MHz, 49
1791414610.264, 45.94 W, 2197 MHz, 49
1791414610.792, 45.94 W, 2197 MHz, 49
1791414611.321, 45.80 W, 2197 MHz, 49
1791414611.850, 45.80 W, 2197 MHz, 49
1791414612.379, 45.71 W, 2197 MHz, 49
1791414612.909, 45.71 W, 2197 MHz, 49
1791414613.441, 45.69 W, 2197 MHz, 49
1791414613.971, 45.69 W, 2197 MHz, 49
1791414614.501, 45.56 W, 2197 MHz, 49
1791414615.032, 45.56 W, 2197 MHz, 49
1791414615.561, 45.48 W, 2197 MHz, 49
1791414616.092, 45.35 W, 2197 MHz, 49
1791414616.622, 45.35 W, 2197 MHz, 49
1791414617.152, 45.49 W, 2197 MHz, 49
1791414617.681, 45.49 W, 2197 MHz, 49
1791414618.212, 45.61 W, 2197 MHz, 48
1791414618.741, 45.61 W, 2197 MHz, 48
1791414619.270, 45.61 W, 2197 MHz, 48
1791414619.799, 45.61 W, 2197 MHz, 48
1791414620.328, 45.56 W, 2197 MHz, 48
1791414620.858, 45.56 W, 2197 MHz, 48
1791414621.387, 45.27 W, 2197 MHz, 48
1791414621.917, 45.27 W, 2197 MHz, 48
1791414622.448, 45.28 W, 2197 MHz, 48
1791414622.978, 45.28 W, 2197 MHz, 48
1791414623.508, 45.27 W, 2197 MHz, 48
1791414624.038, 45.27 W, 2197 MHz, 48
1791414624.569, 45.34 W, 2197 MHz, 48
1791414625.100, 45.24 W, 2197 MHz, 48
1791414625.631, 45.24 W, 2197 MHz, 48
1791414626.162, 45.28 W, 2197 MHz, 48
1791414626.692, 45.28 W, 2197 MHz, 48
1791414627.223, 45.14 W, 2197 MHz, 48
1791414627.753, 45.14 W, 2197 MHz, 48
1791414628.281, 45.14 W, 2197 MHz, 47
1791414628.813, 45.14 W, 2197 MHz, 47
1791414629.343, 45.11 W, 2197 MHz, 47
1791414629.874, 45.11 W, 2197 MHz, 47
1791414630.405, 45.04 W, 2197 MHz, 47
1791414630.934, 45.04 W, 2197 MHz, 47
1791414631.463, 44.88 W, 2197 MHz, 47
1791414631.993, 44.88 W, 2197 MHz, 47
1791414632.523, 44.85 W, 2197 MHz, 47
1791414633.053, 44.85 W, 2197 MHz, 47
1791414633.583, 44.92 W, 2197 MHz, 47
1791414634.113, 44.90 W, 2197 MHz, 47
1791414634.642, 44.90 W, 2197 MHz, 47
1791414635.173, 44.81 W, 2197 MHz, 47
1791414635.700, 44.81 W, 2197 MHz, 47
1791414636.232, 137.02 W, 2197 MHz, 56
1791414636.763, 237.83 W, 2167 MHz, 57
1791414637.293, 462.72 W, 2167 MHz, 57
1791414637.825, 464.55 W, 2167 MHz, 57
1791414638.359, 463.67 W, 2167 MHz, 59
1791414638.892, 464.30 W, 2167 MHz, 60
1791414639.424, 465.10 W, 2167 MHz, 60
1791414639.958, 464.64 W, 2167 MHz, 61
1791414640.490, 465.73 W, 2167 MHz, 61
1791414641.020, 465.81 W, 2167 MHz, 61
1791414641.551, 466.46 W, 2167 MHz, 61
1791414642.082, 467.25 W, 2167 MHz, 61
1791414642.613, 467.63 W, 2167 MHz, 60
1791414643.145, 467.95 W, 2167 MHz, 62
1791414643.676, 467.85 W, 2167 MHz, 62
1791414644.208, 466.32 W, 2167 MHz, 62
1791414644.739, 463.72 W, 2175 MHz, 63
1791414645.274, 464.50 W, 2175 MHz, 63
1791414645.805, 464.83 W, 2175 MHz, 63
1791414646.338, 459.54 W, 2167 MHz, 62
1791414646.872, 386.40 W, 2197 MHz, 58
1791414647.402, 304.29 W, 2197 MHz, 58
1791414647.929, 206.64 W, 2197 MHz, 54
1791414648.458, 85.29 W, 2197 MHz, 53
1791414648.986, 85.29 W, 2197 MHz, 53
1791414649.513, 79.36 W, 2197 MHz, 53
1791414650.060, 79.36 W, 2197 MHz, 53
1791414650.588, 79.23 W, 2197 MHz, 53
1791414651.115, 79.23 W, 2197 MHz, 52
1791414651.646, 158.87 W, 2182 MHz, 52
1791414652.179, 249.51 W, 2167 MHz, 62
1791414652.709, 469.52 W, 2167 MHz, 63
1791414653.241, 469.22 W, 2167 MHz, 64
1791414653.772, 468.83 W, 2167 MHz, 64
1791414654.302, 469.44 W, 2167 MHz, 64
1791414654.834, 470.24 W, 2167 MHz, 65
1791414655.365, 469.92 W, 2167 MHz, 65
1791414655.896, 471.50 W, 2167 MHz, 65
1791414656.428, 472.15 W, 2167 MHz, 65
1791414656.959, 472.83 W, 2167 MHz, 65
1791414657.491, 473.95 W, 2167 MHz, 66
1791414658.022, 474.29 W, 2167 MHz, 66
1791414658.554, 474.39 W, 2167 MHz, 66
1791414659.085, 472.80 W, 2167 MHz, 67
1791414659.615, 470.93 W, 2167 MHz, 67
1791414660.146, 469.83 W, 2167 MHz, 67
1791414660.677, 470.62 W, 2167 MHz, 67
1791414661.210, 470.78 W, 2167 MHz, 67
1791414661.743, 470.12 W, 2167 MHz, 66
1791414662.278, 469.08 W, 2167 MHz, 67
1791414662.810, 471.58 W, 2167 MHz, 67
1791414663.343, 472.52 W, 2167 MHz, 67
1791414663.874, 471.43 W, 2167 MHz, 68
1791414664.409, 473.22 W, 2167 MHz, 68
1791414664.939, 472.10 W, 2167 MHz, 68
1791414665.471, 472.15 W, 2175 MHz, 69
1791414666.003, 473.97 W, 2167 MHz, 69
1791414666.532, 473.73 W, 2167 MHz, 69
1791414667.061, 474.71 W, 2167 MHz, 67
1791414667.594, 473.56 W, 2167 MHz, 69
1791414668.127, 472.56 W, 2175 MHz, 69
1791414668.657, 470.98 W, 2175 MHz, 69
1791414669.189, 472.51 W, 2175 MHz, 70
1791414669.719, 471.22 W, 2175 MHz, 70
1791414670.252, 471.39 W, 2167 MHz, 70
1791414670.785, 472.87 W, 2167 MHz, 70
1791414671.317, 472.40 W, 2175 MHz, 70
1791414671.848, 473.55 W, 2175 MHz, 70
1791414672.381, 474.30 W, 2175 MHz, 71
1791414672.912, 473.49 W, 2167 MHz, 71
1791414673.443, 474.36 W, 2167 MHz, 71
1791414673.976, 474.31 W, 2167 MHz, 71
1791414674.509, 473.97 W, 2175 MHz, 72
1791414675.041, 474.70 W, 2175 MHz, 71
1791414675.572, 474.13 W, 2167 MHz, 72
1791414676.105, 474.58 W, 2175 MHz, 71
1791414676.636, 472.96 W, 2175 MHz, 71
1791414677.167, 472.25 W, 2175 MHz, 72
1791414677.698, 472.17 W, 2175 MHz, 71
1791414678.230, 472.96 W, 2167 MHz, 72
1791414678.761, 474.05 W, 2175 MHz, 72
1791414679.293, 473.36 W, 2175 MHz, 73
1791414679.825, 475.82 W, 2175 MHz, 72
1791414680.357, 473.60 W, 2167 MHz, 72
1791414680.890, 473.67 W, 2175 MHz, 72
1791414681.422, 474.60 W, 2175 MHz, 73
1791414681.954, 475.91 W, 2167 MHz, 73
1791414682.486, 476.40 W, 2167 MHz, 73
1791414683.018, 477.00 W, 2175 MHz, 73
1791414683.550, 477.31 W, 2167 MHz, 74
1791414684.081, 478.63 W, 2167 MHz, 73
1791414684.613, 475.83 W, 2175 MHz, 73
1791414685.145, 473.48 W, 2175 MHz, 74
1791414685.676, 473.12 W, 2167 MHz, 73
1791414686.208, 472.74 W, 2175 MHz, 73
1791414686.738, 472.73 W, 2175 MHz, 74
1791414687.270, 472.41 W, 2175 MHz, 74
1791414687.801, 472.73 W, 2175 MHz, 73
1791414688.334, 473.69 W, 2175 MHz, 74
1791414688.868, 474.35 W, 2175 MHz, 73
1791414689.399, 474.57 W, 2175 MHz, 74
1791414689.929, 473.76 W, 2175 MHz, 75
1791414690.459, 474.09 W, 2167 MHz, 75
1791414690.992, 475.59 W, 2175 MHz, 75
1791414691.524, 475.68 W, 2175 MHz, 75
1791414692.054, 473.56 W, 2175 MHz, 75
1791414692.583, 473.68 W, 2175 MHz, 75
1791414693.114, 474.53 W, 2175 MHz, 75
1791414693.644, 475.52 W, 2175 MHz, 75
1791414694.175, 471.39 W, 2175 MHz, 75
1791414694.704, 469.61 W, 2175 MHz, 75
1791414695.234, 470.68 W, 2175 MHz, 76
1791414695.765, 472.82 W, 2175 MHz, 75
1791414696.295, 471.47 W, 2167 MHz, 75
1791414696.827, 417.25 W, 2197 MHz, 71
1791414697.362, 349.21 W, 2197 MHz, 70
1791414697.890, 243.25 W, 2197 MHz, 67
1791414698.418, 144.71 W, 2197 MHz, 65
1791414698.947, 123.50 W, 2197 MHz, 65
1791414699.475, 123.50 W, 2197 MHz, 65
1791414700.005, 88.33 W, 2197 MHz, 64
1791414700.534, 88.04 W, 2197 MHz, 64
1791414701.061, 88.04 W, 2197 MHz, 64
1791414701.596, 112.35 W, 2197 MHz, 64
1791414702.127, 228.59 W, 2167 MHz, 70
1791414702.659, 484.67 W, 2167 MHz, 73
1791414703.191, 485.68 W, 2167 MHz, 74
1791414703.723, 486.03 W, 2167 MHz, 74
1791414704.253, 486.35 W, 2167 MHz, 74
1791414704.784, 487.37 W, 2167 MHz, 75
1791414705.315, 487.73 W, 2167 MHz, 75
1791414705.845, 487.39 W, 2167 MHz, 75
1791414706.377, 487.33 W, 2167 MHz, 75
1791414706.907, 488.78 W, 2167 MHz, 75
1791414707.441, 490.64 W, 2167 MHz, 75
1791414707.972, 491.19 W, 2167 MHz, 76
1791414708.501, 490.64 W, 2167 MHz, 76
1791414709.032, 489.68 W, 2167 MHz, 76
1791414709.563, 488.00 W, 2167 MHz, 76
1791414710.095, 486.07 W, 2167 MHz, 76
1791414710.628, 485.39 W, 2167 MHz, 77
1791414711.161, 486.14 W, 2167 MHz, 77
1791414711.693, 487.61 W, 2167 MHz, 77
1791414712.228, 485.55 W, 2167 MHz, 77
1791414712.759, 485.80 W, 2167 MHz, 76
1791414713.291, 487.76 W, 2167 MHz, 77
1791414713.823, 486.17 W, 2167 MHz, 76
1791414714.356, 486.55 W, 2167 MHz, 77
1791414714.886, 488.50 W, 2167 MHz, 77
1791414715.417, 488.29 W, 2167 MHz, 78
1791414715.950, 486.69 W, 2167 MHz, 77
1791414716.481, 487.22 W, 2167 MHz, 78
1791414717.015, 489.66 W, 2167 MHz, 78
1791414717.549, 489.43 W, 2167 MHz, 78
1791414718.080, 487.78 W, 2167 MHz, 77
1791414718.615, 486.74 W, 2167 MHz, 77
1791414719.148, 486.82 W, 2167 MHz, 77
1791414719.678, 485.15 W, 2167 MHz, 79
1791414720.209, 486.68 W, 2167 MHz, 78
1791414720.739, 486.94 W, 2167 MHz, 77
1791414721.273, 487.77 W, 2167 MHz, 78
1791414721.807, 485.84 W, 2167 MHz, 78
1791414722.338, 487.45 W, 2167 MHz, 79
1791414722.870, 488.07 W, 2167 MHz, 78
1791414723.403, 488.02 W, 2167 MHz, 78
1791414723.933, 488.92 W, 2167 MHz, 78
1791414724.466, 489.11 W, 2167 MHz, 78
1791414724.999, 488.62 W, 2167 MHz, 79
1791414725.532, 488.17 W, 2167 MHz, 79
1791414726.065, 487.43 W, 2167 MHz, 79
1791414726.595, 486.67 W, 2167 MHz, 79
1791414727.128, 485.58 W, 2167 MHz, 79
1791414727.659, 485.24 W, 2167 MHz, 79
1791414728.190, 485.26 W, 2167 MHz, 79
1791414728.723, 486.37 W, 2167 MHz, 79
1791414729.254, 486.67 W, 2167 MHz, 79
1791414729.784, 486.71 W, 2167 MHz, 79
1791414730.315, 486.43 W, 2167 MHz, 79
1791414730.847, 485.33 W, 2167 MHz, 79
1791414731.377, 486.58 W, 2167 MHz, 79
1791414731.909, 484.88 W, 2167 MHz, 79
1791414732.440, 487.88 W, 2167 MHz, 79
1791414732.972, 490.64 W, 2167 MHz, 80
1791414733.503, 488.66 W, 2167 MHz, 80
1791414734.034, 487.38 W, 2167 MHz, 80
1791414734.564, 487.29 W, 2167 MHz, 80
1791414735.094, 485.47 W, 2167 MHz, 80
1791414735.627, 485.55 W, 2167 MHz, 80
1791414736.158, 484.81 W, 2167 MHz, 80
1791414736.691, 483.94 W, 2167 MHz, 80
1791414737.224, 482.89 W, 2175 MHz, 80
1791414737.756, 483.65 W, 2167 MHz, 80
1791414738.290, 483.28 W, 2167 MHz, 80
1791414738.822, 484.98 W, 2167 MHz, 81
1791414739.353, 483.62 W, 2167 MHz, 80
1791414739.884, 484.20 W, 2167 MHz, 81
1791414740.414, 485.33 W, 2167 MHz, 80
1791414740.944, 485.36 W, 2167 MHz, 80
1791414741.475, 485.86 W, 2167 MHz, 81
1791414742.007, 485.76 W, 2167 MHz, 81
1791414742.538, 485.43 W, 2167 MHz, 80
1791414743.071, 485.11 W, 2175 MHz, 81
1791414743.603, 485.29 W, 2167 MHz, 81
1791414744.135, 482.99 W, 2167 MHz, 81
1791414744.666, 481.93 W, 2175 MHz, 81
1791414745.198, 481.01 W, 2167 MHz, 80
1791414745.732, 481.73 W, 2167 MHz, 81
1791414746.264, 479.96 W, 2167 MHz, 81
1791414746.797, 462.12 W, 2175 MHz, 79
1791414747.332, 395.35 W, 2197 MHz, 75
1791414747.860, 330.10 W, 2197 MHz, 75
1791414748.389, 200.46 W, 2197 MHz, 71
1791414748.920, 239.51 W, 2167 MHz, 78
1791414749.451, 443.10 W, 2160 MHz, 80
1791414749.982, 496.54 W, 2167 MHz, 80
1791414750.515, 497.02 W, 2167 MHz, 80
1791414751.048, 498.41 W, 2167 MHz, 81
1791414751.581, 498.63 W, 2160 MHz, 81
1791414752.113, 499.72 W, 2167 MHz, 81
1791414752.644, 498.82 W, 2160 MHz, 81
1791414753.175, 498.53 W, 2160 MHz, 81
1791414753.709, 499.48 W, 2160 MHz, 81
1791414754.239, 500.58 W, 2160 MHz, 81
1791414754.770, 500.54 W, 2160 MHz, 81
1791414755.301, 500.65 W, 2167 MHz, 82
1791414755.832, 500.07 W, 2167 MHz, 82
1791414756.364, 501.79 W, 2167 MHz, 82
1791414756.894, 497.09 W, 2167 MHz, 82
1791414757.426, 496.32 W, 2167 MHz, 82
1791414757.958, 496.42 W, 2167 MHz, 82
1791414758.491, 498.25 W, 2167 MHz, 82
1791414759.025, 481.16 W, 2175 MHz, 82
1791414759.558, 405.91 W, 2197 MHz, 77
1791414760.087, 318.83 W, 2197 MHz, 76
1791414760.616, 212.37 W, 2197 MHz, 72
1791414761.149, 238.22 W, 2160 MHz, 71
1791414761.683, 481.64 W, 2160 MHz, 80
1791414762.215, 498.96 W, 2167 MHz, 81
1791414762.746, 499.02 W, 2160 MHz, 81
1791414763.278, 499.21 W, 2160 MHz, 81
1791414763.809, 501.02 W, 2160 MHz, 82
1791414764.341, 501.50 W, 2160 MHz, 82
1791414764.872, 501.66 W, 2160 MHz, 82
1791414765.405, 500.36 W, 2160 MHz, 82
1791414765.938, 501.24 W, 2160 MHz, 82
1791414766.473, 502.19 W, 2160 MHz, 82
1791414767.005, 502.43 W, 2160 MHz, 82
1791414767.536, 502.33 W, 2160 MHz, 82
1791414768.069, 501.76 W, 2160 MHz, 82
1791414768.602, 503.01 W, 2160 MHz, 83
1791414769.134, 498.53 W, 2167 MHz, 82
1791414769.667, 497.25 W, 2160 MHz, 82
1791414770.201, 499.68 W, 2160 MHz, 83
1791414770.733, 498.94 W, 2160 MHz, 83
1791414771.266, 483.35 W, 2182 MHz, 79
1791414771.801, 391.36 W, 2197 MHz, 77
1791414772.334, 319.61 W, 2197 MHz, 76
1791414772.866, 316.73 W, 2197 MHz, 76
1791414773.399, 324.44 W, 2197 MHz, 76
1791414773.933, 325.65 W, 2197 MHz, 76
1791414774.468, 325.43 W, 2197 MHz, 75
1791414775.001, 325.17 W, 2197 MHz, 75
1791414775.535, 324.85 W, 2197 MHz, 75
1791414776.069, 324.80 W, 2197 MHz, 75
1791414776.603, 324.59 W, 2197 MHz, 75
1791414777.137, 324.10 W, 2197 MHz, 75
1791414777.670, 323.95 W, 2197 MHz, 75
1791414778.204, 324.16 W, 2197 MHz, 75
1791414778.739, 324.08 W, 2197 MHz, 75
1791414779.274, 324.09 W, 2197 MHz, 74
1791414779.808, 324.13 W, 2197 MHz, 74
1791414780.340, 323.82 W, 2197 MHz, 74
1791414780.872, 323.79 W, 2197 MHz, 74
1791414781.404, 323.68 W, 2197 MHz, 74
1791414781.937, 323.27 W, 2197 MHz, 74
1791414782.470, 322.85 W, 2197 MHz, 74
1791414783.002, 322.90 W, 2197 MHz, 74
1791414783.536, 323.11 W, 2197 MHz, 74
1791414784.068, 322.92 W, 2197 MHz, 74
1791414784.604, 323.23 W, 2197 MHz, 74
1791414785.138, 323.27 W, 2197 MHz, 74
1791414785.671, 322.95 W, 2197 MHz, 73
1791414786.205, 322.29 W, 2197 MHz, 73
1791414786.739, 322.25 W, 2197 MHz, 73
1791414787.274, 322.45 W, 2197 MHz, 73
1791414787.807, 322.72 W, 2197 MHz, 73
1791414788.340, 323.05 W, 2197 MHz, 73
1791414788.875, 322.74 W, 2197 MHz, 73
1791414789.409, 321.82 W, 2197 MHz, 73
1791414789.943, 321.48 W, 2197 MHz, 73
1791414790.476, 320.99 W, 2197 MHz, 73
1791414791.010, 320.79 W, 2197 MHz, 73
1791414791.544, 320.77 W, 2197 MHz, 73
1791414792.077, 320.82 W, 2197 MHz, 73
1791414792.611, 320.86 W, 2197 MHz, 73
1791414793.145, 320.61 W, 2197 MHz, 73
1791414793.677, 320.66 W, 2197 MHz, 73
1791414794.212, 320.77 W, 2197 MHz, 72
1791414794.744, 320.74 W, 2197 MHz, 72
1791414795.279, 320.54 W, 2197 MHz, 72
1791414795.813, 320.44 W, 2197 MHz, 72
1791414796.346, 320.82 W, 2197 MHz, 72
1791414796.879, 320.89 W, 2197 MHz, 72
1791414797.413, 320.68 W, 2197 MHz, 72
1791414797.947, 320.44 W, 2197 MHz, 72
1791414798.482, 320.07 W, 2197 MHz, 72
1791414799.016, 320.17 W, 2197 MHz, 72
1791414799.550, 320.50 W, 2197 MHz, 72
1791414800.083, 320.19 W, 2197 MHz, 72
1791414800.617, 319.55 W, 2197 MHz, 72
1791414801.152, 319.35 W, 2197 MHz, 72
1791414801.686, 319.33 W, 2197 MHz, 72
1791414802.219, 319.35 W, 2197 MHz, 72
1791414802.751, 318.01 W, 2197 MHz, 71
1791414803.284, 319.57 W, 2197 MHz, 71
1791414803.817, 319.72 W, 2197 MHz, 71
1791414804.350, 319.59 W, 2197 MHz, 71
1791414804.882, 319.46 W, 2197 MHz, 71
1791414805.416, 319.19 W, 2197 MHz, 71
1791414805.948, 319.09 W, 2197 MHz, 71
1791414806.481, 319.04 W, 2197 MHz, 71
1791414807.014, 318.86 W, 2197 MHz, 71
1791414807.548, 318.70 W, 2197 MHz, 71
1791414808.081, 318.38 W, 2197 MHz, 71
1791414808.614, 318.53 W, 2197 MHz, 71
1791414809.147, 318.67 W, 2197 MHz, 71
1791414809.680, 318.67 W, 2197 MHz, 71
1791414810.211, 318.44 W, 2197 MHz, 71
1791414810.744, 318.34 W, 2197 MHz, 71
1791414811.277, 318.45 W, 2197 MHz, 71
1791414811.810, 318.15 W, 2197 MHz, 71
1791414812.346, 318.46 W, 2197 MHz, 71
1791414812.882, 318.41 W, 2197 MHz, 71
1791414813.415, 318.26 W, 2197 MHz, 71
1791414813.946, 318.20 W, 2197 MHz, 71
1791414814.481, 317.96 W, 2197 MHz, 71
1791414815.016, 317.81 W, 2197 MHz, 71
1791414815.550, 317.98 W, 2197 MHz, 71
1791414816.082, 317.74 W, 2197 MHz, 70
1791414816.615, 318.11 W, 2197 MHz, 71
1791414817.148, 318.08 W, 2197 MHz, 70
1791414817.681, 317.86 W, 2197 MHz, 71
1791414818.215, 317.73 W, 2197 MHz, 70
1791414818.749, 317.35 W, 2197 MHz, 70
1791414819.282, 316.75 W, 2197 MHz, 70
1791414819.816, 316.15 W, 2197 MHz, 70
1791414820.349, 316.23 W, 2197 MHz, 70
1791414820.882, 316.23 W, 2197 MHz, 70
1791414821.414, 316.49 W, 2197 MHz, 70
1791414821.946, 316.56 W, 2197 MHz, 70
1791414822.478, 316.59 W, 2197 MHz, 70
1791414823.011, 316.98 W, 2197 MHz, 70
1791414823.545, 316.92 W, 2197 MHz, 70
1791414824.080, 316.54 W, 2197 MHz, 70
1791414824.613, 316.40 W, 2197 MHz, 70
1791414825.146, 316.43 W, 2197 MHz, 70
1791414825.680, 315.94 W, 2197 MHz, 70
1791414826.214, 315.83 W, 2197 MHz, 70
1791414826.749, 315.94 W, 2197 MHz, 70
1791414827.283, 315.79 W, 2197 MHz, 70
1791414827.817, 315.41 W, 2197 MHz, 70
1791414828.352, 315.64 W, 2197 MHz, 70
1791414828.886, 315.62 W, 2197 MHz, 70
1791414829.420, 315.36 W, 2197 MHz, 70
1791414829.953, 315.56 W, 2197 MHz, 70
1791414830.486, 315.46 W, 2197 MHz, 70
1791414831.021, 315.19 W, 2197 MHz, 70
1791414831.554, 315.34 W, 2197 MHz, 70
1791414832.087, 315.63 W, 2197 MHz, 70
1791414832.622, 315.62 W, 2197 MHz, 70
1791414833.158, 315.40 W, 2197 MHz, 70
1791414833.690, 313.95 W, 2197 MHz, 70
1791414834.223, 313.63 W, 2197 MHz, 69
1791414834.758, 314.86 W, 2197 MHz, 70
1791414835.294, 315.19 W, 2197 MHz, 69
1791414835.827, 315.33 W, 2197 MHz, 70
1791414836.361, 315.45 W, 2197 MHz, 69
1791414836.895, 315.29 W, 2197 MHz, 69
1791414837.428, 314.66 W, 2197 MHz, 69
1791414837.961, 314.81 W, 2197 MHz, 69
1791414838.493, 315.01 W, 2197 MHz, 69
1791414839.025, 315.17 W, 2197 MHz, 69
1791414839.558, 315.29 W, 2197 MHz, 69
1791414840.092, 315.04 W, 2197 MHz, 69
1791414840.624, 314.98 W, 2197 MHz, 69
1791414841.158, 315.08 W, 2197 MHz, 69
1791414841.692, 315.00 W, 2197 MHz, 69
1791414842.224, 315.04 W, 2197 MHz, 69
1791414842.758, 315.01 W, 2197 MHz, 69
1791414843.292, 314.65 W, 2197 MHz, 69
1791414843.827, 315.20 W, 2197 MHz, 69
1791414844.361, 315.17 W, 2197 MHz, 69
1791414844.893, 314.86 W, 2197 MHz, 69
1791414845.429, 314.63 W, 2197 MHz, 69
1791414845.963, 314.62 W, 2197 MHz, 69
1791414846.495, 314.48 W, 2197 MHz, 69
1791414847.028, 314.46 W, 2197 MHz, 69
1791414847.562, 314.96 W, 2197 MHz, 69
1791414848.096, 315.23 W, 2197 MHz, 69
1791414848.630, 315.07 W, 2197 MHz, 69
1791414849.166, 315.03 W, 2190 MHz, 69
1791414849.700, 314.38 W, 2197 MHz, 69
1791414850.234, 313.67 W, 2190 MHz, 69
1791414850.766, 313.69 W, 2197 MHz, 69
1791414851.298, 313.72 W, 2197 MHz, 69
1791414851.832, 313.12 W, 2197 MHz, 69
1791414852.366, 313.39 W, 2197 MHz, 69
1791414852.900, 313.53 W, 2190 MHz, 69
1791414853.433, 313.36 W, 2190 MHz, 69
1791414853.967, 313.75 W, 2197 MHz, 69
1791414854.500, 313.64 W, 2197 MHz, 69
1791414855.035, 313.68 W, 2197 MHz, 69
1791414855.568, 314.33 W, 2197 MHz, 69
1791414856.102, 314.47 W, 2197 MHz, 69
1791414856.636, 314.23 W, 2197 MHz, 69
1791414857.170, 314.30 W, 2197 MHz, 69
1791414857.703, 314.07 W, 2197 MHz, 69
1791414858.239, 313.41 W, 2197 MHz, 69
1791414858.773, 313.48 W, 2197 MHz, 69
1791414859.305, 313.88 W, 2197 MHz, 69
1791414859.839, 313.72 W, 2197 MHz, 69
1791414860.374, 313.65 W, 2197 MHz, 69
1791414860.906, 314.11 W, 2197 MHz, 69
1791414861.439, 314.10 W, 2197 MHz, 69
1791414861.971, 313.98 W, 2197 MHz, 69
1791414862.503, 314.35 W, 2197 MHz, 69
1791414863.034, 314.63 W, 2197 MHz, 69
1791414863.565, 314.42 W, 2197 MHz, 69
1791414864.099, 314.17 W, 2197 MHz, 69
1791414864.633, 314.23 W, 2197 MHz, 69
1791414865.170, 314.62 W, 2197 MHz, 69
1791414865.703, 313.22 W, 2197 MHz, 69
1791414866.237, 312.99 W, 2197 MHz, 69
1791414866.770, 313.70 W, 2197 MHz, 68
1791414867.303, 314.43 W, 2197 MHz, 69
1791414867.836, 314.21 W, 2197 MHz, 68
1791414868.368, 314.19 W, 2197 MHz, 68
1791414868.901, 314.28 W, 2197 MHz, 68
1791414869.435, 314.55 W, 2197 MHz, 69
1791414869.968, 314.23 W, 2197 MHz, 68
1791414870.500, 313.85 W, 2197 MHz, 69
1791414871.034, 314.07 W, 2197 MHz, 68
1791414871.567, 314.41 W, 2197 MHz, 68
1791414872.099, 314.46 W, 2197 MHz, 68
1791414872.631, 314.48 W, 2197 MHz, 68
1791414873.165, 314.92 W, 2197 MHz, 68
1791414873.698, 314.40 W, 2197 MHz, 68
1791414874.232, 314.26 W, 2197 MHz, 68
1791414874.764, 313.88 W, 2197 MHz, 68
1791414875.297, 313.70 W, 2197 MHz, 68
1791414875.830, 314.08 W, 2197 MHz, 68
1791414876.363, 314.95 W, 2197 MHz, 68
1791414876.897, 315.14 W, 2197 MHz, 68
1791414877.430, 315.11 W, 2190 MHz, 68
1791414877.963, 314.72 W, 2197 MHz, 68
1791414878.498, 314.40 W, 2197 MHz, 68
1791414879.031, 314.50 W, 2190 MHz, 68
1791414879.564, 314.61 W, 2197 MHz, 68
1791414880.098, 314.28 W, 2190 MHz, 68
1791414880.634, 314.44 W, 2197 MHz, 68
1791414881.167, 314.89 W, 2197 MHz, 68
1791414881.701, 314.98 W, 2197 MHz, 68
1791414882.235, 314.68 W, 2197 MHz, 68
1791414882.767, 314.25 W, 2197 MHz, 68
1791414883.300, 314.25 W, 2197 MHz, 68
1791414883.834, 314.29 W, 2197 MHz, 68
1791414884.367, 314.13 W, 2197 MHz, 68
1791414884.900, 314.67 W, 2197 MHz, 68
1791414885.434, 314.49 W, 2197 MHz, 68
1791414885.966, 313.62 W, 2197 MHz, 68
1791414886.499, 313.52 W, 2197 MHz, 68
1791414887.033, 313.67 W, 2197 MHz, 68
1791414887.566, 313.57 W, 2197 MHz, 68
1791414888.101, 313.39 W, 2197 MHz, 68
1791414888.635, 313.68 W, 2197 MHz, 68
1791414889.170, 313.65 W, 2197 MHz, 68
1791414889.703, 313.53 W, 2197 MHz, 68
1791414890.237, 314.01 W, 2197 MHz, 68
1791414890.773, 313.74 W, 2197 MHz, 68
1791414891.306, 313.16 W, 2197 MHz, 68
1791414891.838, 313.49 W, 2197 MHz, 68
1791414892.373, 313.75 W, 2190 MHz, 68
1791414892.908, 313.74 W, 2190 MHz, 68
1791414893.444, 313.49 W, 2197 MHz, 68
1791414893.976, 313.73 W, 2190 MHz, 68
1791414894.509, 314.25 W, 2197 MHz, 68
1791414895.042, 314.22 W, 2197 MHz, 68
1791414895.574, 313.21 W, 2197 MHz, 68
1791414896.106, 313.42 W, 2197 MHz, 68
1791414896.639, 313.62 W, 2197 MHz, 68
1791414897.171, 313.89 W, 2197 MHz, 68
1791414897.705, 311.89 W, 2197 MHz, 68
1791414898.237, 311.96 W, 2197 MHz, 68
1791414898.772, 314.02 W, 2197 MHz, 68
1791414899.306, 313.97 W, 2197 MHz, 68
1791414899.840, 313.83 W, 2197 MHz, 68
1791414900.375, 313.94 W, 2197 MHz, 68
1791414900.909, 313.86 W, 2197 MHz, 68
1791414901.443, 313.60 W, 2197 MHz, 68
1791414901.978, 313.13 W, 2197 MHz, 68
1791414902.512, 312.90 W, 2197 MHz, 68
1791414903.047, 313.11 W, 2197 MHz, 68
1791414903.581, 313.08 W, 2197 MHz, 68
1791414904.114, 313.15 W, 2197 MHz, 68
1791414904.647, 313.47 W, 2197 MHz, 68
1791414905.179, 313.57 W, 2197 MHz, 68
1791414905.711, 313.53 W, 2197 MHz, 68
1791414906.246, 313.53 W, 2197 MHz, 68
1791414906.779, 313.21 W, 2197 MHz, 68
1791414907.314, 313.64 W, 2197 MHz, 68
1791414907.847, 314.13 W, 2197 MHz, 68
1791414908.380, 314.21 W, 2197 MHz, 68
1791414908.912, 313.90 W, 2197 MHz, 68
1791414909.446, 313.68 W, 2197 MHz, 68
1791414909.979, 313.70 W, 2197 MHz, 68
1791414910.512, 313.66 W, 2190 MHz, 68
1791414911.046, 313.62 W, 2197 MHz, 68
1791414911.580, 313.67 W, 2197 MHz, 68
1791414912.114, 313.56 W, 2197 MHz, 68
1791414912.647, 313.35 W, 2197 MHz, 68
1791414913.179, 313.38 W, 2197 MHz, 68
1791414913.712, 313.20 W, 2197 MHz, 68
1791414914.244, 312.81 W, 2197 MHz, 68
1791414914.776, 312.64 W, 2197 MHz, 68
1791414915.309, 312.57 W, 2197 MHz, 68
1791414915.843, 312.42 W, 2197 MHz, 68
1791414916.376, 312.77 W, 2197 MHz, 68
1791414916.909, 312.63 W, 2197 MHz, 68
1791414917.443, 312.69 W, 2197 MHz, 68
1791414917.975, 312.79 W, 2197 MHz, 68
1791414918.507, 312.52 W, 2197 MHz, 68
1791414919.039, 312.47 W, 2197 MHz, 68
1791414919.572, 312.49 W, 2197 MHz, 68
1791414920.105, 312.58 W, 2197 MHz, 68
1791414920.638, 312.56 W, 2197 MHz, 68
1791414921.173, 312.62 W, 2197 MHz, 68
1791414921.707, 312.60 W, 2197 MHz, 68
1791414922.242, 312.22 W, 2197 MHz, 68
1791414922.775, 312.41 W, 2197 MHz, 68
1791414923.310, 312.69 W, 2197 MHz, 68
1791414923.842, 312.69 W, 2197 MHz, 68
1791414924.376, 313.01 W, 2197 MHz, 68
1791414924.911, 313.30 W, 2197 MHz, 68
1791414925.444, 313.38 W, 2197 MHz, 68
1791414925.978, 312.98 W, 2197 MHz, 68
1791414926.512, 313.19 W, 2197 MHz, 68
1791414927.047, 313.63 W, 2197 MHz, 68
1791414927.576, 281.02 W, 2197 MHz, 68
1791414928.104, 161.24 W, 2197 MHz, 64
1791414928.635, 100.92 W, 2197 MHz, 63
1791414929.164, 100.92 W, 2197 MHz, 63
1791414929.695, 87.84 W, 2197 MHz, 63
1791414930.226, 87.84 W, 2197 MHz, 63
1791414930.757, 87.53 W, 2197 MHz, 62
1791414931.287, 87.44 W, 2197 MHz, 62
1791414931.815, 87.44 W, 2197 MHz, 62
1791414932.345, 87.26 W, 2197 MHz, 62
1791414932.874, 87.26 W, 2197 MHz, 62
1791414933.403, 86.95 W, 2197 MHz, 62
1791414933.933, 86.95 W, 2197 MHz, 61
1791414934.461, 86.90 W, 2197 MHz, 61
1791414934.990, 86.90 W, 2197 MHz, 61
1791414935.519, 86.79 W, 2197 MHz, 61
1791414936.047, 86.79 W, 2197 MHz, 61
1791414936.577, 86.56 W, 2197 MHz, 61
1791414937.105, 86.56 W, 2197 MHz, 60
1791414937.636, 86.42 W, 2197 MHz, 60
1791414938.166, 86.42 W, 2197 MHz, 60
1791414938.695, 86.20 W, 2197 MHz, 60
1791414939.225, 86.20 W, 2197 MHz, 60
1791414939.756, 86.00 W, 2197 MHz, 60
1791414940.285, 85.92 W, 2197 MHz, 60
1791414940.814, 85.92 W, 2197 MHz, 59
1791414941.343, 85.38 W, 2197 MHz, 59
1791414941.872, 85.38 W, 2197 MHz, 59
1791414942.401, 85.45 W, 2197 MHz, 59
1791414942.930, 85.45 W, 2197 MHz, 59
1791414943.459, 85.18 W, 2197 MHz, 59
1791414943.990, 85.18 W, 2197 MHz, 59
1791414944.519, 85.00 W, 2197 MHz, 59
1791414945.047, 85.00 W, 2197 MHz, 58
1791414945.577, 85.01 W, 2197 MHz, 58
1791414946.107, 85.01 W, 2197 MHz, 58
1791414946.637, 85.17 W, 2197 MHz, 58
1791414947.168, 85.17 W, 2197 MHz, 58
1791414947.698, 85.00 W, 2197 MHz, 58
1791414948.228, 85.00 W, 2197 MHz, 58
1791414948.757, 84.70 W, 2197 MHz, 58
1791414949.288, 84.57 W, 2197 MHz, 58
1791414949.817, 84.57 W, 2197 MHz, 57
1791414950.345, 84.44 W, 2197 MHz, 57
1791414950.874, 84.44 W, 2197 MHz, 57
1791414951.404, 84.42 W, 2197 MHz, 57
1791414951.933, 84.42 W, 2197 MHz, 57
1791414952.461, 83.71 W, 2197 MHz, 57
1791414952.991, 83.71 W, 2197 MHz, 57
1791414953.519, 83.60 W, 2197 MHz, 57
1791414954.049, 83.60 W, 2197 MHz, 57
1791414954.578, 83.34 W, 2197 MHz, 57
1791414955.108, 83.34 W, 2197 MHz, 57
1791414955.637, 83.03 W, 2197 MHz, 57
1791414956.166, 83.03 W, 2197 MHz, 56
1791414956.697, 83.11 W, 2197 MHz, 56
1791414957.225, 83.11 W, 2197 MHz, 56
1791414957.755, 82.96 W, 2197 MHz, 56
1791414958.285, 76.83 W, 2197 MHz, 56
1791414958.817, 76.83 W, 1897 MHz, 56
1791414959.347, 76.51 W, 1897 MHz, 56
1791414959.877, 76.51 W, 1897 MHz, 55
1791414960.407, 76.27 W, 1897 MHz, 55
1791414960.937, 76.27 W, 1897 MHz, 55
1791414961.469, 75.74 W, 1897 MHz, 55
1791414961.997, 75.74 W, 1897 MHz, 55
1791414962.529, 75.41 W, 1897 MHz, 55
1791414963.057, 75.41 W, 1897 MHz, 55
1791414963.587, 75.14 W, 1897 MHz, 55
1791414964.117, 75.14 W, 1897 MHz, 55
1791414964.648, 75.14 W, 1897 MHz, 55
1791414965.179, 75.14 W, 1897 MHz, 55
1791414965.707, 75.36 W, 1897 MHz, 55
1791414966.237, 75.36 W, 1897 MHz, 54
1791414966.767, 74.88 W, 1897 MHz, 54
1791414967.296, 74.50 W, 1897 MHz, 54
1791414967.827, 74.50 W, 1897 MHz, 54
1791414968.358, 74.44 W, 1897 MHz, 54
1791414968.886, 74.44 W, 1897 MHz, 54
1791414969.415, 74.33 W, 1897 MHz, 54
1791414969.946, 74.33 W, 1897 MHz, 54
1791414970.476, 74.03 W, 1897 MHz, 54
1791414971.005, 74.03 W, 1897 MHz, 54
1791414971.535, 73.57 W, 1897 MHz, 54
1791414972.066, 73.57 W, 1897 MHz, 53
1791414972.597, 73.60 W, 1897 MHz, 53
1791414973.126, 73.60 W, 1897 MHz, 53
1791414973.655, 73.48 W, 1897 MHz, 53
1791414974.184, 73.48 W, 1897 MHz, 53
1791414974.714, 73.48 W, 1897 MHz, 53
1791414975.242, 73.48 W, 1897 MHz, 53
1791414975.772, 73.26 W, 1897 MHz, 53
1791414976.302, 73.28 W, 1897 MHz, 53
1791414976.831, 73.28 W, 1897 MHz, 53
1791414977.362, 73.24 W, 1897 MHz, 53
1791414977.889, 73.24 W, 1897 MHz, 53
1791414978.420, 73.27 W, 1897 MHz, 53
1791414978.949, 73.27 W, 1897 MHz, 53
1791414979.478, 73.01 W, 1897 MHz, 53
1791414980.007, 73.01 W, 1897 MHz, 52
1791414980.538, 72.65 W, 1897 MHz, 52
1791414981.067, 72.65 W, 1897 MHz, 52
1791414981.596, 72.44 W, 1897 MHz, 52
1791414982.126, 72.44 W, 1897 MHz, 52
1791414982.655, 72.60 W, 1897 MHz, 52
1791414983.185, 72.60 W, 1897 MHz, 52
1791414983.714, 72.55 W, 1897 MHz, 52
1791414984.242, 72.55 W, 1897 MHz, 52
1791414984.771, 72.54 W, 1897 MHz, 52
1791414985.301, 72.65 W, 1897 MHz, 52
1791414985.830, 72.65 W, 1897 MHz, 52
1791414986.359, 72.59 W, 1897 MHz, 52
1791414986.888, 72.59 W, 1897 MHz, 52
1791414987.417, 72.43 W, 1897 MHz, 52
1791414987.946, 72.43 W, 1897 MHz, 51
1791414988.477, 72.13 W, 1897 MHz, 51
1791414989.007, 72.13 W, 1897 MHz, 51
1791414989.535, 72.11 W, 1897 MHz, 51
1791414990.065, 72.11 W, 1897 MHz, 51
1791414990.594, 72.06 W, 1897 MHz, 51
1791414991.124, 72.06 W, 1897 MHz, 51
1791414991.655, 71.76 W, 1897 MHz, 51
1791414992.186, 71.76 W, 1897 MHz, 51
1791414992.715, 71.74 W, 1897 MHz, 51
1791414993.244, 71.74 W, 1897 MHz, 51
1791414993.774, 71.61 W, 1897 MHz, 51
1791414994.302, 71.37 W, 1897 MHz, 51
1791414994.832, 71.37 W, 1897 MHz, 51
1791414995.361, 71.57 W, 1897 MHz, 51
1791414995.890, 71.57 W, 1897 MHz, 50
1791414996.420, 71.68 W, 1897 MHz, 50
1791414996.950, 71.68 W, 1897 MHz, 50
1791414997.479, 71.73 W, 1897 MHz, 50
1791414998.008, 71.73 W, 1897 MHz, 50
1791414998.537, 71.60 W, 1897 MHz, 50
1791414999.066, 71.60 W, 1897 MHz, 50
1791414999.596, 71.17 W, 1897 MHz, 50
1791415000.125, 71.17 W, 1897 MHz, 50
1791415000.656, 71.04 W, 1897 MHz, 50
1791415001.185, 71.04 W, 1897 MHz, 50
1791415001.715, 71.08 W, 1897 MHz, 50
1791415002.246, 71.08 W, 1897 MHz, 50
1791415002.776, 71.22 W, 1897 MHz, 50
1791415003.307, 71.17 W, 1897 MHz, 50
1791415003.836, 71.17 W, 1897 MHz, 50
1791415004.364, 70.82 W, 1897 MHz, 50
1791415004.894, 70.82 W, 1897 MHz, 50
1791415005.424, 70.33 W, 1897 MHz, 50
1791415005.954, 70.33 W, 1897 MHz, 50
1791415006.484, 70.29 W, 1897 MHz, 50
1791415007.012, 70.29 W, 1897 MHz, 49
1791415007.542, 70.12 W, 1897 MHz, 49
1791415008.072, 70.12 W, 1897 MHz, 49
1791415008.602, 70.36 W, 1897 MHz, 49
1791415009.131, 70.36 W, 1897 MHz, 49
1791415009.660, 70.43 W, 1897 MHz, 49
1791415010.189, 70.43 W, 1897 MHz, 49
1791415010.720, 70.58 W, 1897 MHz, 49
1791415011.250, 70.58 W, 1897 MHz, 49
1791415011.779, 70.56 W, 1897 MHz, 49
1791415012.308, 70.54 W, 1897 MHz, 49
1791415012.838, 70.54 W, 1897 MHz, 49
1791415013.369, 70.47 W, 1897 MHz, 49
1791415013.898, 70.47 W, 1897 MHz, 49
1791415014.428, 70.46 W, 1897 MHz, 49
1791415014.958, 70.46 W, 1897 MHz, 49
1791415015.487, 70.39 W, 1897 MHz, 49
1791415016.017, 70.39 W, 1897 MHz, 49
1791415016.546, 69.98 W, 1897 MHz, 49
1791415017.074, 69.98 W, 1897 MHz, 49
1791415017.602, 69.90 W, 1897 MHz, 49
1791415018.131, 69.90 W, 1897 MHz, 48
1791415018.661, 69.73 W, 1897 MHz, 48
1791415019.191, 69.73 W, 1897 MHz, 48
1791415019.723, 69.89 W, 1897 MHz, 48
1791415020.252, 69.89 W, 1897 MHz, 48
1791415020.780, 69.89 W, 1897 MHz, 48
1791415021.310, 69.45 W, 1897 MHz, 48
1791415021.839, 69.45 W, 1897 MHz, 48
1791415022.368, 69.43 W, 1897 MHz, 48
1791415022.896, 69.43 W, 1897 MHz, 48
1791415023.425, 69.32 W, 1897 MHz, 48
1791415023.955, 69.32 W, 1897 MHz, 48
1791415024.484, 69.49 W, 1897 MHz, 48
1791415025.014, 69.49 W, 1897 MHz, 48
1791415025.543, 69.54 W, 1897 MHz, 48
1791415026.073, 69.54 W, 1897 MHz, 48
1791415026.602, 69.54 W, 1897 MHz, 48
1791415027.132, 69.54 W, 1897 MHz, 48
1791415027.663, 69.60 W, 1897 MHz, 48
1791415028.192, 69.60 W, 1897 MHz, 48
1791415028.723, 69.57 W, 1897 MHz, 48
1791415029.255, 69.57 W, 1897 MHz, 48
1791415029.786, 69.34 W, 1897 MHz, 47
1791415030.315, 68.86 W, 1897 MHz, 47
1791415030.845, 68.86 W, 1897 MHz, 47
1791415031.374, 69.00 W, 1897 MHz, 47
1791415031.903, 69.00 W, 1897 MHz, 47
1791415032.433, 69.15 W, 1897 MHz, 47
1791415032.964, 69.15 W, 1897 MHz, 47
1791415033.493, 69.36 W, 1897 MHz, 47
1791415034.023, 69.36 W, 1897 MHz, 47
1791415034.552, 69.52 W, 1897 MHz, 47
1791415035.081, 69.52 W, 1897 MHz, 47
1791415035.610, 69.45 W, 1897 MHz, 47
1791415036.139, 69.45 W, 1897 MHz, 47
1791415036.668, 69.07 W, 1897 MHz, 47
1791415037.197, 69.07 W, 1897 MHz, 47
1791415037.728, 69.07 W, 1897 MHz, 47
1791415038.256, 69.07 W, 1897 MHz, 47
1791415038.786, 69.12 W, 1897 MHz, 47
1791415039.316, 68.95 W, 1897 MHz, 47
1791415039.845, 68.95 W, 1897 MHz, 47
1791415040.374, 68.92 W, 1897 MHz, 47
1791415040.902, 68.92 W, 1897 MHz, 47
1791415041.431, 68.99 W, 1897 MHz, 47
1791415041.960, 68.99 W, 1897 MHz, 47
1791415042.491, 69.13 W, 1897 MHz, 47
1791415043.021, 69.13 W, 1897 MHz, 47
1791415043.551, 69.07 W, 1897 MHz, 47
1791415044.082, 69.07 W, 1897 MHz, 47
1791415044.614, 69.04 W, 1897 MHz, 47
1791415045.144, 69.04 W, 1897 MHz, 46
1791415045.673, 68.92 W, 1897 MHz, 46
1791415046.203, 68.92 W, 1897 MHz, 46
1791415046.734, 68.94 W, 1897 MHz, 46
1791415047.263, 68.94 W, 1897 MHz, 46
1791415047.791, 68.91 W, 1897 MHz, 46
1791415048.324, 130.04 W, 1890 MHz, 51
1791415048.857, 220.64 W, 1875 MHz, 55
1791415049.388, 402.08 W, 1875 MHz, 55
1791415049.920, 401.43 W, 1875 MHz, 56
1791415050.453, 402.82 W, 1882 MHz, 56
1791415050.983, 403.31 W, 1882 MHz, 57
1791415051.514, 404.32 W, 1882 MHz, 57
1791415052.045, 404.44 W, 1882 MHz, 58
1791415052.575, 404.75 W, 1882 MHz, 57
1791415053.107, 404.31 W, 1882 MHz, 58
1791415053.637, 404.78 W, 1882 MHz, 58
1791415054.167, 405.68 W, 1882 MHz, 58
1791415054.697, 405.27 W, 1882 MHz, 59
1791415055.226, 406.79 W, 1882 MHz, 59
1791415055.755, 406.88 W, 1882 MHz, 59
1791415056.288, 407.34 W, 1882 MHz, 60
1791415056.820, 406.24 W, 1882 MHz, 60
1791415057.351, 404.45 W, 1882 MHz, 59
1791415057.882, 405.00 W, 1882 MHz, 60
1791415058.414, 404.06 W, 1882 MHz, 60
1791415058.946, 404.86 W, 1882 MHz, 60
1791415059.480, 397.92 W, 1882 MHz, 60
1791415060.015, 340.98 W, 1890 MHz, 56
1791415060.549, 282.47 W, 1890 MHz, 56
1791415061.078, 188.68 W, 1897 MHz, 56
1791415061.606, 104.06 W, 1897 MHz, 52
1791415062.135, 104.06 W, 1897 MHz, 52
1791415062.663, 72.22 W, 1897 MHz, 52
1791415063.192, 72.22 W, 1897 MHz, 51
1791415063.720, 71.98 W, 1897 MHz, 51
1791415064.247, 71.98 W, 1897 MHz, 51
1791415064.779, 135.24 W, 1882 MHz, 57
1791415065.311, 214.66 W, 1882 MHz, 59
1791415065.842, 406.06 W, 1882 MHz, 60
1791415066.376, 406.78 W, 1882 MHz, 60
1791415066.908, 407.01 W, 1882 MHz, 60
1791415067.439, 407.93 W, 1882 MHz, 60
1791415067.969, 408.45 W, 1882 MHz, 61
1791415068.500, 409.55 W, 1882 MHz, 61
1791415069.030, 408.77 W, 1882 MHz, 61
1791415069.560, 408.78 W, 1882 MHz, 61
1791415070.090, 409.15 W, 1882 MHz, 62
1791415070.622, 408.66 W, 1882 MHz, 62
1791415071.152, 410.45 W, 1882 MHz, 62
1791415071.684, 409.53 W, 1882 MHz, 62
1791415072.215, 411.14 W, 1882 MHz, 62
1791415072.746, 411.30 W, 1882 MHz, 63
1791415073.277, 410.31 W, 1882 MHz, 63
1791415073.808, 408.47 W, 1882 MHz, 63
1791415074.339, 407.15 W, 1882 MHz, 63
1791415074.870, 407.40 W, 1882 MHz, 63
1791415075.400, 408.97 W, 1882 MHz, 64
1791415075.933, 409.58 W, 1882 MHz, 64
1791415076.464, 408.27 W, 1882 MHz, 63
1791415076.996, 408.77 W, 1882 MHz, 63
1791415077.528, 410.21 W, 1882 MHz, 64
1791415078.060, 408.43 W, 1882 MHz, 64
1791415078.592, 408.79 W, 1882 MHz, 64
1791415079.125, 408.53 W, 1882 MHz, 64
1791415079.657, 409.37 W, 1882 MHz, 65
1791415080.188, 409.17 W, 1882 MHz, 64
1791415080.720, 410.47 W, 1882 MHz, 65
1791415081.251, 410.13 W, 1882 MHz, 65
1791415081.782, 410.47 W, 1882 MHz, 65
1791415082.315, 409.69 W, 1882 MHz, 65
1791415082.847, 408.91 W, 1882 MHz, 65
1791415083.380, 408.95 W, 1882 MHz, 65
1791415083.911, 410.01 W, 1882 MHz, 65
1791415084.442, 408.24 W, 1882 MHz, 66
1791415084.975, 409.79 W, 1882 MHz, 66
1791415085.508, 410.05 W, 1882 MHz, 65
1791415086.040, 409.78 W, 1882 MHz, 66
1791415086.573, 408.68 W, 1882 MHz, 66
1791415087.103, 408.38 W, 1882 MHz, 66
1791415087.635, 410.33 W, 1882 MHz, 66
1791415088.164, 410.63 W, 1882 MHz, 66
1791415088.694, 409.55 W, 1882 MHz, 67
1791415089.226, 408.96 W, 1882 MHz, 67
1791415089.758, 410.32 W, 1882 MHz, 67
1791415090.292, 409.83 W, 1882 MHz, 67
1791415090.825, 409.64 W, 1882 MHz, 67
1791415091.356, 410.16 W, 1882 MHz, 67
1791415091.887, 408.29 W, 1882 MHz, 67
1791415092.418, 408.85 W, 1882 MHz, 67
1791415092.950, 406.72 W, 1890 MHz, 67
1791415093.480, 407.90 W, 1882 MHz, 67
1791415094.012, 409.12 W, 1882 MHz, 67
1791415094.543, 408.14 W, 1882 MHz, 67
1791415095.072, 408.57 W, 1882 MHz, 67
1791415095.602, 407.84 W, 1882 MHz, 68
1791415096.134, 409.07 W, 1882 MHz, 68
1791415096.667, 408.84 W, 1890 MHz, 69
1791415097.199, 409.45 W, 1882 MHz, 68
1791415097.730, 409.98 W, 1890 MHz, 68
1791415098.262, 409.96 W, 1882 MHz, 68
1791415098.795, 410.88 W, 1890 MHz, 69
1791415099.328, 411.50 W, 1882 MHz, 68
1791415099.858, 410.65 W, 1882 MHz, 68
1791415100.389, 411.18 W, 1882 MHz, 69
1791415100.919, 412.53 W, 1882 MHz, 68
1791415101.449, 409.65 W, 1890 MHz, 69
1791415101.980, 408.08 W, 1882 MHz, 69
1791415102.510, 408.80 W, 1882 MHz, 69
1791415103.044, 408.07 W, 1882 MHz, 69
1791415103.575, 409.11 W, 1882 MHz, 69
1791415104.108, 408.83 W, 1882 MHz, 69
1791415104.640, 408.28 W, 1890 MHz, 70
1791415105.171, 409.71 W, 1882 MHz, 70
1791415105.704, 408.98 W, 1890 MHz, 69
1791415106.237, 408.82 W, 1882 MHz, 70
1791415106.770, 409.76 W, 1890 MHz, 69
1791415107.304, 409.59 W, 1882 MHz, 70
1791415107.837, 410.03 W, 1890 MHz, 70
1791415108.368, 410.43 W, 1882 MHz, 69
1791415108.899, 410.48 W, 1890 MHz, 71
1791415109.428, 409.86 W, 1882 MHz, 70
1791415109.958, 408.72 W, 1890 MHz, 70
1791415110.492, 409.81 W, 1890 MHz, 70
1791415111.023, 410.81 W, 1882 MHz, 70
1791415111.554, 408.18 W, 1890 MHz, 70
1791415112.086, 407.17 W, 1882 MHz, 70
1791415112.618, 406.88 W, 1890 MHz, 70
1791415113.148, 407.90 W, 1882 MHz, 70
1791415113.679, 407.04 W, 1890 MHz, 70
1791415114.241, 396.34 W, 1882 MHz, 70
1791415114.774, 345.68 W, 1890 MHz, 66
1791415115.306, 290.22 W, 1890 MHz, 66
1791415115.834, 211.79 W, 1897 MHz, 62
1791415116.361, 117.72 W, 1897 MHz, 62
1791415116.889, 117.72 W, 1897 MHz, 61
1791415117.416, 81.97 W, 1897 MHz, 61
1791415117.945, 81.97 W, 1897 MHz, 61
1791415118.474, 81.52 W, 1897 MHz, 61
1791415119.002, 81.52 W, 1897 MHz, 60
1791415119.534, 132.24 W, 1890 MHz, 60
1791415120.065, 216.79 W, 1882 MHz, 68
1791415120.597, 419.22 W, 1882 MHz, 69
1791415121.128, 419.61 W, 1882 MHz, 68
1791415121.660, 421.07 W, 1882 MHz, 69
1791415122.190, 421.29 W, 1882 MHz, 69
1791415122.721, 421.68 W, 1882 MHz, 70
1791415123.253, 421.50 W, 1882 MHz, 70
1791415123.785, 421.81 W, 1882 MHz, 70
1791415124.317, 421.24 W, 1882 MHz, 70
1791415124.849, 421.95 W, 1882 MHz, 70
1791415125.381, 422.84 W, 1882 MHz, 71
1791415125.913, 421.79 W, 1882 MHz, 71
1791415126.443, 423.28 W, 1882 MHz, 71
1791415126.974, 423.17 W, 1882 MHz, 71
1791415127.506, 423.64 W, 1882 MHz, 71
1791415128.039, 423.85 W, 1882 MHz, 71
1791415128.569, 421.19 W, 1882 MHz, 71
1791415129.102, 421.09 W, 1882 MHz, 71
1791415129.633, 420.29 W, 1882 MHz, 71
1791415130.164, 420.27 W, 1882 MHz, 71
1791415130.695, 419.79 W, 1882 MHz, 71
1791415131.225, 419.92 W, 1882 MHz, 71
1791415131.757, 420.86 W, 1882 MHz, 72
1791415132.290, 420.61 W, 1882 MHz, 72
1791415132.821, 420.60 W, 1882 MHz, 71
1791415133.354, 420.78 W, 1882 MHz, 71
1791415133.886, 421.08 W, 1882 MHz, 72
1791415134.417, 421.01 W, 1882 MHz, 71
1791415134.950, 420.85 W, 1882 MHz, 72
1791415135.483, 421.27 W, 1882 MHz, 73
1791415136.014, 422.14 W, 1882 MHz, 72
1791415136.545, 421.58 W, 1882 MHz, 72
1791415137.075, 421.11 W, 1882 MHz, 72
1791415137.606, 420.65 W, 1882 MHz, 72
1791415138.136, 419.99 W, 1882 MHz, 72
1791415138.666, 418.86 W, 1882 MHz, 72
1791415139.196, 419.05 W, 1882 MHz, 73
1791415139.727, 418.88 W, 1882 MHz, 73
1791415140.257, 420.58 W, 1882 MHz, 72
1791415140.789, 421.61 W, 1882 MHz, 73
1791415141.321, 419.44 W, 1882 MHz, 72
1791415141.854, 420.29 W, 1882 MHz, 73
1791415142.386, 419.59 W, 1882 MHz, 73
1791415142.916, 421.42 W, 1882 MHz, 73
1791415143.450, 419.32 W, 1882 MHz, 74
1791415143.983, 419.14 W, 1882 MHz, 72
1791415144.515, 420.01 W, 1882 MHz, 73
1791415145.047, 421.34 W, 1882 MHz, 73
1791415145.577, 420.65 W, 1882 MHz, 73
1791415146.108, 418.67 W, 1882 MHz, 72
1791415146.641, 418.52 W, 1882 MHz, 73
1791415147.173, 418.39 W, 1882 MHz, 73
1791415147.706, 417.10 W, 1890 MHz, 73
1791415148.238, 416.53 W, 1882 MHz, 73
1791415148.769, 417.68 W, 1890 MHz, 73
1791415149.304, 419.25 W, 1882 MHz, 73
1791415149.834, 418.25 W, 1890 MHz, 74
1791415150.366, 419.06 W, 1882 MHz, 74
1791415150.898, 419.35 W, 1882 MHz, 74
1791415151.428, 417.57 W, 1890 MHz, 74
1791415151.961, 419.60 W, 1882 MHz, 73
1791415152.494, 419.92 W, 1890 MHz, 74
1791415153.025, 419.13 W, 1882 MHz, 73
1791415153.557, 420.34 W, 1890 MHz, 73
1791415154.089, 420.92 W, 1882 MHz, 74
1791415154.621, 420.36 W, 1890 MHz, 74
1791415155.153, 421.22 W, 1882 MHz, 74
1791415155.687, 420.27 W, 1882 MHz, 74
1791415156.218, 418.72 W, 1890 MHz, 74
1791415156.751, 417.07 W, 1890 MHz, 74
1791415157.283, 418.25 W, 1882 MHz, 75
1791415157.816, 416.00 W, 1882 MHz, 74
1791415158.350, 415.55 W, 1890 MHz, 74
1791415158.881, 416.54 W, 1882 MHz, 74
1791415159.414, 415.82 W, 1890 MHz, 74
1791415159.944, 416.31 W, 1882 MHz, 74
1791415160.475, 416.30 W, 1890 MHz, 75
1791415161.006, 416.90 W, 1882 MHz, 74
1791415161.538, 418.59 W, 1882 MHz, 74
1791415162.071, 417.21 W, 1882 MHz, 74
1791415162.603, 417.74 W, 1890 MHz, 74
1791415163.135, 418.37 W, 1882 MHz, 75
1791415163.664, 418.15 W, 1890 MHz, 74
1791415164.196, 417.26 W, 1882 MHz, 75
1791415164.727, 416.55 W, 1890 MHz, 74
1791415165.260, 416.36 W, 1890 MHz, 75
1791415165.792, 416.96 W, 1882 MHz, 75
1791415166.322, 414.70 W, 1890 MHz, 74
1791415166.855, 413.18 W, 1882 MHz, 75
1791415167.388, 413.51 W, 1890 MHz, 75
1791415167.920, 413.72 W, 1882 MHz, 75
1791415168.453, 413.14 W, 1890 MHz, 75
1791415169.002, 398.98 W, 1890 MHz, 75
1791415169.535, 347.79 W, 1890 MHz, 70
1791415170.069, 295.63 W, 1890 MHz, 70
1791415170.597, 192.98 W, 1897 MHz, 67
1791415171.128, 196.15 W, 1882 MHz, 66
1791415171.659, 364.01 W, 1882 MHz, 74
1791415172.193, 428.48 W, 1882 MHz, 74
1791415172.726, 429.41 W, 1882 MHz, 75
1791415173.257, 429.63 W, 1882 MHz, 75
1791415173.791, 429.83 W, 1882 MHz, 74
1791415174.323, 430.45 W, 1882 MHz, 75
1791415174.854, 430.74 W, 1882 MHz, 75
1791415175.387, 430.14 W, 1882 MHz, 75
1791415175.919, 430.61 W, 1882 MHz, 75
1791415176.451, 430.86 W, 1882 MHz, 76
1791415176.987, 431.71 W, 1882 MHz, 75
1791415177.521, 432.09 W, 1882 MHz, 75
1791415178.050, 431.70 W, 1882 MHz, 76
1791415178.580, 432.46 W, 1882 MHz, 76
1791415179.112, 431.63 W, 1882 MHz, 76
1791415179.644, 429.78 W, 1882 MHz, 75
1791415180.175, 427.59 W, 1882 MHz, 76
1791415180.707, 428.61 W, 1882 MHz, 76
1791415181.239, 428.66 W, 1882 MHz, 76
1791415181.771, 429.12 W, 1882 MHz, 76
1791415182.304, 406.88 W, 1882 MHz, 72
1791415182.836, 346.15 W, 1890 MHz, 71
1791415183.364, 295.36 W, 1890 MHz, 70
1791415183.893, 186.79 W, 1897 MHz, 67
1791415184.424, 220.78 W, 1882 MHz, 74
1791415184.956, 398.73 W, 1882 MHz, 75
1791415185.486, 428.28 W, 1882 MHz, 75
1791415186.016, 429.94 W, 1882 MHz, 75
1791415186.549, 430.40 W, 1882 MHz, 75
1791415187.079, 431.32 W, 1882 MHz, 76
1791415187.611, 431.14 W, 1882 MHz, 76
1791415188.144, 431.02 W, 1882 MHz, 75
1791415188.675, 430.88 W, 1882 MHz, 76
1791415189.208, 429.72 W, 1882 MHz, 76
1791415189.740, 431.45 W, 1882 MHz, 76
1791415190.272, 432.81 W, 1882 MHz, 76
1791415190.806, 432.31 W, 1882 MHz, 76
1791415191.338, 432.32 W, 1882 MHz, 76
1791415191.871, 433.07 W, 1882 MHz, 76
1791415192.401, 432.29 W, 1882 MHz, 76
1791415192.933, 430.12 W, 1882 MHz, 76
1791415193.466, 428.05 W, 1882 MHz, 76
1791415193.999, 428.97 W, 1882 MHz, 77
1791415194.531, 429.47 W, 1882 MHz, 76
1791415195.062, 429.63 W, 1882 MHz, 76
1791415195.597, 397.62 W, 1890 MHz, 76
1791415196.130, 336.79 W, 1890 MHz, 72
1791415196.664, 284.19 W, 1890 MHz, 71
1791415197.199, 282.31 W, 1890 MHz, 71
1791415197.733, 291.33 W, 1890 MHz, 71
1791415198.267, 291.76 W, 1890 MHz, 70
1791415198.801, 291.73 W, 1890 MHz, 70
1791415199.334, 291.67 W, 1890 MHz, 70
1791415199.867, 291.35 W, 1890 MHz, 70
1791415200.399, 291.59 W, 1890 MHz, 70
1791415200.931, 291.56 W, 1890 MHz, 70
1791415201.463, 291.05 W, 1890 MHz, 70
1791415201.994, 290.69 W, 1890 MHz, 70
1791415202.529, 291.32 W, 1890 MHz, 70
1791415203.061, 291.01 W, 1890 MHz, 70
1791415203.594, 290.86 W, 1890 MHz, 70
1791415204.129, 291.01 W, 1890 MHz, 70
1791415204.663, 290.77 W, 1890 MHz, 69
1791415205.198, 290.22 W, 1890 MHz, 69
1791415205.731, 290.48 W, 1890 MHz, 69
1791415206.266, 290.50 W, 1890 MHz, 69
1791415206.802, 290.31 W, 1890 MHz, 69
1791415207.336, 290.04 W, 1890 MHz, 69
1791415207.868, 290.45 W, 1890 MHz, 69
1791415208.402, 290.57 W, 1890 MHz, 69
1791415208.932, 290.40 W, 1890 MHz, 69
1791415209.466, 290.10 W, 1890 MHz, 69
1791415210.001, 289.76 W, 1890 MHz, 69
1791415210.534, 289.77 W, 1890 MHz, 69
1791415211.070, 289.43 W, 1890 MHz, 69
1791415211.603, 289.26 W, 1890 MHz, 69
1791415212.136, 289.39 W, 1890 MHz, 69
1791415212.670, 289.75 W, 1890 MHz, 69
1791415213.204, 289.93 W, 1890 MHz, 69
1791415213.738, 289.33 W, 1890 MHz, 69
1791415214.272, 288.50 W, 1890 MHz, 68
1791415214.807, 288.42 W, 1890 MHz, 68
1791415215.340, 288.13 W, 1890 MHz, 68
1791415215.874, 288.16 W, 1890 MHz, 68
1791415216.409, 288.41 W, 1890 MHz, 68
1791415216.942, 287.97 W, 1890 MHz, 68
1791415217.475, 287.85 W, 1890 MHz, 68
1791415218.009, 287.89 W, 1890 MHz, 68
1791415218.543, 287.89 W, 1890 MHz, 68
1791415219.076, 287.65 W, 1890 MHz, 68
1791415219.609, 287.20 W, 1890 MHz, 68
1791415220.142, 287.46 W, 1890 MHz, 68
1791415220.676, 287.69 W, 1890 MHz, 68
1791415221.208, 287.41 W, 1890 MHz, 68
1791415221.741, 287.44 W, 1890 MHz, 68
1791415222.275, 287.62 W, 1890 MHz, 68
1791415222.809, 287.58 W, 1890 MHz, 68
1791415223.342, 287.67 W, 1890 MHz, 68
1791415223.875, 287.62 W, 1890 MHz, 68
1791415224.409, 287.21 W, 1890 MHz, 68
1791415224.941, 287.38 W, 1890 MHz, 68
1791415225.474, 287.84 W, 1890 MHz, 68
1791415226.007, 287.42 W, 1890 MHz, 67
1791415226.541, 287.56 W, 1890 MHz, 67
1791415227.074, 287.44 W, 1890 MHz, 67
1791415227.608, 287.20 W, 1890 MHz, 67
1791415228.142, 287.46 W, 1890 MHz, 67
1791415228.679, 287.41 W, 1890 MHz, 67
1791415229.212, 286.73 W, 1890 MHz, 67
1791415229.744, 286.85 W, 1890 MHz, 67
1791415230.276, 286.46 W, 1890 MHz, 67
1791415230.808, 286.90 W, 1890 MHz, 67
1791415231.341, 287.42 W, 1890 MHz, 67
1791415231.873, 287.68 W, 1890 MHz, 67
1791415232.406, 287.89 W, 1890 MHz, 67
1791415232.939, 287.30 W, 1890 MHz, 67
1791415233.474, 287.09 W, 1890 MHz, 67
1791415234.007, 286.86 W, 1890 MHz, 67
1791415234.542, 286.80 W, 1890 MHz, 67
1791415235.077, 286.96 W, 1890 MHz, 67
1791415235.610, 287.03 W, 1890 MHz, 67
1791415236.144, 287.26 W, 1890 MHz, 67
1791415236.679, 287.24 W, 1890 MHz, 67
1791415237.213, 287.12 W, 1890 MHz, 67
1791415237.747, 287.50 W, 1890 MHz, 67
1791415238.281, 287.45 W, 1890 MHz, 67
1791415238.814, 287.76 W, 1890 MHz, 67
1791415239.349, 287.82 W, 1890 MHz, 67
1791415239.884, 287.56 W, 1890 MHz, 67
1791415240.417, 287.74 W, 1890 MHz, 67
1791415240.949, 287.63 W, 1890 MHz, 67
1791415241.482, 287.50 W, 1890 MHz, 67
1791415242.015, 287.69 W, 1890 MHz, 67
1791415242.549, 287.64 W, 1890 MHz, 67
1791415243.083, 287.39 W, 1890 MHz, 66
1791415243.617, 287.22 W, 1890 MHz, 67
1791415244.151, 287.24 W, 1890 MHz, 67
1791415244.685, 287.52 W, 1890 MHz, 66
1791415245.220, 287.48 W, 1890 MHz, 66
1791415245.752, 287.02 W, 1890 MHz, 66
1791415246.285, 286.40 W, 1890 MHz, 66
1791415246.820, 286.19 W, 1890 MHz, 66
1791415247.354, 285.97 W, 1890 MHz, 66
1791415247.887, 286.53 W, 1890 MHz, 66
1791415248.421, 286.31 W, 1890 MHz, 66
1791415248.953, 286.40 W, 1890 MHz, 66
1791415249.485, 286.51 W, 1890 MHz, 66
1791415250.017, 286.16 W, 1890 MHz, 66
1791415250.551, 286.16 W, 1890 MHz, 66
1791415251.084, 286.09 W, 1890 MHz, 66
1791415251.616, 286.12 W, 1890 MHz, 66
1791415252.150, 286.22 W, 1890 MHz, 66
1791415252.681, 286.54 W, 1890 MHz, 66
1791415253.213, 286.32 W, 1890 MHz, 66
1791415253.746, 286.30 W, 1890 MHz, 66
1791415254.279, 286.21 W, 1890 MHz, 66
1791415254.813, 285.93 W, 1890 MHz, 66
1791415255.346, 285.86 W, 1890 MHz, 66
1791415255.881, 286.09 W, 1890 MHz, 66
1791415256.414, 286.40 W, 1890 MHz, 66
1791415256.947, 285.84 W, 1890 MHz, 66
1791415257.483, 285.86 W, 1890 MHz, 66
1791415258.017, 285.80 W, 1890 MHz, 66
1791415258.551, 285.32 W, 1890 MHz, 66
1791415259.085, 285.39 W, 1890 MHz, 66
1791415259.619, 285.28 W, 1890 MHz, 66
1791415260.152, 285.07 W, 1890 MHz, 66
1791415260.686, 285.22 W, 1890 MHz, 66
1791415261.218, 285.33 W, 1890 MHz, 66
1791415261.750, 285.24 W, 1890 MHz, 66
1791415262.283, 283.62 W, 1890 MHz, 66
1791415262.817, 283.92 W, 1890 MHz, 66
1791415263.351, 285.84 W, 1890 MHz, 66
1791415263.887, 285.64 W, 1890 MHz, 66
1791415264.419, 285.64 W, 1890 MHz, 66
1791415264.952, 285.78 W, 1890 MHz, 66
1791415265.484, 285.50 W, 1890 MHz, 66
1791415266.018, 285.72 W, 1890 MHz, 66
1791415266.554, 285.90 W, 1890 MHz, 66
1791415267.088, 285.75 W, 1890 MHz, 66
1791415267.621, 285.30 W, 1890 MHz, 66
1791415268.155, 285.95 W, 1890 MHz, 66
1791415268.688, 285.83 W, 1890 MHz, 66
1791415269.221, 285.56 W, 1890 MHz, 65
1791415269.755, 285.61 W, 1890 MHz, 65
1791415270.286, 285.85 W, 1890 MHz, 65
1791415270.818, 286.15 W, 1890 MHz, 65
1791415271.350, 285.80 W, 1890 MHz, 65
1791415271.885, 285.58 W, 1890 MHz, 65
1791415272.417, 285.45 W, 1890 MHz, 65
1791415272.947, 285.84 W, 1890 MHz, 65
1791415273.481, 285.89 W, 1890 MHz, 65
1791415274.016, 285.59 W, 1890 MHz, 65
1791415274.550, 285.72 W, 1890 MHz, 65
1791415275.085, 285.66 W, 1890 MHz, 65
1791415275.618, 285.87 W, 1890 MHz, 65
1791415276.153, 285.74 W, 1890 MHz, 65
1791415276.687, 285.98 W, 1890 MHz, 65
1791415277.221, 285.62 W, 1890 MHz, 65
1791415277.755, 285.56 W, 1890 MHz, 65
1791415278.287, 286.03 W, 1890 MHz, 65
1791415278.822, 286.31 W, 1890 MHz, 65
1791415279.357, 285.46 W, 1890 MHz, 65
1791415279.892, 284.70 W, 1890 MHz, 65
1791415280.426, 284.81 W, 1890 MHz, 65
1791415280.959, 284.83 W, 1890 MHz, 65
1791415281.493, 284.72 W, 1890 MHz, 65
1791415282.028, 284.41 W, 1890 MHz, 65
1791415282.561, 284.57 W, 1890 MHz, 65
1791415283.096, 284.55 W, 1890 MHz, 65
1791415283.629, 284.74 W, 1890 MHz, 65
1791415284.161, 285.28 W, 1890 MHz, 65
1791415284.693, 284.58 W, 1890 MHz, 65
1791415285.226, 284.24 W, 1890 MHz, 65
1791415285.759, 284.68 W, 1890 MHz, 65
1791415286.293, 284.52 W, 1890 MHz, 65
1791415286.825, 284.45 W, 1890 MHz, 65
1791415287.359, 284.89 W, 1890 MHz, 65
1791415287.894, 284.51 W, 1890 MHz, 65
1791415288.428, 284.43 W, 1890 MHz, 65
1791415288.960, 284.67 W, 1890 MHz, 65
1791415289.492, 285.40 W, 1890 MHz, 65
1791415290.026, 285.08 W, 1890 MHz, 65
1791415290.560, 284.93 W, 1890 MHz, 65
1791415291.093, 284.68 W, 1890 MHz, 65
1791415291.626, 285.08 W, 1890 MHz, 65
1791415292.164, 285.25 W, 1890 MHz, 65
1791415292.696, 284.78 W, 1890 MHz, 65
1791415293.229, 284.73 W, 1890 MHz, 65
1791415293.762, 284.93 W, 1890 MHz, 65
1791415294.293, 284.80 W, 1890 MHz, 65
1791415294.827, 284.92 W, 1890 MHz, 65
1791415295.360, 285.00 W, 1890 MHz, 65
1791415295.894, 284.35 W, 1890 MHz, 65
1791415296.428, 285.10 W, 1890 MHz, 65
1791415296.961, 284.63 W, 1890 MHz, 65
1791415297.495, 284.98 W, 1890 MHz, 65
1791415298.027, 285.06 W, 1890 MHz, 65
1791415298.562, 285.02 W, 1890 MHz, 65
1791415299.097, 285.11 W, 1890 MHz, 65
1791415299.629, 285.24 W, 1890 MHz, 65
1791415300.161, 285.02 W, 1890 MHz, 65
1791415300.694, 285.31 W, 1890 MHz, 65
1791415301.226, 285.01 W, 1890 MHz, 65
1791415301.758, 284.61 W, 1890 MHz, 65
1791415302.291, 284.68 W, 1890 MHz, 65
1791415302.825, 285.03 W, 1890 MHz, 65
1791415303.359, 284.98 W, 1890 MHz, 65
1791415303.893, 284.82 W, 1890 MHz, 65
1791415304.427, 284.67 W, 1890 MHz, 65
1791415304.961, 284.71 W, 1890 MHz, 65
1791415305.495, 284.93 W, 1890 MHz, 65
1791415306.026, 285.10 W, 1890 MHz, 65
1791415306.560, 285.14 W, 1890 MHz, 65
1791415307.095, 285.46 W, 1890 MHz, 65
1791415307.629, 285.69 W, 1890 MHz, 65
1791415308.163, 285.68 W, 1890 MHz, 65
1791415308.697, 285.17 W, 1890 MHz, 65
1791415309.231, 285.33 W, 1890 MHz, 65
1791415309.764, 285.25 W, 1890 MHz, 65
1791415310.298, 285.25 W, 1890 MHz, 65
1791415310.831, 284.96 W, 1890 MHz, 65
1791415311.364, 284.75 W, 1890 MHz, 65
1791415311.898, 284.87 W, 1890 MHz, 65
1791415312.432, 284.74 W, 1890 MHz, 65
1791415312.966, 284.27 W, 1890 MHz, 65
1791415313.499, 284.37 W, 1890 MHz, 65
1791415314.032, 284.28 W, 1890 MHz, 65
1791415314.564, 284.16 W, 1890 MHz, 65
1791415315.096, 284.28 W, 1890 MHz, 65
1791415315.630, 284.11 W, 1890 MHz, 65
1791415316.164, 284.16 W, 1890 MHz, 65
1791415316.696, 284.15 W, 1890 MHz, 65
1791415317.228, 284.04 W, 1890 MHz, 65
1791415317.761, 283.76 W, 1890 MHz, 65
1791415318.294, 283.58 W, 1890 MHz, 65
1791415318.827, 283.69 W, 1890 MHz, 65
1791415319.361, 283.60 W, 1890 MHz, 65
1791415319.895, 283.86 W, 1890 MHz, 65
1791415320.426, 284.21 W, 1890 MHz, 65
1791415320.961, 284.34 W, 1890 MHz, 65
1791415321.494, 284.11 W, 1890 MHz, 65
1791415322.028, 283.91 W, 1890 MHz, 65
1791415322.561, 283.78 W, 1890 MHz, 65
1791415323.095, 284.13 W, 1890 MHz, 65
1791415323.627, 284.23 W, 1890 MHz, 65
1791415324.159, 284.33 W, 1890 MHz, 65
1791415324.693, 284.06 W, 1890 MHz, 65
1791415325.228, 283.83 W, 1890 MHz, 65
1791415325.762, 284.15 W, 1890 MHz, 65
1791415326.296, 284.32 W, 1890 MHz, 65
1791415326.829, 284.29 W, 1890 MHz, 65
1791415327.361, 284.16 W, 1890 MHz, 65
1791415327.894, 283.91 W, 1890 MHz, 65
1791415328.427, 281.49 W, 1890 MHz, 65
1791415328.961, 281.95 W, 1890 MHz, 65
1791415329.494, 283.80 W, 1890 MHz, 65
1791415330.027, 283.73 W, 1890 MHz, 65
1791415330.561, 283.32 W, 1890 MHz, 65
1791415331.095, 283.36 W, 1890 MHz, 65
1791415331.630, 283.26 W, 1890 MHz, 65
1791415332.164, 283.52 W, 1890 MHz, 65
1791415332.698, 283.73 W, 1890 MHz, 65
1791415333.233, 283.47 W, 1890 MHz, 64
1791415333.766, 283.70 W, 1890 MHz, 65
1791415334.301, 283.52 W, 1890 MHz, 64
1791415334.835, 283.64 W, 1890 MHz, 65
1791415335.367, 283.58 W, 1890 MHz, 65
1791415335.901, 283.51 W, 1890 MHz, 65
1791415336.433, 283.94 W, 1890 MHz, 65
1791415336.968, 283.89 W, 1890 MHz, 65
1791415337.502, 284.09 W, 1890 MHz, 65
1791415338.035, 283.96 W, 1890 MHz, 65
1791415338.566, 284.25 W, 1890 MHz, 64
1791415339.102, 284.24 W, 1890 MHz, 65
1791415339.636, 283.84 W, 1890 MHz, 65
1791415340.169, 283.64 W, 1890 MHz, 65
1791415340.703, 283.76 W, 1890 MHz, 64
1791415341.236, 283.74 W, 1890 MHz, 65
1791415341.770, 283.68 W, 1890 MHz, 65
1791415342.303, 283.43 W, 1890 MHz, 64
1791415342.837, 283.46 W, 1890 MHz, 65
1791415343.371, 283.62 W, 1890 MHz, 64
1791415343.905, 283.44 W, 1890 MHz, 65
1791415344.438, 283.38 W, 1890 MHz, 65
1791415344.970, 283.34 W, 1890 MHz, 64
1791415345.503, 282.83 W, 1890 MHz, 64
1791415346.036, 282.70 W, 1890 MHz, 64
1791415346.569, 282.70 W, 1890 MHz, 64
1791415347.101, 282.79 W, 1890 MHz, 65
1791415347.634, 282.66 W, 1890 MHz, 65
1791415348.166, 282.58 W, 1890 MHz, 64
1791415348.701, 282.39 W, 1890 MHz, 64
1791415349.235, 282.52 W, 1890 MHz, 64
1791415349.768, 282.74 W, 1890 MHz, 64
1791415350.301, 282.33 W, 1890 MHz, 64
1791415350.837, 282.07 W, 1890 MHz, 64
1791415351.368, 282.20 W, 1890 MHz, 64
1791415351.900, 282.37 W, 1890 MHz, 64
1791415352.434, 282.54 W, 1890 MHz, 64
1791415352.968, 282.69 W, 1890 MHz, 65
1791415353.502, 282.96 W, 1890 MHz, 64
1791415354.033, 282.87 W, 1890 MHz, 64
1791415354.565, 282.65 W, 1890 MHz, 64
1791415355.099, 282.64 W, 1890 MHz, 64
1791415355.632, 282.71 W, 1890 MHz, 64
1791415356.166, 282.83 W, 1890 MHz, 64
1791415356.697, 282.62 W, 1890 MHz, 64
1791415357.230, 282.71 W, 1890 MHz, 64
1791415357.765, 282.73 W, 1890 MHz, 64
1791415358.298, 282.71 W, 1890 MHz, 64
1791415358.831, 282.77 W, 1890 MHz, 64
1791415359.363, 282.98 W, 1890 MHz, 64
1791415359.894, 282.69 W, 1890 MHz, 64
1791415360.426, 282.70 W, 1890 MHz, 64
1791415360.958, 282.70 W, 1890 MHz, 64
1791415361.486, 185.61 W, 1897 MHz, 61
1791415362.016, 103.21 W, 1897 MHz, 61
1791415362.546, 103.21 W, 1897 MHz, 61
1791415363.076, 80.26 W, 1897 MHz, 61
1791415363.606, 80.26 W, 1897 MHz, 60
1791415364.138, 80.25 W, 1897 MHz, 60
1791415364.667, 80.25 W, 1897 MHz, 60
1791415365.195, 79.84 W, 1897 MHz, 60
1791415365.725, 79.84 W, 1897 MHz, 59
1791415366.255, 79.20 W, 1897 MHz, 59
1791415366.784, 79.20 W, 1897 MHz, 59
1791415367.314, 78.92 W, 1897 MHz, 59
1791415367.843, 78.92 W, 1897 MHz, 59
1791415368.373, 78.28 W, 1897 MHz, 58
1791415368.902, 78.28 W, 1897 MHz, 58
1791415369.433, 77.62 W, 1897 MHz, 58
1791415369.963, 77.62 W, 1897 MHz, 58
1791415370.491, 77.71 W, 1897 MHz, 58
1791415371.019, 77.44 W, 1897 MHz, 58
1791415371.548, 77.44 W, 1897 MHz, 58
1791415372.076, 77.51 W, 1897 MHz, 58
1791415372.605, 77.51 W, 1897 MHz, 57
1791415373.133, 77.14 W, 1897 MHz, 57
1791415373.662, 77.14 W, 1897 MHz, 57
1791415374.191, 76.15 W, 1897 MHz, 57
1791415374.721, 76.15 W, 1897 MHz, 57
1791415375.251, 75.96 W, 1897 MHz, 57
1791415375.781, 75.96 W, 1897 MHz, 57
1791415376.312, 75.90 W, 1897 MHz, 56
1791415376.844, 75.90 W, 1897 MHz, 56
1791415377.373, 76.01 W, 1897 MHz, 56
1791415377.902, 76.01 W, 1897 MHz, 56
1791415378.431, 75.92 W, 1897 MHz, 56
1791415378.961, 75.92 W, 1897 MHz, 56
1791415379.492, 75.79 W, 1897 MHz, 56
1791415380.022, 75.50 W, 1897 MHz, 56
1791415380.551, 75.50 W, 1897 MHz, 56
1791415381.081, 75.11 W, 1897 MHz, 56
1791415381.609, 75.11 W, 1897 MHz, 56
1791415382.138, 75.11 W, 1897 MHz, 56
1791415382.669, 75.11 W, 1897 MHz, 55
1791415383.197, 75.11 W, 1897 MHz, 55
1791415383.726, 75.11 W, 1897 MHz, 55
1791415384.255, 74.58 W, 1897 MHz, 55
1791415384.784, 74.58 W, 1897 MHz, 55
1791415385.312, 74.59 W, 1897 MHz, 55
1791415385.842, 74.59 W, 1897 MHz, 55
1791415386.372, 74.68 W, 1897 MHz, 55
1791415386.901, 74.68 W, 1897 MHz, 55
1791415387.431, 74.36 W, 1897 MHz, 54
1791415387.960, 74.36 W, 1897 MHz, 54
1791415388.489, 74.45 W, 1897 MHz, 54
1791415389.018, 74.25 W, 1897 MHz, 54
1791415389.549, 74.25 W, 1897 MHz, 54
1791415390.080, 73.85 W, 1897 MHz, 54
1791415390.609, 73.85 W, 1897 MHz, 54
1791415391.140, 73.74 W, 1897 MHz, 54
1791415391.669, 73.74 W, 1897 MHz, 54
1791415392.198, 83.90 W, 2445 MHz, 54
1791415392.728, 83.90 W, 2445 MHz, 54
1791415393.257, 84.10 W, 2445 MHz, 54
1791415393.784, 84.10 W, 2445 MHz, 54
1791415394.314, 84.41 W, 2445 MHz, 54
1791415394.844, 84.41 W, 2445 MHz, 54
1791415395.375, 84.48 W, 2445 MHz, 53
1791415395.904, 84.48 W, 2445 MHz, 53
1791415396.433, 84.45 W, 2445 MHz, 53
1791415396.963, 84.45 W, 2445 MHz, 53
1791415397.492, 84.32 W, 2445 MHz, 53
1791415398.021, 84.10 W, 2445 MHz, 53
1791415398.550, 84.10 W, 2445 MHz, 53
1791415399.079, 83.78 W, 2445 MHz, 53
1791415399.609, 83.78 W, 2445 MHz, 53
1791415400.138, 83.57 W, 2445 MHz, 53
1791415400.668, 83.57 W, 2445 MHz, 53
1791415401.197, 83.60 W, 2445 MHz, 53
1791415401.727, 83.60 W, 2445 MHz, 53
1791415402.256, 83.46 W, 2445 MHz, 53
1791415402.786, 83.46 W, 2445 MHz, 53
1791415403.314, 83.26 W, 2445 MHz, 53
1791415403.844, 83.26 W, 2445 MHz, 53
1791415404.372, 83.38 W, 2445 MHz, 52
1791415404.901, 83.38 W, 2445 MHz, 52
1791415405.430, 83.35 W, 2445 MHz, 52
1791415405.960, 83.35 W, 2445 MHz, 52
1791415406.489, 82.93 W, 2445 MHz, 52
1791415407.019, 82.97 W, 2445 MHz, 52
1791415407.548, 82.97 W, 2445 MHz, 52
1791415408.079, 83.08 W, 2445 MHz, 52
1791415408.608, 83.08 W, 2445 MHz, 52
1791415409.136, 83.03 W, 2445 MHz, 52
1791415409.666, 83.03 W, 2445 MHz, 52
1791415410.194, 83.12 W, 2445 MHz, 52
1791415410.723, 83.12 W, 2445 MHz, 52
1791415411.252, 83.25 W, 2445 MHz, 52
1791415411.780, 83.25 W, 2445 MHz, 52
1791415412.309, 83.03 W, 2445 MHz, 52
1791415412.838, 83.03 W, 2445 MHz, 52
1791415413.369, 82.63 W, 2445 MHz, 51
1791415413.899, 82.63 W, 2445 MHz, 51
1791415414.430, 82.70 W, 2445 MHz, 51
1791415414.959, 82.70 W, 2445 MHz, 51
1791415415.488, 82.49 W, 2445 MHz, 51
1791415416.017, 82.02 W, 2445 MHz, 51
1791415416.546, 82.02 W, 2445 MHz, 51
1791415417.075, 81.94 W, 2445 MHz, 51
1791415417.605, 81.94 W, 2445 MHz, 51
1791415418.136, 81.75 W, 2445 MHz, 51
1791415418.664, 81.75 W, 2445 MHz, 51
1791415419.192, 81.30 W, 2445 MHz, 51
1791415419.721, 81.30 W, 2445 MHz, 51
1791415420.249, 81.42 W, 2445 MHz, 51
1791415420.777, 81.42 W, 2445 MHz, 51
1791415421.306, 81.36 W, 2445 MHz, 51
1791415421.835, 81.36 W, 2445 MHz, 51
1791415422.365, 81.38 W, 2445 MHz, 50
1791415422.894, 81.38 W, 2445 MHz, 50
1791415423.425, 81.18 W, 2445 MHz, 50
1791415423.956, 81.18 W, 2445 MHz, 50
1791415424.486, 80.70 W, 2445 MHz, 50
1791415425.016, 80.22 W, 2445 MHz, 50
1791415425.545, 80.22 W, 2445 MHz, 50
1791415426.073, 80.21 W, 2445 MHz, 50
1791415426.604, 80.21 W, 2445 MHz, 50
1791415427.132, 80.30 W, 2445 MHz, 50
1791415427.661, 80.30 W, 2445 MHz, 50
1791415428.190, 80.33 W, 2445 MHz, 50
1791415428.720, 80.33 W, 2445 MHz, 50
1791415429.249, 80.31 W, 2445 MHz, 50
1791415429.778, 80.31 W, 2445 MHz, 50
1791415430.310, 79.71 W, 2445 MHz, 50
1791415430.840, 79.71 W, 2445 MHz, 50
1791415431.370, 79.76 W, 2445 MHz, 50
1791415431.899, 79.76 W, 2445 MHz, 50
1791415432.428, 79.70 W, 2445 MHz, 50
1791415432.957, 79.70 W, 2445 MHz, 50
1791415433.487, 79.50 W, 2445 MHz, 50
1791415434.015, 79.53 W, 2445 MHz, 50
1791415434.544, 79.53 W, 2445 MHz, 49
1791415435.074, 79.60 W, 2445 MHz, 49
1791415435.606, 79.60 W, 2445 MHz, 49
1791415436.135, 79.82 W, 2445 MHz, 49
1791415436.663, 79.82 W, 2445 MHz, 49
1791415437.192, 79.80 W, 2445 MHz, 49
1791415437.723, 79.80 W, 2445 MHz, 49
1791415438.252, 79.50 W, 2445 MHz, 49
1791415438.782, 79.50 W, 2445 MHz, 49
1791415439.312, 79.23 W, 2445 MHz, 49
1791415439.841, 79.23 W, 2445 MHz, 49
1791415440.371, 79.37 W, 2445 MHz, 49
1791415440.901, 79.37 W, 2445 MHz, 49
1791415441.429, 79.50 W, 2445 MHz, 49
1791415441.958, 79.50 W, 2445 MHz, 49
1791415442.486, 79.51 W, 2445 MHz, 49
1791415443.015, 79.30 W, 2445 MHz, 49
1791415443.545, 79.30 W, 2445 MHz, 49
1791415444.073, 79.09 W, 2445 MHz, 49
1791415444.602, 79.09 W, 2445 MHz, 49
1791415445.132, 79.23 W, 2445 MHz, 49
1791415445.663, 79.23 W, 2445 MHz, 49
1791415446.192, 79.20 W, 2445 MHz, 49
1791415446.721, 79.20 W, 2445 MHz, 49
1791415447.251, 79.15 W, 2445 MHz, 49
1791415447.781, 79.15 W, 2445 MHz, 48
1791415448.310, 78.75 W, 2445 MHz, 48
1791415448.840, 78.75 W, 2445 MHz, 48
1791415449.370, 78.88 W, 2445 MHz, 48
1791415449.899, 78.88 W, 2445 MHz, 48
1791415450.428, 79.09 W, 2445 MHz, 48
1791415450.958, 79.09 W, 2445 MHz, 48
1791415451.487, 78.99 W, 2445 MHz, 48
1791415452.017, 78.82 W, 2445 MHz, 48
1791415452.547, 78.82 W, 2445 MHz, 48
1791415453.075, 78.86 W, 2445 MHz, 48
1791415453.605, 78.86 W, 2445 MHz, 48
1791415454.136, 78.79 W, 2445 MHz, 48
1791415454.665, 78.79 W, 2445 MHz, 48
1791415455.195, 78.78 W, 2445 MHz, 48
1791415455.725, 78.78 W, 2445 MHz, 48
1791415456.255, 78.53 W, 2445 MHz, 48
1791415456.786, 78.53 W, 2445 MHz, 48
1791415457.315, 78.57 W, 2445 MHz, 48
1791415457.844, 78.57 W, 2445 MHz, 48
1791415458.374, 78.50 W, 2445 MHz, 48
1791415458.904, 78.50 W, 2445 MHz, 48
1791415459.433, 78.47 W, 2445 MHz, 48
1791415459.964, 78.47 W, 2445 MHz, 48
1791415460.493, 78.46 W, 2445 MHz, 48
1791415461.023, 78.19 W, 2445 MHz, 48
1791415461.552, 78.19 W, 2445 MHz, 47
1791415462.082, 78.34 W, 2445 MHz, 47
1791415462.613, 78.34 W, 2445 MHz, 47
1791415463.143, 78.70 W, 2445 MHz, 47
1791415463.672, 78.70 W, 2445 MHz, 47
1791415464.203, 78.79 W, 2445 MHz, 47
1791415464.733, 78.79 W, 2445 MHz, 47
1791415465.263, 78.72 W, 2445 MHz, 47
1791415465.793, 78.72 W, 2445 MHz, 47
1791415466.323, 78.50 W, 2445 MHz, 47
1791415466.852, 78.50 W, 2445 MHz, 47
1791415467.380, 78.45 W, 2445 MHz, 47
1791415467.908, 78.45 W, 2445 MHz, 47
1791415468.436, 78.47 W, 2445 MHz, 47
1791415468.965, 78.47 W, 2445 MHz, 47
1791415469.496, 78.28 W, 2445 MHz, 47
1791415470.027, 77.88 W, 2445 MHz, 47
1791415470.556, 77.88 W, 2445 MHz, 47
1791415471.088, 77.95 W, 2445 MHz, 47
1791415471.616, 77.95 W, 2445 MHz, 47
1791415472.146, 77.67 W, 2445 MHz, 47
1791415472.674, 77.67 W, 2445 MHz, 47
1791415473.204, 77.86 W, 2445 MHz, 47
1791415473.734, 77.86 W, 2445 MHz, 47
1791415474.265, 78.19 W, 2445 MHz, 47
1791415474.795, 78.19 W, 2445 MHz, 47
1791415475.324, 78.34 W, 2445 MHz, 47
1791415475.854, 78.34 W, 2445 MHz, 47
1791415476.383, 78.34 W, 2445 MHz, 47
1791415476.912, 78.34 W, 2445 MHz, 47
1791415477.442, 78.30 W, 2445 MHz, 47
1791415477.972, 78.30 W, 2445 MHz, 47
1791415478.501, 78.11 W, 2445 MHz, 46
1791415479.033, 77.94 W, 2445 MHz, 46
1791415479.563, 77.94 W, 2445 MHz, 46
1791415480.094, 77.64 W, 2445 MHz, 46
1791415480.625, 77.64 W, 2445 MHz, 46
1791415481.153, 77.47 W, 2445 MHz, 46
1791415481.681, 77.47 W, 2445 MHz, 46
1791415482.211, 221.33 W, 2377 MHz, 46
1791415482.744, 301.38 W, 2370 MHz, 57
1791415483.276, 495.05 W, 2370 MHz, 58
1791415483.812, 494.63 W, 2370 MHz, 60
1791415484.344, 495.26 W, 2370 MHz, 60
1791415484.875, 498.50 W, 2370 MHz, 60
1791415485.407, 497.73 W, 2370 MHz, 60
1791415485.940, 497.89 W, 2370 MHz, 60
1791415486.471, 498.45 W, 2370 MHz, 60
1791415487.004, 497.24 W, 2370 MHz, 61
1791415487.537, 499.11 W, 2370 MHz, 62
1791415488.068, 501.24 W, 2370 MHz, 62
1791415488.599, 499.62 W, 2370 MHz, 63
1791415489.130, 500.49 W, 2370 MHz, 63
1791415489.663, 498.44 W, 2370 MHz, 63
1791415490.196, 495.79 W, 2370 MHz, 63
1791415490.728, 496.64 W, 2370 MHz, 63
1791415491.259, 497.85 W, 2370 MHz, 64
1791415491.795, 463.39 W, 2407 MHz, 59
1791415492.328, 385.52 W, 2437 MHz, 58
1791415492.857, 304.19 W, 2437 MHz, 56
1791415493.385, 177.35 W, 2445 MHz, 53
1791415493.935, 112.83 W, 2445 MHz, 53
1791415494.463, 112.83 W, 2445 MHz, 53
1791415494.990, 82.50 W, 2445 MHz, 52
1791415495.519, 82.50 W, 2445 MHz, 52
1791415496.047, 82.21 W, 2445 MHz, 52
1791415496.575, 82.02 W, 2445 MHz, 52
1791415497.106, 218.13 W, 2370 MHz, 60
1791415497.637, 481.05 W, 2370 MHz, 62
1791415498.170, 500.08 W, 2370 MHz, 62
1791415498.704, 500.23 W, 2370 MHz, 63
1791415499.237, 501.70 W, 2370 MHz, 64
1791415499.771, 500.62 W, 2370 MHz, 64
1791415500.304, 503.76 W, 2370 MHz, 65
1791415500.836, 502.26 W, 2370 MHz, 65
1791415501.367, 502.57 W, 2370 MHz, 66
1791415501.900, 505.37 W, 2370 MHz, 65
1791415502.432, 504.76 W, 2370 MHz, 65
1791415502.966, 506.40 W, 2370 MHz, 66
1791415503.498, 506.15 W, 2370 MHz, 66
1791415504.029, 505.44 W, 2370 MHz, 66
1791415504.560, 503.65 W, 2370 MHz, 65
1791415505.090, 502.45 W, 2370 MHz, 65
1791415505.621, 503.51 W, 2370 MHz, 67
1791415506.152, 504.08 W, 2370 MHz, 67
1791415506.686, 503.41 W, 2370 MHz, 67
1791415507.217, 503.04 W, 2370 MHz, 67
1791415507.751, 502.77 W, 2370 MHz, 68
1791415508.281, 503.60 W, 2370 MHz, 68
1791415508.812, 504.06 W, 2370 MHz, 68
1791415509.344, 504.71 W, 2370 MHz, 69
1791415509.877, 505.04 W, 2370 MHz, 69
1791415510.409, 505.77 W, 2370 MHz, 68
1791415510.942, 506.74 W, 2370 MHz, 69
1791415511.475, 506.30 W, 2370 MHz, 68
1791415512.006, 505.95 W, 2370 MHz, 69
1791415512.538, 505.43 W, 2370 MHz, 69
1791415513.071, 504.92 W, 2370 MHz, 69
1791415513.605, 504.57 W, 2370 MHz, 69
1791415514.139, 503.96 W, 2370 MHz, 70
1791415514.672, 504.74 W, 2370 MHz, 70
1791415515.203, 505.11 W, 2370 MHz, 69
1791415515.735, 505.64 W, 2370 MHz, 71
1791415516.266, 505.29 W, 2370 MHz, 71
1791415516.800, 506.09 W, 2370 MHz, 71
1791415517.333, 505.65 W, 2370 MHz, 71
1791415517.866, 506.06 W, 2370 MHz, 72
1791415518.399, 508.10 W, 2370 MHz, 71
1791415518.932, 508.20 W, 2370 MHz, 71
1791415519.465, 506.88 W, 2370 MHz, 71
1791415519.996, 508.58 W, 2370 MHz, 72
1791415520.529, 507.37 W, 2370 MHz, 72
1791415521.059, 506.90 W, 2370 MHz, 72
1791415521.591, 506.44 W, 2370 MHz, 73
1791415522.122, 506.30 W, 2370 MHz, 73
1791415522.653, 505.51 W, 2370 MHz, 71
1791415523.185, 506.50 W, 2370 MHz, 72
1791415523.717, 505.56 W, 2370 MHz, 73
1791415524.249, 505.67 W, 2370 MHz, 73
1791415524.780, 506.96 W, 2370 MHz, 74
1791415525.312, 506.31 W, 2370 MHz, 72
1791415525.846, 508.15 W, 2370 MHz, 73
1791415526.379, 508.32 W, 2370 MHz, 74
1791415526.911, 508.55 W, 2370 MHz, 74
1791415527.442, 510.08 W, 2370 MHz, 75
1791415527.972, 509.57 W, 2370 MHz, 74
1791415528.504, 508.48 W, 2370 MHz, 74
1791415529.039, 506.89 W, 2370 MHz, 74
1791415529.573, 505.53 W, 2370 MHz, 75
1791415530.105, 505.39 W, 2370 MHz, 74
1791415530.636, 504.68 W, 2370 MHz, 74
1791415531.169, 505.15 W, 2370 MHz, 74
1791415531.700, 505.36 W, 2370 MHz, 74
1791415532.232, 507.36 W, 2370 MHz, 75
1791415532.763, 507.60 W, 2370 MHz, 75
1791415533.293, 507.80 W, 2370 MHz, 75
1791415533.824, 509.54 W, 2370 MHz, 75
1791415534.354, 509.54 W, 2370 MHz, 75
1791415534.886, 510.46 W, 2370 MHz, 75
1791415535.417, 508.48 W, 2370 MHz, 75
1791415535.950, 508.84 W, 2370 MHz, 76
1791415536.483, 506.51 W, 2370 MHz, 76
1791415537.016, 507.98 W, 2370 MHz, 76
1791415537.551, 506.84 W, 2370 MHz, 76
1791415538.082, 505.82 W, 2370 MHz, 76
1791415538.612, 504.80 W, 2370 MHz, 76
1791415539.147, 505.04 W, 2370 MHz, 76
1791415539.682, 484.82 W, 2370 MHz, 76
1791415540.216, 408.78 W, 2437 MHz, 71
1791415540.744, 338.45 W, 2437 MHz, 70
1791415541.272, 204.67 W, 2445 MHz, 67
1791415541.799, 137.36 W, 2445 MHz, 65
1791415542.326, 137.36 W, 2445 MHz, 65
1791415542.854, 90.34 W, 2445 MHz, 64
1791415543.382, 90.34 W, 2445 MHz, 64
1791415543.910, 90.07 W, 2445 MHz, 63
1791415544.439, 90.07 W, 2445 MHz, 63
1791415544.970, 163.57 W, 2422 MHz, 70
1791415545.501, 275.83 W, 2355 MHz, 74
1791415546.033, 517.67 W, 2355 MHz, 74
1791415546.565, 518.94 W, 2362 MHz, 74
1791415547.097, 520.56 W, 2362 MHz, 75
1791415547.629, 520.42 W, 2362 MHz, 74
1791415548.160, 521.26 W, 2355 MHz, 76
1791415548.691, 519.46 W, 2355 MHz, 76
1791415549.224, 519.40 W, 2355 MHz, 76
1791415549.755, 521.12 W, 2355 MHz, 76
1791415550.286, 523.20 W, 2355 MHz, 76
1791415550.820, 522.55 W, 2355 MHz, 77
1791415551.351, 523.36 W, 2355 MHz, 76
1791415551.885, 523.91 W, 2355 MHz, 77
1791415552.418, 521.96 W, 2362 MHz, 77
1791415552.950, 519.17 W, 2362 MHz, 77
1791415553.484, 518.53 W, 2362 MHz, 77
1791415554.017, 519.35 W, 2362 MHz, 77
1791415554.549, 519.58 W, 2362 MHz, 77
1791415555.082, 518.78 W, 2362 MHz, 77
1791415555.614, 519.90 W, 2362 MHz, 77
1791415556.147, 520.21 W, 2362 MHz, 77
1791415556.678, 522.22 W, 2362 MHz, 77
1791415557.210, 522.85 W, 2362 MHz, 77
1791415557.743, 523.24 W, 2362 MHz, 78
1791415558.276, 521.83 W, 2362 MHz, 78
1791415558.806, 522.28 W, 2362 MHz, 78
1791415559.336, 522.07 W, 2362 MHz, 78
1791415559.868, 522.32 W, 2362 MHz, 77
1791415560.400, 520.28 W, 2362 MHz, 79
1791415560.930, 518.85 W, 2362 MHz, 79
1791415561.463, 520.24 W, 2362 MHz, 79
1791415561.995, 519.75 W, 2362 MHz, 79
1791415562.529, 519.50 W, 2362 MHz, 79
1791415563.062, 519.48 W, 2362 MHz, 79
1791415563.596, 520.28 W, 2362 MHz, 79
1791415564.126, 519.84 W, 2362 MHz, 79
1791415564.657, 521.56 W, 2362 MHz, 79
1791415565.188, 521.96 W, 2362 MHz, 79
1791415565.720, 521.86 W, 2362 MHz, 79
1791415566.253, 520.67 W, 2362 MHz, 79
1791415566.784, 522.29 W, 2362 MHz, 80
1791415567.316, 522.17 W, 2362 MHz, 80
1791415567.848, 521.40 W, 2362 MHz, 80
1791415568.381, 521.88 W, 2362 MHz, 80
1791415568.914, 520.83 W, 2362 MHz, 80
1791415569.445, 520.41 W, 2362 MHz, 80
1791415569.977, 519.83 W, 2362 MHz, 80
1791415570.509, 520.54 W, 2362 MHz, 80
1791415571.040, 520.26 W, 2362 MHz, 80
1791415571.573, 520.33 W, 2362 MHz, 81
1791415572.104, 520.55 W, 2362 MHz, 78
1791415572.636, 518.90 W, 2362 MHz, 80
1791415573.170, 520.65 W, 2362 MHz, 80
1791415573.703, 519.83 W, 2362 MHz, 81
1791415574.234, 522.54 W, 2362 MHz, 81
1791415574.766, 523.10 W, 2362 MHz, 81
1791415575.297, 523.22 W, 2362 MHz, 81
1791415575.829, 522.98 W, 2362 MHz, 80
1791415576.362, 522.46 W, 2362 MHz, 82
1791415576.894, 521.24 W, 2362 MHz, 82
1791415577.423, 518.59 W, 2362 MHz, 81
1791415577.954, 517.89 W, 2362 MHz, 81
1791415578.488, 517.64 W, 2362 MHz, 81
1791415579.021, 517.26 W, 2362 MHz, 82
1791415579.552, 518.85 W, 2362 MHz, 81
1791415580.084, 518.57 W, 2362 MHz, 81
1791415580.616, 519.47 W, 2362 MHz, 81
1791415581.147, 522.21 W, 2362 MHz, 82
1791415581.678, 520.88 W, 2362 MHz, 82
1791415582.211, 521.24 W, 2362 MHz, 81
1791415582.743, 520.91 W, 2362 MHz, 81
1791415583.276, 521.34 W, 2362 MHz, 83
1791415583.809, 520.65 W, 2362 MHz, 82
1791415584.341, 520.31 W, 2362 MHz, 81
1791415584.871, 521.47 W, 2362 MHz, 82
1791415585.402, 520.24 W, 2362 MHz, 82
1791415585.934, 515.63 W, 2362 MHz, 82
1791415586.465, 516.37 W, 2362 MHz, 83
1791415586.997, 516.15 W, 2370 MHz, 82
1791415587.530, 517.06 W, 2362 MHz, 82
1791415588.063, 478.08 W, 2437 MHz, 79
1791415588.598, 385.93 W, 2437 MHz, 76
1791415589.126, 303.63 W, 2445 MHz, 76
1791415589.659, 180.42 W, 2445 MHz, 71
1791415590.191, 327.83 W, 2347 MHz, 79
1791415590.724, 529.50 W, 2347 MHz, 81
1791415591.255, 530.27 W, 2347 MHz, 81
1791415591.790, 532.73 W, 2347 MHz, 80
1791415592.322, 533.35 W, 2347 MHz, 82
1791415592.854, 534.10 W, 2347 MHz, 83
1791415593.386, 533.45 W, 2347 MHz, 83
1791415593.920, 532.57 W, 2347 MHz, 83
1791415594.451, 531.50 W, 2347 MHz, 83
1791415594.983, 535.29 W, 2347 MHz, 83
1791415595.514, 533.96 W, 2347 MHz, 83
1791415596.044, 535.74 W, 2347 MHz, 83
1791415596.580, 536.09 W, 2347 MHz, 83
1791415597.114, 535.46 W, 2347 MHz, 83
1791415597.645, 533.02 W, 2355 MHz, 83
1791415598.177, 531.24 W, 2355 MHz, 83
1791415598.709, 530.89 W, 2355 MHz, 83
1791415599.241, 531.77 W, 2347 MHz, 83
1791415599.775, 486.99 W, 2430 MHz, 83
1791415600.308, 403.90 W, 2437 MHz, 77
1791415600.837, 313.27 W, 2445 MHz, 73
1791415601.370, 190.54 W, 2445 MHz, 71
1791415601.902, 342.43 W, 2347 MHz, 81
1791415602.436, 532.10 W, 2347 MHz, 82
1791415602.967, 531.86 W, 2347 MHz, 82
1791415603.498, 532.26 W, 2347 MHz, 83
1791415604.030, 534.00 W, 2347 MHz, 84
1791415604.563, 533.63 W, 2347 MHz, 84
1791415605.094, 534.71 W, 2347 MHz, 84
1791415605.625, 534.21 W, 2347 MHz, 84
1791415606.158, 534.26 W, 2347 MHz, 83
1791415606.690, 536.59 W, 2347 MHz, 83
1791415607.224, 536.91 W, 2347 MHz, 83
1791415607.757, 538.70 W, 2347 MHz, 83
1791415608.286, 534.71 W, 2347 MHz, 83
1791415608.818, 535.22 W, 2347 MHz, 83
1791415609.350, 534.20 W, 2347 MHz, 83
1791415609.884, 533.90 W, 2347 MHz, 83
1791415610.418, 533.02 W, 2347 MHz, 84
1791415610.952, 535.07 W, 2347 MHz, 84
1791415611.486, 492.91 W, 2437 MHz, 83
1791415612.020, 410.06 W, 2437 MHz, 78
1791415612.555, 335.49 W, 2437 MHz, 77
1791415613.089, 331.88 W, 2437 MHz, 77
1791415613.622, 344.99 W, 2437 MHz, 77
1791415614.154, 344.66 W, 2437 MHz, 76
1791415614.687, 344.25 W, 2437 MHz, 76
1791415615.219, 344.36 W, 2437 MHz, 76
1791415615.752, 344.30 W, 2437 MHz, 76
1791415616.286, 343.44 W, 2437 MHz, 76
1791415616.821, 342.80 W, 2437 MHz, 76
1791415617.355, 342.73 W, 2437 MHz, 76
1791415617.888, 342.70 W, 2437 MHz, 76
1791415618.423, 342.39 W, 2437 MHz, 75
1791415618.956, 342.15 W, 2437 MHz, 75
1791415619.489, 342.50 W, 2437 MHz, 75
1791415620.021, 342.55 W, 2437 MHz, 75
1791415620.556, 342.08 W, 2437 MHz, 75
1791415621.088, 341.81 W, 2437 MHz, 75
1791415621.623, 341.95 W, 2437 MHz, 75
1791415622.156, 342.35 W, 2437 MHz, 75
1791415622.693, 342.23 W, 2437 MHz, 75
1791415623.228, 341.74 W, 2437 MHz, 75
1791415623.761, 341.89 W, 2437 MHz, 75
1791415624.296, 342.07 W, 2437 MHz, 75
1791415624.830, 341.83 W, 2437 MHz, 74
1791415625.363, 341.92 W, 2437 MHz, 74
1791415625.896, 341.41 W, 2437 MHz, 74
1791415626.428, 340.69 W, 2437 MHz, 74
1791415626.962, 340.97 W, 2437 MHz, 74
1791415627.496, 341.21 W, 2437 MHz, 74
1791415628.028, 341.02 W, 2437 MHz, 74
1791415628.561, 341.13 W, 2437 MHz, 74
1791415629.094, 340.34 W, 2437 MHz, 74
1791415629.626, 339.34 W, 2437 MHz, 74
1791415630.159, 339.00 W, 2437 MHz, 74
1791415630.692, 339.20 W, 2437 MHz, 74
1791415631.226, 339.28 W, 2437 MHz, 74
1791415631.760, 339.09 W, 2437 MHz, 73
1791415632.293, 339.23 W, 2437 MHz, 73
1791415632.828, 339.44 W, 2437 MHz, 73
1791415633.362, 338.98 W, 2437 MHz, 73
1791415633.899, 338.10 W, 2437 MHz, 73
1791415634.432, 337.64 W, 2437 MHz, 73
1791415634.965, 337.68 W, 2437 MHz, 73
1791415635.498, 338.05 W, 2437 MHz, 73
1791415636.034, 338.55 W, 2437 MHz, 73
1791415636.568, 338.67 W, 2437 MHz, 73
1791415637.101, 338.20 W, 2437 MHz, 73
1791415637.635, 337.84 W, 2437 MHz, 73
1791415638.168, 337.63 W, 2437 MHz, 73
1791415638.703, 337.43 W, 2437 MHz, 73
1791415639.237, 337.25 W, 2437 MHz, 73
1791415639.772, 337.08 W, 2437 MHz, 73
1791415640.308, 337.01 W, 2437 MHz, 73
1791415640.840, 336.93 W, 2437 MHz, 73
1791415641.373, 336.54 W, 2437 MHz, 73
1791415641.908, 336.31 W, 2437 MHz, 72
1791415642.441, 336.32 W, 2437 MHz, 72
1791415642.977, 336.46 W, 2437 MHz, 72
1791415643.510, 335.17 W, 2437 MHz, 72
1791415644.044, 335.38 W, 2437 MHz, 72
1791415644.577, 336.86 W, 2437 MHz, 72
1791415645.110, 336.70 W, 2437 MHz, 72
1791415645.642, 336.22 W, 2437 MHz, 72
1791415646.177, 336.27 W, 2437 MHz, 72
1791415646.712, 336.45 W, 2437 MHz, 72
1791415647.248, 336.71 W, 2437 MHz, 72
1791415647.780, 336.63 W, 2437 MHz, 72
1791415648.313, 336.55 W, 2437 MHz, 72
1791415648.846, 336.33 W, 2437 MHz, 72
1791415649.378, 335.87 W, 2437 MHz, 72
1791415649.910, 336.20 W, 2437 MHz, 72
1791415650.443, 336.62 W, 2437 MHz, 72
1791415650.977, 336.16 W, 2437 MHz, 72
1791415651.512, 335.89 W, 2437 MHz, 72
1791415652.046, 335.92 W, 2437 MHz, 72
1791415652.582, 336.04 W, 2437 MHz, 72
1791415653.114, 335.89 W, 2437 MHz, 71
1791415653.649, 336.29 W, 2437 MHz, 71
1791415654.183, 336.54 W, 2437 MHz, 71
1791415654.717, 336.06 W, 2437 MHz, 71
1791415655.252, 335.96 W, 2437 MHz, 71
1791415655.784, 336.11 W, 2437 MHz, 71
1791415656.318, 336.14 W, 2437 MHz, 71
1791415656.853, 335.97 W, 2437 MHz, 71
1791415657.387, 335.75 W, 2437 MHz, 71
1791415657.920, 335.41 W, 2437 MHz, 71
1791415658.455, 335.92 W, 2437 MHz, 71
1791415658.989, 336.11 W, 2437 MHz, 71
1791415659.522, 335.50 W, 2437 MHz, 71
1791415660.056, 335.13 W, 2437 MHz, 71
1791415660.590, 334.66 W, 2437 MHz, 71
1791415661.124, 334.92 W, 2437 MHz, 71
1791415661.657, 335.10 W, 2437 MHz, 71
1791415662.191, 334.95 W, 2437 MHz, 71
1791415662.724, 334.97 W, 2437 MHz, 71
1791415663.256, 334.82 W, 2437 MHz, 71
1791415663.789, 334.64 W, 2437 MHz, 71
1791415664.324, 334.26 W, 2437 MHz, 71
1791415664.858, 334.46 W, 2437 MHz, 71
1791415665.393, 334.33 W, 2437 MHz, 71
1791415665.927, 334.11 W, 2437 MHz, 71
1791415666.460, 334.42 W, 2437 MHz, 71
1791415666.992, 334.56 W, 2437 MHz, 71
1791415667.523, 334.36 W, 2437 MHz, 71
1791415668.056, 333.99 W, 2437 MHz, 71
1791415668.589, 333.78 W, 2437 MHz, 71
1791415669.121, 333.87 W, 2437 MHz, 71
1791415669.655, 333.82 W, 2437 MHz, 71
1791415670.186, 333.74 W, 2437 MHz, 71
1791415670.721, 334.06 W, 2437 MHz, 70
1791415671.255, 334.16 W, 2437 MHz, 70
1791415671.789, 334.06 W, 2437 MHz, 70
1791415672.321, 334.15 W, 2437 MHz, 70
1791415672.855, 333.97 W, 2437 MHz, 70
1791415673.389, 333.92 W, 2437 MHz, 70
1791415673.924, 334.05 W, 2437 MHz, 70
1791415674.457, 334.41 W, 2437 MHz, 70
1791415674.991, 333.33 W, 2437 MHz, 70
1791415675.527, 333.09 W, 2437 MHz, 70
1791415676.059, 334.12 W, 2437 MHz, 70
1791415676.595, 333.86 W, 2437 MHz, 70
1791415677.129, 333.88 W, 2437 MHz, 70
1791415677.664, 334.26 W, 2437 MHz, 70
1791415678.197, 333.80 W, 2437 MHz, 70
1791415678.730, 333.64 W, 2437 MHz, 70
1791415679.262, 334.06 W, 2437 MHz, 70
1791415679.797, 334.32 W, 2437 MHz, 70
1791415680.331, 333.85 W, 2437 MHz, 70
1791415680.866, 333.55 W, 2437 MHz, 70
1791415681.399, 333.92 W, 2437 MHz, 70
1791415681.932, 333.96 W, 2437 MHz, 70
1791415682.464, 333.82 W, 2437 MHz, 70
1791415682.997, 333.99 W, 2437 MHz, 70
1791415683.529, 334.04 W, 2437 MHz, 70
1791415684.062, 334.02 W, 2437 MHz, 70
1791415684.595, 334.10 W, 2437 MHz, 70
1791415685.131, 334.19 W, 2437 MHz, 70
1791415685.664, 334.39 W, 2437 MHz, 70
1791415686.198, 334.16 W, 2437 MHz, 70
1791415686.733, 333.79 W, 2437 MHz, 70
1791415687.268, 333.74 W, 2437 MHz, 70
1791415687.803, 333.80 W, 2437 MHz, 70
1791415688.337, 334.04 W, 2437 MHz, 70
1791415688.871, 334.18 W, 2437 MHz, 70
1791415689.403, 334.06 W, 2437 MHz, 70
1791415689.936, 334.16 W, 2437 MHz, 70
1791415690.469, 334.12 W, 2437 MHz, 70
1791415691.003, 333.68 W, 2437 MHz, 70
1791415691.537, 333.21 W, 2437 MHz, 70
1791415692.070, 332.77 W, 2437 MHz, 70
1791415692.604, 332.35 W, 2437 MHz, 70
1791415693.136, 332.33 W, 2437 MHz, 70
1791415693.669, 332.31 W, 2437 MHz, 70
1791415694.201, 332.65 W, 2437 MHz, 70
1791415694.736, 332.92 W, 2437 MHz, 70
1791415695.268, 332.75 W, 2437 MHz, 70
1791415695.802, 332.60 W, 2437 MHz, 70
1791415696.336, 332.46 W, 2437 MHz, 70
1791415696.868, 332.07 W, 2437 MHz, 70
1791415697.401, 331.55 W, 2437 MHz, 70
1791415697.933, 331.39 W, 2437 MHz, 70
1791415698.464, 331.78 W, 2437 MHz, 70
1791415698.996, 332.44 W, 2437 MHz, 70
1791415699.529, 332.55 W, 2437 MHz, 70
1791415700.065, 332.35 W, 2437 MHz, 70
1791415700.598, 332.55 W, 2437 MHz, 70
1791415701.133, 332.64 W, 2437 MHz, 70
1791415701.666, 332.31 W, 2437 MHz, 70
1791415702.200, 332.04 W, 2437 MHz, 70
1791415702.734, 332.08 W, 2437 MHz, 70
1791415703.267, 331.75 W, 2437 MHz, 70
1791415703.800, 331.32 W, 2437 MHz, 70
1791415704.334, 331.69 W, 2437 MHz, 70
1791415704.868, 331.36 W, 2437 MHz, 70
1791415705.402, 331.28 W, 2437 MHz, 69
1791415705.937, 330.86 W, 2437 MHz, 69
1791415706.471, 331.43 W, 2437 MHz, 69
1791415707.003, 333.03 W, 2437 MHz, 69
1791415707.537, 332.98 W, 2437 MHz, 69
1791415708.070, 332.27 W, 2437 MHz, 70
1791415708.604, 331.89 W, 2437 MHz, 69
1791415709.137, 332.02 W, 2437 MHz, 69
1791415709.671, 332.42 W, 2437 MHz, 70
1791415710.204, 332.15 W, 2437 MHz, 69
1791415710.737, 331.83 W, 2437 MHz, 69
1791415711.270, 332.00 W, 2437 MHz, 69
1791415711.806, 332.26 W, 2437 MHz, 69
1791415712.341, 332.28 W, 2437 MHz, 69
1791415712.874, 332.46 W, 2437 MHz, 69
1791415713.409, 332.60 W, 2437 MHz, 69
1791415713.943, 332.53 W, 2437 MHz, 69
1791415714.477, 332.91 W, 2437 MHz, 69
1791415715.011, 333.08 W, 2437 MHz, 69
1791415715.546, 332.76 W, 2437 MHz, 69
1791415716.080, 332.98 W, 2437 MHz, 69
1791415716.613, 333.21 W, 2437 MHz, 69
1791415717.147, 332.90 W, 2437 MHz, 69
1791415717.680, 333.01 W, 2437 MHz, 69
1791415718.214, 333.32 W, 2437 MHz, 69
1791415718.749, 333.23 W, 2437 MHz, 69
1791415719.282, 333.12 W, 2437 MHz, 69
1791415719.816, 332.98 W, 2437 MHz, 69
1791415720.350, 333.05 W, 2437 MHz, 69
1791415720.882, 332.64 W, 2437 MHz, 69
1791415721.415, 332.23 W, 2437 MHz, 69
1791415721.949, 332.56 W, 2437 MHz, 69
1791415722.483, 331.98 W, 2437 MHz, 69
1791415723.016, 331.49 W, 2437 MHz, 69
1791415723.550, 331.39 W, 2437 MHz, 69
1791415724.085, 331.30 W, 2437 MHz, 69
1791415724.619, 331.61 W, 2437 MHz, 69
1791415725.151, 332.17 W, 2437 MHz, 69
1791415725.683, 332.46 W, 2437 MHz, 69
1791415726.216, 332.09 W, 2437 MHz, 69
1791415726.750, 332.09 W, 2437 MHz, 69
1791415727.283, 332.08 W, 2437 MHz, 69
1791415727.818, 331.96 W, 2437 MHz, 69
1791415728.351, 331.95 W, 2437 MHz, 69
1791415728.886, 332.01 W, 2437 MHz, 69
1791415729.418, 332.16 W, 2437 MHz, 69
1791415729.951, 332.21 W, 2437 MHz, 69
1791415730.485, 332.27 W, 2437 MHz, 69
1791415731.020, 332.26 W, 2437 MHz, 69
1791415731.553, 332.40 W, 2437 MHz, 69
1791415732.088, 332.25 W, 2437 MHz, 69
1791415732.621, 332.03 W, 2437 MHz, 69
1791415733.154, 332.24 W, 2437 MHz, 69
1791415733.688, 332.66 W, 2437 MHz, 69
1791415734.224, 332.46 W, 2437 MHz, 69
1791415734.758, 332.07 W, 2437 MHz, 69
1791415735.292, 332.33 W, 2437 MHz, 69
1791415735.824, 332.28 W, 2437 MHz, 69
1791415736.357, 331.79 W, 2437 MHz, 69
1791415736.890, 331.90 W, 2437 MHz, 69
1791415737.424, 332.28 W, 2437 MHz, 69
1791415737.959, 329.00 W, 2437 MHz, 69
1791415738.493, 328.62 W, 2437 MHz, 69
1791415739.025, 331.43 W, 2437 MHz, 69
1791415739.559, 331.31 W, 2437 MHz, 69
1791415740.094, 331.68 W, 2437 MHz, 69
1791415740.629, 331.69 W, 2437 MHz, 69
1791415741.161, 331.84 W, 2437 MHz, 69
1791415741.692, 332.36 W, 2437 MHz, 69
1791415742.224, 332.57 W, 2437 MHz, 69
1791415742.758, 332.60 W, 2437 MHz, 69
1791415743.290, 332.49 W, 2437 MHz, 69
1791415743.822, 332.44 W, 2437 MHz, 69
1791415744.355, 332.57 W, 2437 MHz, 69
1791415744.888, 332.59 W, 2437 MHz, 69
1791415745.421, 332.61 W, 2437 MHz, 69
1791415745.956, 332.58 W, 2437 MHz, 69
1791415746.489, 332.41 W, 2437 MHz, 69
1791415747.023, 332.53 W, 2437 MHz, 69
1791415747.557, 332.90 W, 2437 MHz, 69
1791415748.090, 332.47 W, 2437 MHz, 69
1791415748.623, 332.34 W, 2437 MHz, 69
1791415749.155, 332.68 W, 2437 MHz, 69
1791415749.688, 332.75 W, 2437 MHz, 69
1791415750.221, 332.70 W, 2437 MHz, 69
1791415750.754, 333.08 W, 2437 MHz, 69
1791415751.290, 333.14 W, 2437 MHz, 69
1791415751.825, 332.81 W, 2437 MHz, 69
1791415752.358, 332.85 W, 2437 MHz, 69
1791415752.891, 333.10 W, 2437 MHz, 69
1791415753.426, 333.02 W, 2437 MHz, 69
1791415753.960, 332.67 W, 2437 MHz, 69
1791415754.493, 332.10 W, 2437 MHz, 69
1791415755.026, 331.67 W, 2437 MHz, 69
1791415755.560, 331.30 W, 2437 MHz, 69
1791415756.095, 331.19 W, 2437 MHz, 69
1791415756.628, 331.42 W, 2437 MHz, 69
1791415757.161, 331.76 W, 2437 MHz, 69
1791415757.693, 331.62 W, 2437 MHz, 69
1791415758.226, 331.47 W, 2437 MHz, 69
1791415758.759, 331.67 W, 2437 MHz, 69
1791415759.294, 332.09 W, 2437 MHz, 69
1791415759.827, 331.86 W, 2437 MHz, 69
1791415760.358, 331.54 W, 2437 MHz, 69
1791415760.891, 331.80 W, 2437 MHz, 69
1791415761.425, 331.92 W, 2437 MHz, 69
1791415761.958, 331.79 W, 2437 MHz, 69
1791415762.493, 331.80 W, 2437 MHz, 69
1791415763.028, 331.61 W, 2437 MHz, 69
1791415763.560, 331.42 W, 2437 MHz, 69
1791415764.093, 331.65 W, 2437 MHz, 69
1791415764.626, 331.93 W, 2437 MHz, 69
1791415765.159, 332.12 W, 2437 MHz, 69
1791415765.694, 331.84 W, 2437 MHz, 69
1791415766.228, 331.51 W, 2437 MHz, 69
1791415766.762, 331.39 W, 2437 MHz, 69
1791415767.293, 331.35 W, 2437 MHz, 69
1791415767.826, 331.50 W, 2437 MHz, 69
1791415768.359, 331.54 W, 2437 MHz, 69
1791415768.894, 331.56 W, 2437 MHz, 69
1791415769.424, 272.67 W, 2445 MHz, 66
1791415769.953, 153.12 W, 2445 MHz, 65
1791415770.481, 105.00 W, 2445 MHz, 64
1791415771.010, 105.00 W, 2445 MHz, 64
1791415771.538, 90.77 W, 2445 MHz, 64
1791415772.067, 90.77 W, 2445 MHz, 64
1791415772.595, 90.40 W, 2445 MHz, 63
1791415773.125, 89.37 W, 2445 MHz, 63
1791415773.655, 89.37 W, 2445 MHz, 63
1791415774.183, 89.41 W, 2445 MHz, 63
1791415774.715, 89.41 W, 2445 MHz, 62
1791415775.243, 89.18 W, 2445 MHz, 62
1791415775.773, 89.18 W, 2445 MHz, 62
1791415776.303, 89.06 W, 2445 MHz, 62
1791415776.834, 89.06 W, 2445 MHz, 62
1791415777.362, 88.80 W, 2445 MHz, 62
1791415777.892, 88.80 W, 2445 MHz, 62
1791415778.420, 88.65 W, 2445 MHz, 61
1791415778.950, 88.65 W, 2445 MHz, 61
1791415779.479, 88.40 W, 2445 MHz, 61
1791415780.009, 88.40 W, 2445 MHz, 61
1791415780.538, 88.20 W, 2445 MHz, 61
1791415781.068, 88.20 W, 2445 MHz, 61
1791415781.596, 88.13 W, 2445 MHz, 60
1791415782.125, 87.95 W, 2445 MHz, 60
1791415782.655, 87.95 W, 2445 MHz, 60
1791415783.185, 87.80 W, 2445 MHz, 60
1791415783.714, 87.80 W, 2445 MHz, 60
1791415784.245, 87.60 W, 2445 MHz, 60
1791415784.774, 87.60 W, 2445 MHz, 60
1791415785.304, 87.67 W, 2445 MHz, 60
1791415785.832, 87.67 W, 2445 MHz, 59
1791415786.361, 87.65 W, 2445 MHz, 59
1791415786.896, 87.65 W, 2445 MHz, 59
1791415787.424, 87.82 W, 2445 MHz, 59
1791415787.954, 87.82 W, 2445 MHz, 59
1791415788.483, 87.77 W, 2445 MHz, 59
1791415789.012, 87.77 W, 2445 MHz, 59
1791415789.542, 87.53 W, 2445 MHz, 59
1791415790.071, 87.03 W, 2445 MHz, 59
1791415790.601, 87.03 W, 2445 MHz, 58
1791415791.131, 87.06 W, 2445 MHz, 58
1791415791.660, 87.06 W, 2445 MHz, 58
1791415792.188, 86.87 W, 2445 MHz, 58
1791415792.718, 86.87 W, 2445 MHz, 58
1791415793.246, 86.97 W, 2445 MHz, 58
1791415793.775, 86.97 W, 2445 MHz, 58
1791415794.306, 86.95 W, 2445 MHz, 58
1791415794.834, 86.95 W, 2445 MHz, 57
1791415795.365, 86.87 W, 2445 MHz, 57
1791415795.894, 86.87 W, 2445 MHz, 57
1791415796.423, 86.62 W, 2445 MHz, 57
1791415796.953, 86.62 W, 2445 MHz, 57
1791415797.483, 86.54 W, 2445 MHz, 57
1791415798.012, 86.54 W, 2445 MHz, 57
1791415798.540, 86.70 W, 2445 MHz, 57
1791415799.070, 86.37 W, 2445 MHz, 57
1791415799.599, 86.37 W, 2445 MHz, 57
1791415800.129, 79.31 W, 1597 MHz, 57
1791415800.660, 79.31 W, 1597 MHz, 56
1791415801.189, 70.55 W, 1597 MHz, 56
1791415801.718, 70.55 W, 1597 MHz, 56
1791415802.248, 70.50 W, 1597 MHz, 56
1791415802.777, 70.50 W, 1597 MHz, 55
1791415803.306, 70.31 W, 1597 MHz, 55
1791415803.835, 70.31 W, 1597 MHz, 55
1791415804.366, 69.86 W, 1597 MHz, 55
1791415804.895, 69.86 W, 1597 MHz, 55
1791415805.425, 69.85 W, 1597 MHz, 55
1791415805.956, 69.85 W, 1597 MHz, 55
1791415806.487, 69.87 W, 1597 MHz, 55
1791415807.017, 69.87 W, 1597 MHz, 55
1791415807.548, 69.30 W, 1597 MHz, 55
1791415808.077, 69.44 W, 1597 MHz, 55
1791415808.608, 69.44 W, 1597 MHz, 54
1791415809.136, 69.42 W, 1597 MHz, 54
1791415809.665, 69.42 W, 1597 MHz, 54
1791415810.195, 69.43 W, 1597 MHz, 54
1791415810.724, 69.43 W, 1597 MHz, 54
1791415811.254, 69.33 W, 1597 MHz, 54
1791415811.783, 69.33 W, 1597 MHz, 54
1791415812.313, 69.08 W, 1597 MHz, 54
1791415812.843, 69.08 W, 1597 MHz, 54
1791415813.374, 68.84 W, 1597 MHz, 53
1791415813.904, 68.84 W, 1597 MHz, 53
1791415814.433, 68.62 W, 1597 MHz, 53
1791415814.961, 68.62 W, 1597 MHz, 53
1791415815.492, 68.63 W, 1597 MHz, 53
1791415816.021, 68.63 W, 1597 MHz, 53
1791415816.551, 68.58 W, 1597 MHz, 53
1791415817.082, 68.14 W, 1597 MHz, 53
1791415817.612, 68.14 W, 1597 MHz, 53
1791415818.142, 68.10 W, 1597 MHz, 53
1791415818.671, 68.10 W, 1597 MHz, 53
1791415819.200, 67.99 W, 1597 MHz, 53
1791415819.729, 67.99 W, 1597 MHz, 53
1791415820.260, 67.95 W, 1597 MHz, 53
1791415820.789, 67.95 W, 1597 MHz, 52
1791415821.318, 67.81 W, 1597 MHz, 52
1791415821.847, 67.81 W, 1597 MHz, 52
1791415822.376, 67.73 W, 1597 MHz, 52
1791415822.906, 67.73 W, 1597 MHz, 52
1791415823.435, 67.71 W, 1597 MHz, 52
1791415823.964, 67.71 W, 1597 MHz, 52
1791415824.494, 67.74 W, 1597 MHz, 52
1791415825.026, 67.74 W, 1597 MHz, 52
1791415825.555, 67.64 W, 1597 MHz, 52
1791415826.083, 67.14 W, 1597 MHz, 52
1791415826.613, 67.14 W, 1597 MHz, 52
1791415827.143, 67.12 W, 1597 MHz, 52
1791415827.672, 67.12 W, 1597 MHz, 51
1791415828.201, 67.29 W, 1597 MHz, 51
1791415828.730, 67.29 W, 1597 MHz, 51
1791415829.259, 67.49 W, 1597 MHz, 51
1791415829.788, 67.49 W, 1597 MHz, 51
1791415830.316, 67.46 W, 1597 MHz, 51
1791415830.848, 67.46 W, 1597 MHz, 51
1791415831.378, 67.29 W, 1597 MHz, 51
1791415831.907, 67.29 W, 1597 MHz, 51
1791415832.436, 67.06 W, 1597 MHz, 51
1791415832.966, 67.06 W, 1597 MHz, 51
1791415833.494, 67.01 W, 1597 MHz, 51
1791415834.023, 67.01 W, 1597 MHz, 51
1791415834.552, 66.79 W, 1597 MHz, 51
1791415835.081, 66.75 W, 1597 MHz, 51
1791415835.613, 66.75 W, 1597 MHz, 50
1791415836.142, 67.01 W, 1597 MHz, 50
1791415836.671, 67.01 W, 1597 MHz, 50
1791415837.200, 66.94 W, 1597 MHz, 50
1791415837.730, 66.94 W, 1597 MHz, 50
1791415838.259, 66.80 W, 1597 MHz, 50
1791415838.789, 66.80 W, 1597 MHz, 50
1791415839.321, 66.76 W, 1597 MHz, 49
1791415839.850, 66.76 W, 1597 MHz, 50
1791415840.379, 66.49 W, 1597 MHz, 50
1791415840.908, 66.49 W, 1597 MHz, 50
1791415841.438, 66.14 W, 1597 MHz, 50
1791415841.967, 66.14 W, 1597 MHz, 50
1791415842.497, 66.04 W, 1597 MHz, 50
1791415843.026, 66.04 W, 1597 MHz, 50
1791415843.556, 65.81 W, 1597 MHz, 50
1791415844.085, 65.96 W, 1597 MHz, 50
1791415844.614, 65.96 W, 1597 MHz, 49
1791415845.144, 66.26 W, 1597 MHz, 49
1791415845.673, 66.26 W, 1597 MHz, 49
1791415846.202, 66.11 W, 1597 MHz, 49
1791415846.732, 66.11 W, 1597 MHz, 49
1791415847.261, 65.76 W, 1597 MHz, 49
1791415847.791, 65.76 W, 1597 MHz, 49
1791415848.321, 65.69 W, 1597 MHz, 49
1791415848.850, 65.69 W, 1597 MHz, 49
1791415849.380, 65.72 W, 1597 MHz, 49
1791415849.910, 65.72 W, 1597 MHz, 49
1791415850.439, 65.71 W, 1597 MHz, 49
1791415850.968, 65.71 W, 1597 MHz, 49
1791415851.498, 65.17 W, 1597 MHz, 49
1791415852.027, 65.17 W, 1597 MHz, 49
1791415852.556, 65.15 W, 1597 MHz, 49
1791415853.086, 65.06 W, 1597 MHz, 49
1791415853.615, 65.06 W, 1597 MHz, 49
1791415854.146, 65.03 W, 1597 MHz, 49
1791415854.676, 65.03 W, 1597 MHz, 48
1791415855.205, 65.47 W, 1597 MHz, 48
1791415855.735, 65.47 W, 1597 MHz, 48
1791415856.265, 65.43 W, 1597 MHz, 48
1791415856.795, 65.43 W, 1597 MHz, 48
1791415857.325, 65.26 W, 1597 MHz, 48
1791415857.854, 65.26 W, 1597 MHz, 48
1791415858.385, 65.16 W, 1597 MHz, 48
1791415858.914, 65.16 W, 1597 MHz, 48
1791415859.446, 65.15 W, 1597 MHz, 48
1791415859.977, 65.15 W, 1597 MHz, 48
1791415860.505, 65.30 W, 1597 MHz, 48
1791415861.034, 65.30 W, 1597 MHz, 48
1791415861.564, 65.18 W, 1597 MHz, 48
1791415862.093, 64.53 W, 1597 MHz, 48
1791415862.623, 64.53 W, 1597 MHz, 48
1791415863.152, 64.51 W, 1597 MHz, 48
1791415863.680, 64.51 W, 1597 MHz, 48
1791415864.211, 64.41 W, 1597 MHz, 48
1791415864.742, 64.41 W, 1597 MHz, 48
1791415865.271, 64.50 W, 1597 MHz, 48
1791415865.801, 64.50 W, 1597 MHz, 48
1791415866.330, 64.46 W, 1597 MHz, 47
1791415866.860, 64.46 W, 1597 MHz, 47
1791415867.389, 64.47 W, 1597 MHz, 47
1791415867.920, 64.47 W, 1597 MHz, 47
1791415868.449, 64.50 W, 1597 MHz, 47
1791415868.979, 64.50 W, 1597 MHz, 47
1791415869.510, 64.50 W, 1597 MHz, 47
1791415870.039, 64.50 W, 1597 MHz, 47
1791415870.568, 64.59 W, 1597 MHz, 47
1791415871.100, 64.86 W, 1597 MHz, 47
1791415871.630, 64.86 W, 1597 MHz, 47
1791415872.161, 64.87 W, 1597 MHz, 47
1791415872.690, 64.87 W, 1597 MHz, 47
1791415873.219, 64.99 W, 1597 MHz, 47
1791415873.749, 64.99 W, 1597 MHz, 47
1791415874.278, 64.96 W, 1597 MHz, 47
1791415874.808, 64.96 W, 1597 MHz, 47
1791415875.338, 64.92 W, 1597 MHz, 47
1791415875.868, 64.92 W, 1597 MHz, 47
1791415876.397, 64.35 W, 1597 MHz, 47
1791415876.926, 64.35 W, 1597 MHz, 47
1791415877.456, 64.67 W, 1597 MHz, 47
1791415877.985, 64.67 W, 1597 MHz, 47
1791415878.514, 64.74 W, 1597 MHz, 47
1791415879.044, 64.74 W, 1597 MHz, 47
1791415879.573, 64.34 W, 1597 MHz, 47
1791415880.103, 64.31 W, 1597 MHz, 47
1791415880.633, 64.31 W, 1597 MHz, 47
1791415881.164, 64.49 W, 1597 MHz, 47
1791415881.694, 64.49 W, 1597 MHz, 46
1791415882.224, 64.56 W, 1597 MHz, 46
1791415882.755, 64.56 W, 1597 MHz, 46
1791415883.283, 64.58 W, 1597 MHz, 46
1791415883.814, 64.58 W, 1597 MHz, 46
1791415884.343, 64.58 W, 1597 MHz, 46
1791415884.874, 64.58 W, 1597 MHz, 46
1791415885.404, 64.55 W, 1597 MHz, 46
1791415885.937, 64.55 W, 1597 MHz, 46
1791415886.467, 64.29 W, 1597 MHz, 46
1791415886.997, 64.29 W, 1597 MHz, 46
1791415887.526, 63.78 W, 1597 MHz, 46
1791415888.055, 63.78 W, 1597 MHz, 46
1791415888.584, 63.69 W, 1597 MHz, 46
1791415889.114, 63.66 W, 1597 MHz, 46
1791415889.643, 63.66 W, 1597 MHz, 46
1791415890.173, 137.43 W, 1597 MHz, 46
1791415890.703, 200.87 W, 1582 MHz, 53
1791415891.235, 341.67 W, 1590 MHz, 53
1791415891.766, 343.71 W, 1582 MHz, 54
1791415892.297, 343.43 W, 1590 MHz, 54
1791415892.829, 343.75 W, 1582 MHz, 55
1791415893.361, 343.39 W, 1590 MHz, 55
1791415893.890, 343.85 W, 1590 MHz, 54
1791415894.422, 344.70 W, 1582 MHz, 55
1791415894.953, 344.59 W, 1590 MHz, 55
1791415895.486, 344.53 W, 1590 MHz, 56
1791415896.020, 344.91 W, 1590 MHz, 55
1791415896.551, 346.41 W, 1590 MHz, 56
1791415897.082, 346.56 W, 1590 MHz, 57
1791415897.615, 346.74 W, 1590 MHz, 56
1791415898.146, 346.98 W, 1590 MHz, 57
1791415898.677, 346.98 W, 1590 MHz, 57
1791415899.208, 346.79 W, 1590 MHz, 57
1791415899.741, 346.88 W, 1590 MHz, 57
1791415900.272, 344.02 W, 1590 MHz, 57
1791415900.802, 343.96 W, 1590 MHz, 57
1791415901.332, 344.55 W, 1590 MHz, 57
1791415901.863, 344.16 W, 1590 MHz, 58
1791415902.395, 344.83 W, 1590 MHz, 58
1791415902.930, 331.98 W, 1590 MHz, 56
1791415903.462, 288.63 W, 1590 MHz, 54
1791415903.995, 250.87 W, 1590 MHz, 54
1791415904.525, 170.71 W, 1597 MHz, 51
1791415905.053, 87.35 W, 1597 MHz, 51
1791415905.581, 87.35 W, 1597 MHz, 51
1791415906.109, 66.37 W, 1597 MHz, 51
1791415906.637, 66.37 W, 1597 MHz, 50
1791415907.167, 66.28 W, 1597 MHz, 50
1791415907.695, 66.28 W, 1597 MHz, 50
1791415908.225, 119.47 W, 1597 MHz, 50
1791415908.759, 185.74 W, 1590 MHz, 55
1791415909.289, 345.35 W, 1590 MHz, 57
1791415909.819, 345.65 W, 1590 MHz, 57
1791415910.350, 346.57 W, 1590 MHz, 58
1791415910.880, 347.71 W, 1590 MHz, 58
1791415911.410, 347.23 W, 1590 MHz, 58
1791415911.940, 348.29 W, 1590 MHz, 59
1791415912.472, 348.81 W, 1590 MHz, 58
1791415913.001, 347.92 W, 1590 MHz, 58
1791415913.534, 347.61 W, 1590 MHz, 59
1791415914.065, 348.31 W, 1590 MHz, 59
1791415914.596, 348.89 W, 1590 MHz, 59
1791415915.127, 348.01 W, 1590 MHz, 58
1791415915.660, 349.20 W, 1590 MHz, 59
1791415916.190, 349.47 W, 1590 MHz, 60
1791415916.722, 348.74 W, 1590 MHz, 59
1791415917.253, 349.79 W, 1590 MHz, 60
1791415917.785, 348.20 W, 1590 MHz, 60
1791415918.318, 346.88 W, 1590 MHz, 60
1791415918.850, 346.48 W, 1590 MHz, 60
1791415919.382, 346.68 W, 1590 MHz, 60
1791415919.913, 347.64 W, 1590 MHz, 60
1791415920.445, 347.49 W, 1590 MHz, 61
1791415920.977, 348.07 W, 1590 MHz, 61
1791415921.509, 346.87 W, 1590 MHz, 61
1791415922.041, 347.13 W, 1590 MHz, 61
1791415922.572, 347.62 W, 1590 MHz, 61
1791415923.104, 347.58 W, 1590 MHz, 61
1791415923.636, 348.34 W, 1590 MHz, 61
1791415924.168, 347.68 W, 1590 MHz, 61
1791415924.700, 348.27 W, 1590 MHz, 62
1791415925.230, 348.11 W, 1590 MHz, 62
1791415925.761, 347.46 W, 1590 MHz, 61
1791415926.293, 348.54 W, 1590 MHz, 62
1791415926.825, 349.27 W, 1590 MHz, 61
1791415927.359, 348.80 W, 1590 MHz, 62
1791415927.893, 347.88 W, 1590 MHz, 62
1791415928.424, 346.54 W, 1590 MHz, 62
1791415928.955, 346.91 W, 1590 MHz, 63
1791415929.486, 346.56 W, 1590 MHz, 62
1791415930.017, 346.36 W, 1590 MHz, 63
1791415930.547, 346.24 W, 1590 MHz, 63
1791415931.078, 346.59 W, 1590 MHz, 62
1791415931.608, 346.88 W, 1590 MHz, 63
1791415932.138, 347.47 W, 1590 MHz, 63
1791415932.670, 347.06 W, 1590 MHz, 63
1791415933.201, 346.79 W, 1590 MHz, 63
1791415933.732, 347.32 W, 1590 MHz, 63
1791415934.264, 347.48 W, 1590 MHz, 63
1791415934.795, 347.83 W, 1590 MHz, 63
1791415935.326, 347.27 W, 1590 MHz, 63
1791415935.859, 347.05 W, 1590 MHz, 63
1791415936.390, 347.43 W, 1590 MHz, 64
1791415936.920, 347.95 W, 1590 MHz, 63
1791415937.451, 347.62 W, 1590 MHz, 63
1791415937.981, 347.11 W, 1590 MHz, 64
1791415938.511, 348.07 W, 1590 MHz, 64
1791415939.043, 347.22 W, 1590 MHz, 64
1791415939.575, 345.15 W, 1590 MHz, 64
1791415940.108, 344.78 W, 1590 MHz, 64
1791415940.638, 345.69 W, 1590 MHz, 64
1791415941.171, 345.39 W, 1590 MHz, 64
1791415941.705, 345.83 W, 1590 MHz, 64
1791415942.236, 345.83 W, 1590 MHz, 64
1791415942.768, 345.77 W, 1590 MHz, 65
1791415943.298, 346.01 W, 1590 MHz, 63
1791415943.830, 346.95 W, 1590 MHz, 64
1791415944.360, 346.02 W, 1590 MHz, 64
1791415944.890, 346.00 W, 1590 MHz, 65
1791415945.419, 347.02 W, 1590 MHz, 64
1791415945.950, 346.61 W, 1590 MHz, 64
1791415946.480, 346.97 W, 1590 MHz, 65
1791415947.011, 348.47 W, 1590 MHz, 65
1791415947.542, 348.03 W, 1590 MHz, 65
1791415948.075, 348.41 W, 1590 MHz, 65
1791415948.608, 347.93 W, 1590 MHz, 65
1791415949.139, 346.43 W, 1590 MHz, 65
1791415949.671, 346.10 W, 1590 MHz, 65
1791415950.204, 344.18 W, 1590 MHz, 65
1791415950.737, 344.61 W, 1590 MHz, 65
1791415951.270, 344.68 W, 1590 MHz, 65
1791415951.802, 343.85 W, 1590 MHz, 65
1791415952.336, 345.09 W, 1590 MHz, 65
1791415952.866, 345.56 W, 1590 MHz, 65
1791415953.398, 345.60 W, 1590 MHz, 65
1791415953.930, 344.98 W, 1590 MHz, 65
1791415954.461, 345.13 W, 1590 MHz, 65
1791415954.993, 345.83 W, 1590 MHz, 66
1791415955.525, 345.60 W, 1590 MHz, 66
1791415956.056, 346.91 W, 1590 MHz, 66
1791415956.588, 347.76 W, 1590 MHz, 66
1791415957.117, 347.58 W, 1590 MHz, 65
1791415957.648, 346.56 W, 1590 MHz, 66
1791415958.179, 347.15 W, 1590 MHz, 66
1791415958.709, 345.53 W, 1590 MHz, 65
1791415959.240, 346.26 W, 1590 MHz, 66
1791415959.769, 346.57 W, 1590 MHz, 66
1791415960.299, 346.53 W, 1590 MHz, 66
1791415960.833, 346.51 W, 1590 MHz, 66
1791415961.364, 344.65 W, 1590 MHz, 66
1791415961.894, 343.58 W, 1590 MHz, 66
1791415962.424, 343.98 W, 1590 MHz, 67
1791415962.956, 343.63 W, 1590 MHz, 67
1791415963.488, 343.48 W, 1590 MHz, 66
1791415964.019, 343.35 W, 1590 MHz, 66
1791415964.554, 319.01 W, 1590 MHz, 66
1791415965.089, 274.09 W, 1590 MHz, 63
1791415965.619, 243.49 W, 1590 MHz, 63
1791415966.147, 149.07 W, 1597 MHz, 63
1791415966.676, 91.41 W, 1597 MHz, 63
1791415967.205, 91.41 W, 1597 MHz, 63
1791415967.733, 72.59 W, 1597 MHz, 59
1791415968.262, 72.59 W, 1597 MHz, 59
1791415968.790, 71.90 W, 1597 MHz, 59
1791415969.318, 71.90 W, 1597 MHz, 58
1791415969.849, 136.25 W, 1590 MHz, 64
1791415970.381, 205.14 W, 1590 MHz, 65
1791415970.915, 354.52 W, 1590 MHz, 65
1791415971.447, 355.39 W, 1590 MHz, 65
1791415971.977, 355.60 W, 1590 MHz, 66
1791415972.508, 356.27 W, 1590 MHz, 66
1791415973.040, 356.64 W, 1590 MHz, 66
1791415973.572, 356.57 W, 1590 MHz, 66
1791415974.106, 356.87 W, 1590 MHz, 66
1791415974.640, 356.97 W, 1590 MHz, 66
1791415975.172, 356.83 W, 1590 MHz, 66
1791415975.703, 356.25 W, 1590 MHz, 66
1791415976.234, 357.39 W, 1590 MHz, 66
1791415976.765, 357.96 W, 1590 MHz, 66
1791415977.298, 357.59 W, 1590 MHz, 67
1791415977.830, 357.95 W, 1590 MHz, 67
1791415978.361, 358.45 W, 1590 MHz, 67
1791415978.893, 358.41 W, 1590 MHz, 67
1791415979.423, 357.35 W, 1590 MHz, 67
1791415979.954, 356.00 W, 1590 MHz, 67
1791415980.484, 355.54 W, 1590 MHz, 67
1791415981.016, 355.64 W, 1590 MHz, 67
1791415981.547, 356.14 W, 1590 MHz, 67
1791415982.077, 356.31 W, 1590 MHz, 67
1791415982.610, 355.66 W, 1590 MHz, 67
1791415983.144, 355.22 W, 1590 MHz, 67
1791415983.674, 354.88 W, 1590 MHz, 67
1791415984.204, 354.88 W, 1590 MHz, 67
1791415984.736, 354.57 W, 1590 MHz, 67
1791415985.268, 355.54 W, 1590 MHz, 68
1791415985.799, 356.37 W, 1590 MHz, 67
1791415986.330, 355.67 W, 1590 MHz, 68
1791415986.862, 355.21 W, 1590 MHz, 68
1791415987.395, 356.36 W, 1590 MHz, 66
1791415987.927, 356.23 W, 1590 MHz, 68
1791415988.458, 357.08 W, 1590 MHz, 68
1791415988.990, 356.04 W, 1590 MHz, 68
1791415989.524, 355.01 W, 1590 MHz, 67
1791415990.055, 353.71 W, 1590 MHz, 68
1791415990.586, 354.15 W, 1590 MHz, 67
1791415991.118, 355.03 W, 1590 MHz, 68
1791415991.651, 354.98 W, 1590 MHz, 67
1791415992.182, 353.89 W, 1590 MHz, 68
1791415992.712, 353.46 W, 1590 MHz, 68
1791415993.244, 353.89 W, 1590 MHz, 68
1791415993.777, 354.16 W, 1590 MHz, 68
1791415994.309, 354.50 W, 1590 MHz, 68
1791415994.842, 354.46 W, 1590 MHz, 68
1791415995.372, 353.56 W, 1590 MHz, 68
1791415995.902, 354.20 W, 1590 MHz, 68
1791415996.434, 353.74 W, 1590 MHz, 68
1791415996.964, 353.64 W, 1590 MHz, 69
1791415997.496, 353.54 W, 1590 MHz, 68
1791415998.026, 353.52 W, 1590 MHz, 68
1791415998.556, 353.56 W, 1590 MHz, 69
1791415999.088, 353.85 W, 1590 MHz, 68
1791415999.620, 354.05 W, 1590 MHz, 69
1791416000.150, 352.95 W, 1590 MHz, 68
1791416000.681, 352.83 W, 1590 MHz, 68
1791416001.212, 352.60 W, 1590 MHz, 68
1791416001.743, 351.53 W, 1590 MHz, 68
1791416002.278, 351.84 W, 1590 MHz, 69
1791416002.809, 351.75 W, 1590 MHz, 68
1791416003.341, 352.17 W, 1590 MHz, 69
1791416003.873, 352.08 W, 1590 MHz, 69
1791416004.403, 352.41 W, 1590 MHz, 69
1791416004.934, 352.17 W, 1590 MHz, 69
1791416005.464, 352.37 W, 1590 MHz, 69
1791416005.996, 352.47 W, 1590 MHz, 69
1791416006.529, 352.79 W, 1590 MHz, 69
1791416007.061, 352.46 W, 1590 MHz, 69
1791416007.593, 353.03 W, 1590 MHz, 69
1791416008.125, 353.10 W, 1590 MHz, 69
1791416008.657, 353.54 W, 1590 MHz, 69
1791416009.189, 354.07 W, 1590 MHz, 69
1791416009.719, 353.21 W, 1590 MHz, 70
1791416010.250, 353.63 W, 1590 MHz, 69
1791416010.783, 353.52 W, 1590 MHz, 69
1791416011.314, 352.27 W, 1590 MHz, 69
1791416011.848, 351.13 W, 1590 MHz, 69
1791416012.379, 350.16 W, 1590 MHz, 69
1791416012.912, 351.17 W, 1590 MHz, 69
1791416013.444, 350.88 W, 1590 MHz, 70
1791416013.976, 351.22 W, 1590 MHz, 69
1791416014.509, 351.67 W, 1590 MHz, 69
1791416015.039, 350.08 W, 1590 MHz, 69
1791416015.572, 350.95 W, 1590 MHz, 69
1791416016.103, 350.97 W, 1590 MHz, 69
1791416016.634, 351.56 W, 1590 MHz, 70
1791416017.165, 352.03 W, 1590 MHz, 69
1791416017.698, 352.25 W, 1590 MHz, 69
1791416018.230, 352.42 W, 1590 MHz, 69
1791416018.761, 351.63 W, 1590 MHz, 70
1791416019.295, 352.33 W, 1590 MHz, 70
1791416019.826, 350.99 W, 1590 MHz, 69
1791416020.357, 350.75 W, 1590 MHz, 70
1791416020.890, 350.75 W, 1590 MHz, 69
1791416021.422, 351.17 W, 1590 MHz, 69
1791416021.955, 350.65 W, 1590 MHz, 70
1791416022.487, 350.13 W, 1590 MHz, 69
1791416023.019, 349.06 W, 1590 MHz, 70
1791416023.552, 347.88 W, 1590 MHz, 70
1791416024.083, 347.67 W, 1590 MHz, 70
1791416024.617, 348.20 W, 1590 MHz, 70
1791416025.148, 348.77 W, 1590 MHz, 70
1791416025.680, 348.94 W, 1590 MHz, 70
1791416026.213, 311.29 W, 1590 MHz, 67
1791416026.744, 273.05 W, 1590 MHz, 66
1791416027.273, 213.59 W, 1597 MHz, 66
1791416027.806, 141.50 W, 1597 MHz, 63
1791416028.337, 240.86 W, 1590 MHz, 67
1791416028.868, 361.11 W, 1590 MHz, 70
1791416029.399, 360.91 W, 1590 MHz, 70
1791416029.929, 360.68 W, 1590 MHz, 69
1791416030.459, 361.62 W, 1590 MHz, 70
1791416030.991, 362.06 W, 1590 MHz, 70
1791416031.523, 362.18 W, 1590 MHz, 70
1791416032.055, 362.65 W, 1590 MHz, 70
1791416032.587, 362.38 W, 1590 MHz, 70
1791416033.120, 362.03 W, 1590 MHz, 70
1791416033.654, 361.26 W, 1590 MHz, 69
1791416034.185, 362.23 W, 1590 MHz, 70
1791416034.719, 363.39 W, 1590 MHz, 70
1791416035.251, 363.44 W, 1590 MHz, 70
1791416035.781, 363.07 W, 1590 MHz, 70
1791416036.311, 362.97 W, 1590 MHz, 71
1791416036.842, 363.89 W, 1590 MHz, 70
1791416037.374, 362.92 W, 1590 MHz, 70
1791416037.905, 361.52 W, 1590 MHz, 70
1791416038.437, 360.31 W, 1590 MHz, 71
1791416038.967, 360.52 W, 1590 MHz, 70
1791416039.498, 360.27 W, 1590 MHz, 71
1791416040.031, 360.79 W, 1590 MHz, 70
1791416040.567, 360.27 W, 1590 MHz, 70
1791416041.100, 313.44 W, 1590 MHz, 67
1791416041.635, 269.76 W, 1590 MHz, 67
1791416042.164, 222.39 W, 1597 MHz, 66
1791416042.695, 154.78 W, 1597 MHz, 63
1791416043.228, 262.93 W, 1590 MHz, 69
1791416043.759, 362.34 W, 1590 MHz, 70
1791416044.291, 361.76 W, 1590 MHz, 70
1791416044.823, 362.66 W, 1590 MHz, 70
1791416045.353, 362.34 W, 1590 MHz, 70
1791416045.884, 363.57 W, 1590 MHz, 70
1791416046.415, 363.78 W, 1590 MHz, 70
1791416046.947, 363.46 W, 1590 MHz, 70
1791416047.480, 362.50 W, 1590 MHz, 70
1791416048.014, 363.13 W, 1590 MHz, 71
1791416048.546, 363.66 W, 1590 MHz, 70
1791416049.078, 364.47 W, 1590 MHz, 71
1791416049.610, 364.82 W, 1590 MHz, 71
1791416050.142, 364.76 W, 1590 MHz, 71
1791416050.674, 364.50 W, 1590 MHz, 71
1791416051.207, 364.22 W, 1590 MHz, 70
1791416051.739, 364.64 W, 1590 MHz, 71
1791416052.271, 363.39 W, 1590 MHz, 71
1791416052.803, 361.63 W, 1590 MHz, 71
1791416053.335, 361.19 W, 1590 MHz, 71
1791416053.867, 360.88 W, 1590 MHz, 71
1791416054.399, 361.26 W, 1590 MHz, 71
1791416054.930, 361.42 W, 1590 MHz, 71
1791416055.463, 359.22 W, 1590 MHz, 71
1791416055.996, 306.86 W, 1590 MHz, 67
1791416056.529, 264.29 W, 1590 MHz, 67
1791416057.062, 252.94 W, 1590 MHz, 66
1791416057.597, 251.74 W, 1590 MHz, 66
1791416058.131, 259.71 W, 1590 MHz, 67
1791416058.663, 259.96 W, 1590 MHz, 66
1791416059.196, 259.73 W, 1590 MHz, 66
1791416059.730, 259.55 W, 1590 MHz, 66
1791416060.264, 259.58 W, 1590 MHz, 66
1791416060.796, 259.12 W, 1590 MHz, 66
1791416061.330, 259.42 W, 1590 MHz, 66
1791416061.865, 259.03 W, 1590 MHz, 66
1791416062.398, 258.57 W, 1590 MHz, 66
1791416062.930, 258.91 W, 1590 MHz, 66
1791416063.463, 258.95 W, 1590 MHz, 66
1791416063.996, 258.77 W, 1590 MHz, 66
1791416064.528, 258.43 W, 1590 MHz, 66
1791416065.059, 258.78 W, 1590 MHz, 66
1791416065.591, 259.33 W, 1590 MHz, 65
1791416066.125, 259.14 W, 1590 MHz, 65
1791416066.658, 258.63 W, 1590 MHz, 65
1791416067.191, 258.49 W, 1590 MHz, 65
1791416067.723, 258.60 W, 1590 MHz, 65
1791416068.256, 258.91 W, 1590 MHz, 65
1791416068.788, 259.03 W, 1590 MHz, 65
1791416069.321, 258.49 W, 1590 MHz, 65
1791416069.854, 258.33 W, 1590 MHz, 65
1791416070.389, 258.07 W, 1590 MHz, 65
1791416070.922, 258.74 W, 1590 MHz, 65
1791416071.454, 258.59 W, 1590 MHz, 65
1791416071.986, 258.20 W, 1590 MHz, 65
1791416072.519, 258.35 W, 1590 MHz, 65
1791416073.052, 258.13 W, 1590 MHz, 65
1791416073.583, 257.86 W, 1590 MHz, 65
1791416074.117, 258.19 W, 1590 MHz, 65
1791416074.650, 258.04 W, 1590 MHz, 65
1791416075.183, 257.47 W, 1590 MHz, 65
1791416075.715, 257.02 W, 1590 MHz, 65
1791416076.249, 256.92 W, 1590 MHz, 65
1791416076.782, 257.15 W, 1590 MHz, 65
1791416077.317, 257.26 W, 1590 MHz, 65
1791416077.851, 257.08 W, 1590 MHz, 65
1791416078.385, 256.83 W, 1590 MHz, 64
1791416078.917, 256.81 W, 1590 MHz, 65
1791416079.451, 256.99 W, 1590 MHz, 64
1791416079.985, 257.06 W, 1590 MHz, 64
1791416080.517, 256.72 W, 1590 MHz, 64
1791416081.048, 256.82 W, 1590 MHz, 64
1791416081.579, 256.60 W, 1590 MHz, 64
1791416082.111, 256.75 W, 1590 MHz, 64
1791416082.645, 256.79 W, 1590 MHz, 64
1791416083.178, 256.73 W, 1590 MHz, 64
1791416083.711, 256.42 W, 1590 MHz, 64
1791416084.243, 256.61 W, 1590 MHz, 64
1791416084.777, 256.49 W, 1590 MHz, 64
1791416085.311, 255.85 W, 1590 MHz, 64
1791416085.844, 255.93 W, 1590 MHz, 64
1791416086.377, 256.12 W, 1590 MHz, 64
1791416086.909, 256.57 W, 1590 MHz, 64
1791416087.440, 256.79 W, 1590 MHz, 64
1791416087.974, 256.42 W, 1590 MHz, 64
1791416088.507, 256.36 W, 1590 MHz, 64
1791416089.038, 256.59 W, 1590 MHz, 64
1791416089.570, 257.11 W, 1590 MHz, 64
1791416090.105, 256.54 W, 1590 MHz, 64
1791416090.639, 256.30 W, 1590 MHz, 64
1791416091.173, 256.19 W, 1590 MHz, 64
1791416091.707, 255.90 W, 1590 MHz, 64
1791416092.240, 256.11 W, 1590 MHz, 64
1791416092.775, 256.17 W, 1590 MHz, 64
1791416093.307, 256.21 W, 1590 MHz, 64
1791416093.842, 256.77 W, 1590 MHz, 64
1791416094.375, 256.94 W, 1590 MHz, 64
1791416094.907, 256.67 W, 1590 MHz, 64
1791416095.440, 256.92 W, 1590 MHz, 64
1791416095.973, 256.90 W, 1590 MHz, 64
1791416096.506, 257.04 W, 1590 MHz, 64
1791416097.037, 257.27 W, 1590 MHz, 63
1791416097.572, 257.38 W, 1590 MHz, 64
1791416098.105, 257.27 W, 1590 MHz, 63
1791416098.638, 256.68 W, 1590 MHz, 63
1791416099.172, 256.78 W, 1590 MHz, 64
1791416099.706, 257.44 W, 1590 MHz, 63
1791416100.242, 257.36 W, 1590 MHz, 63
1791416100.776, 257.29 W, 1590 MHz, 63
1791416101.309, 256.94 W, 1590 MHz, 63
1791416101.840, 256.97 W, 1590 MHz, 63
1791416102.374, 256.93 W, 1590 MHz, 63
1791416102.905, 256.76 W, 1590 MHz, 63
1791416103.439, 256.65 W, 1590 MHz, 63
1791416103.972, 256.73 W, 1590 MHz, 63
1791416104.505, 256.84 W, 1590 MHz, 63
1791416105.040, 257.15 W, 1590 MHz, 63
1791416105.574, 257.38 W, 1590 MHz, 63
1791416106.108, 256.88 W, 1590 MHz, 63
1791416106.640, 256.65 W, 1590 MHz, 63
1791416107.174, 256.68 W, 1590 MHz, 63
1791416107.706, 256.93 W, 1590 MHz, 63
1791416108.238, 256.84 W, 1590 MHz, 63
1791416108.770, 257.16 W, 1590 MHz, 63
1791416109.304, 256.87 W, 1590 MHz, 63
1791416109.837, 257.27 W, 1590 MHz, 63
1791416110.370, 257.27 W, 1590 MHz, 63
1791416110.905, 256.68 W, 1590 MHz, 63
1791416111.439, 255.97 W, 1590 MHz, 63
1791416111.972, 255.96 W, 1590 MHz, 63
1791416112.506, 256.24 W, 1590 MHz, 63
1791416113.039, 256.34 W, 1590 MHz, 63
1791416113.572, 255.98 W, 1590 MHz, 63
1791416114.106, 255.45 W, 1590 MHz, 63
1791416114.639, 255.88 W, 1590 MHz, 63
1791416115.174, 255.91 W, 1590 MHz, 63
1791416115.706, 255.41 W, 1590 MHz, 63
1791416116.239, 255.64 W, 1590 MHz, 63
1791416116.772, 255.59 W, 1590 MHz, 63
1791416117.303, 255.31 W, 1590 MHz, 63
1791416117.837, 255.25 W, 1590 MHz, 63
1791416118.371, 255.46 W, 1590 MHz, 63
1791416118.906, 255.58 W, 1590 MHz, 63
1791416119.438, 255.41 W, 1590 MHz, 63
1791416119.970, 255.33 W, 1590 MHz, 63
1791416120.503, 255.27 W, 1590 MHz, 63
1791416121.036, 254.85 W, 1590 MHz, 63
1791416121.568, 255.22 W, 1590 MHz, 63
1791416122.101, 255.67 W, 1590 MHz, 63
1791416122.635, 255.27 W, 1590 MHz, 63
1791416123.169, 255.19 W, 1590 MHz, 63
1791416123.702, 255.01 W, 1590 MHz, 63
1791416124.235, 255.12 W, 1590 MHz, 63
1791416124.769, 255.38 W, 1590 MHz, 63
1791416125.302, 255.13 W, 1590 MHz, 63
1791416125.835, 254.90 W, 1590 MHz, 63
1791416126.367, 254.52 W, 1590 MHz, 63
1791416126.902, 254.93 W, 1590 MHz, 63
1791416127.436, 255.15 W, 1590 MHz, 63
1791416127.970, 255.25 W, 1590 MHz, 63
1791416128.504, 255.06 W, 1590 MHz, 62
1791416129.037, 255.45 W, 1590 MHz, 63
1791416129.569, 255.95 W, 1590 MHz, 62
1791416130.102, 255.95 W, 1590 MHz, 63
1791416130.633, 255.66 W, 1590 MHz, 63
1791416131.167, 255.24 W, 1590 MHz, 62
1791416131.701, 255.43 W, 1590 MHz, 62
1791416132.233, 255.26 W, 1590 MHz, 63
1791416132.766, 255.29 W, 1590 MHz, 62
1791416133.298, 255.42 W, 1590 MHz, 62
1791416133.833, 255.37 W, 1590 MHz, 63
1791416134.365, 255.44 W, 1590 MHz, 62
1791416134.898, 255.62 W, 1590 MHz, 62
1791416135.430, 255.38 W, 1590 MHz, 63
1791416135.963, 256.08 W, 1590 MHz, 62
1791416136.496, 256.26 W, 1590 MHz, 62
1791416137.027, 255.85 W, 1590 MHz, 63
1791416137.562, 255.57 W, 1590 MHz, 62
1791416138.096, 255.71 W, 1590 MHz, 62
1791416138.628, 256.04 W, 1590 MHz, 62
1791416139.162, 255.71 W, 1590 MHz, 62
1791416139.694, 255.68 W, 1590 MHz, 62
1791416140.227, 255.52 W, 1590 MHz, 62
1791416140.760, 255.47 W, 1590 MHz, 62
1791416141.293, 255.52 W, 1590 MHz, 62
1791416141.825, 255.79 W, 1590 MHz, 62
1791416142.358, 255.62 W, 1590 MHz, 62
1791416142.890, 255.84 W, 1590 MHz, 62
1791416143.422, 256.17 W, 1590 MHz, 62
1791416143.956, 255.96 W, 1590 MHz, 62
1791416144.487, 255.77 W, 1590 MHz, 62
1791416145.021, 255.66 W, 1590 MHz, 62
1791416145.553, 255.36 W, 1590 MHz, 62
1791416146.085, 255.11 W, 1590 MHz, 62
1791416146.618, 254.92 W, 1590 MHz, 62
1791416147.150, 254.68 W, 1590 MHz, 62
1791416147.682, 254.87 W, 1590 MHz, 62
1791416148.215, 254.70 W, 1590 MHz, 62
1791416148.747, 254.63 W, 1590 MHz, 62
1791416149.280, 254.69 W, 1590 MHz, 62
1791416149.813, 254.76 W, 1590 MHz, 62
1791416150.347, 254.59 W, 1590 MHz, 62
1791416150.880, 254.73 W, 1590 MHz, 62
1791416151.414, 254.97 W, 1590 MHz, 62
1791416151.949, 255.08 W, 1590 MHz, 62
1791416152.482, 255.36 W, 1590 MHz, 62
1791416153.016, 255.26 W, 1590 MHz, 62
1791416153.549, 255.03 W, 1590 MHz, 62
1791416154.081, 255.12 W, 1590 MHz, 62
1791416154.612, 255.30 W, 1590 MHz, 62
1791416155.143, 255.22 W, 1590 MHz, 62
1791416155.676, 254.57 W, 1590 MHz, 62
1791416156.209, 254.67 W, 1590 MHz, 62
1791416156.743, 254.11 W, 1590 MHz, 62
1791416157.275, 253.99 W, 1590 MHz, 62
1791416157.807, 254.29 W, 1590 MHz, 62
1791416158.340, 254.81 W, 1590 MHz, 62
1791416158.873, 254.67 W, 1590 MHz, 62
1791416159.406, 255.21 W, 1590 MHz, 62
1791416159.941, 255.75 W, 1590 MHz, 62
1791416160.473, 255.60 W, 1590 MHz, 62
1791416161.005, 255.18 W, 1590 MHz, 62
1791416161.538, 254.59 W, 1590 MHz, 62
1791416162.070, 254.62 W, 1590 MHz, 62
1791416162.602, 255.00 W, 1590 MHz, 62
1791416163.134, 254.85 W, 1590 MHz, 62
1791416163.666, 254.39 W, 1590 MHz, 62
1791416164.197, 254.50 W, 1590 MHz, 62
1791416164.730, 254.53 W, 1590 MHz, 62
1791416165.262, 254.56 W, 1590 MHz, 62
1791416165.796, 255.27 W, 1590 MHz, 62
1791416166.330, 255.16 W, 1590 MHz, 62
1791416166.863, 254.80 W, 1590 MHz, 62
1791416167.396, 254.65 W, 1590 MHz, 62
1791416167.929, 254.74 W, 1590 MHz, 62
1791416168.463, 255.08 W, 1590 MHz, 62
1791416168.997, 254.96 W, 1590 MHz, 62
1791416169.530, 255.34 W, 1590 MHz, 62
1791416170.065, 255.14 W, 1590 MHz, 62
1791416170.598, 255.30 W, 1590 MHz, 62
1791416171.130, 255.32 W, 1590 MHz, 62
1791416171.662, 255.34 W, 1590 MHz, 62
1791416172.194, 255.10 W, 1590 MHz, 62
1791416172.726, 254.76 W, 1590 MHz, 62
1791416173.259, 254.78 W, 1590 MHz, 62
1791416173.791, 254.71 W, 1590 MHz, 62
1791416174.322, 255.01 W, 1590 MHz, 62
1791416174.855, 254.86 W, 1590 MHz, 62
1791416175.390, 254.96 W, 1590 MHz, 62
1791416175.923, 255.18 W, 1590 MHz, 62
1791416176.457, 254.83 W, 1590 MHz, 62
1791416176.994, 254.90 W, 1590 MHz, 62
1791416177.526, 255.04 W, 1590 MHz, 62
1791416178.057, 255.11 W, 1590 MHz, 62
1791416178.589, 255.22 W, 1590 MHz, 62
1791416179.122, 255.28 W, 1590 MHz, 62
1791416179.654, 254.58 W, 1590 MHz, 62
1791416180.186, 253.86 W, 1590 MHz, 62
1791416180.720, 253.94 W, 1590 MHz, 62
1791416181.253, 254.34 W, 1590 MHz, 62
1791416181.787, 254.38 W, 1590 MHz, 62
1791416182.319, 254.02 W, 1590 MHz, 62
1791416182.853, 253.99 W, 1590 MHz, 62
1791416183.385, 253.87 W, 1590 MHz, 62
1791416183.918, 253.77 W, 1590 MHz, 62
1791416184.451, 253.93 W, 1590 MHz, 62
1791416184.983, 254.10 W, 1590 MHz, 62
1791416185.516, 254.48 W, 1590 MHz, 62
1791416186.048, 254.01 W, 1590 MHz, 62
1791416186.581, 253.86 W, 1590 MHz, 62
1791416187.112, 254.18 W, 1590 MHz, 62
1791416187.646, 254.19 W, 1590 MHz, 62
1791416188.180, 254.13 W, 1590 MHz, 62
1791416188.713, 254.07 W, 1590 MHz, 62
1791416189.247, 253.79 W, 1590 MHz, 62
1791416189.780, 254.06 W, 1590 MHz, 62
1791416190.313, 254.53 W, 1590 MHz, 62
1791416190.846, 254.67 W, 1590 MHz, 62
1791416191.379, 254.28 W, 1590 MHz, 62
1791416191.912, 253.78 W, 1590 MHz, 62
1791416192.446, 253.78 W, 1590 MHz, 62
1791416192.980, 254.08 W, 1590 MHz, 62
1791416193.511, 253.99 W, 1590 MHz, 62
1791416194.042, 254.10 W, 1590 MHz, 62
1791416194.575, 253.91 W, 1590 MHz, 62
1791416195.109, 253.54 W, 1590 MHz, 62
1791416195.644, 253.51 W, 1590 MHz, 62
1791416196.177, 253.97 W, 1590 MHz, 62
1791416196.712, 253.48 W, 1590 MHz, 62
1791416197.245, 253.54 W, 1590 MHz, 62
1791416197.779, 254.79 W, 1590 MHz, 62
1791416198.312, 254.79 W, 1590 MHz, 62
1791416198.845, 254.65 W, 1590 MHz, 62
1791416199.379, 254.49 W, 1590 MHz, 62
1791416199.912, 255.08 W, 1590 MHz, 62
1791416200.447, 254.86 W, 1590 MHz, 62
1791416200.980, 254.49 W, 1590 MHz, 62
1791416201.513, 255.08 W, 1590 MHz, 62
1791416202.047, 255.13 W, 1590 MHz, 62
1791416202.580, 254.63 W, 1590 MHz, 62
1791416203.112, 254.79 W, 1590 MHz, 62
1791416203.646, 255.13 W, 1590 MHz, 62
1791416204.179, 255.32 W, 1590 MHz, 62
1791416204.714, 254.97 W, 1590 MHz, 62
1791416205.247, 255.25 W, 1590 MHz, 62
1791416205.779, 255.24 W, 1590 MHz, 62
1791416206.314, 255.21 W, 1590 MHz, 62
1791416206.848, 255.29 W, 1590 MHz, 61
1791416207.379, 255.32 W, 1590 MHz, 62
1791416207.912, 255.39 W, 1590 MHz, 61
1791416208.444, 255.20 W, 1590 MHz, 62
1791416208.979, 255.63 W, 1590 MHz, 62
1791416209.513, 255.39 W, 1590 MHz, 62
1791416210.046, 254.86 W, 1590 MHz, 62
1791416210.578, 255.49 W, 1590 MHz, 62
1791416211.111, 255.75 W, 1590 MHz, 62
1791416211.645, 255.19 W, 1590 MHz, 62
1791416212.178, 255.36 W, 1590 MHz, 62
1791416212.709, 255.69 W, 1590 MHz, 62
1791416213.244, 255.42 W, 1590 MHz, 62
1791416213.777, 255.75 W, 1590 MHz, 62
1791416214.308, 255.22 W, 1590 MHz, 62
1791416214.841, 254.65 W, 1590 MHz, 62
1791416215.373, 254.05 W, 1590 MHz, 62
1791416215.904, 254.18 W, 1590 MHz, 61
1791416216.439, 253.98 W, 1590 MHz, 62
1791416216.971, 254.20 W, 1590 MHz, 61
1791416217.504, 254.40 W, 1590 MHz, 62
1791416218.036, 254.25 W, 1590 MHz, 61
1791416218.568, 254.61 W, 1590 MHz, 62
1791416219.100, 254.21 W, 1590 MHz, 61
1791416219.635, 254.13 W, 1590 MHz, 61
1791416220.168, 253.84 W, 1590 MHz, 61
1791416220.703, 253.99 W, 1590 MHz, 62
1791416221.235, 253.98 W, 1590 MHz, 61
1791416221.769, 254.05 W, 1590 MHz, 62
1791416222.304, 254.17 W, 1590 MHz, 61
1791416222.837, 254.06 W, 1590 MHz, 61
1791416223.370, 253.45 W, 1590 MHz, 61
1791416223.901, 253.33 W, 1590 MHz, 61
1791416224.435, 253.51 W, 1590 MHz, 61
1791416224.970, 253.84 W, 1590 MHz, 61
1791416225.505, 253.78 W, 1590 MHz, 61
1791416226.040, 253.98 W, 1590 MHz, 62
1791416226.573, 254.07 W, 1590 MHz, 61
1791416227.107, 253.82 W, 1590 MHz, 61
1791416227.639, 253.63 W, 1590 MHz, 61
1791416228.174, 253.71 W, 1590 MHz, 61
1791416228.706, 253.73 W, 1590 MHz, 61
1791416229.241, 253.62 W, 1590 MHz, 61
1791416229.774, 253.54 W, 1590 MHz, 61
1791416230.309, 253.86 W, 1590 MHz, 61
1791416230.842, 253.97 W, 1590 MHz, 61
1791416231.369, 225.96 W, 1590 MHz, 59
1791416231.898, 146.34 W, 1597 MHz, 58
1791416232.427, 97.22 W, 1597 MHz, 58
1791416232.956, 97.22 W, 1597 MHz, 58
1791416233.485, 72.05 W, 1597 MHz, 58
1791416234.016, 72.05 W, 1597 MHz, 58
1791416234.547, 71.92 W, 1597 MHz, 57
1791416235.075, 71.92 W, 1597 MHz, 57
1791416235.605, 71.60 W, 1597 MHz, 57
1791416236.134, 71.60 W, 1597 MHz, 57
1791416236.663, 70.88 W, 1597 MHz, 57
1791416237.194, 70.80 W, 1597 MHz, 57
1791416237.723, 70.80 W, 1597 MHz, 56
1791416238.253, 70.65 W, 1597 MHz, 56
1791416238.782, 70.65 W, 1597 MHz, 56
1791416239.311, 70.34 W, 1597 MHz, 56
1791416239.842, 70.34 W, 1597 MHz, 56
1791416240.372, 70.24 W, 1597 MHz, 56
1791416240.901, 70.24 W, 1597 MHz, 56
1791416241.430, 70.03 W, 1597 MHz, 56
1791416241.960, 70.03 W, 1597 MHz, 56
1791416242.489, 69.76 W, 1597 MHz, 55
1791416243.018, 69.76 W, 1597 MHz, 55
1791416243.548, 69.50 W, 1597 MHz, 55
1791416244.077, 69.50 W, 1597 MHz, 55
1791416244.606, 69.57 W, 1597 MHz, 55
1791416245.133, 69.57 W, 1597 MHz, 55
1791416245.663, 69.52 W, 1597 MHz, 55
1791416246.194, 69.29 W, 1597 MHz, 55
1791416246.725, 69.29 W, 1597 MHz, 54
1791416247.254, 69.21 W, 1597 MHz, 54
1791416247.783, 69.21 W, 1597 MHz, 54
1791416248.313, 68.77 W, 1597 MHz, 54
1791416248.842, 68.77 W, 1597 MHz, 54
1791416249.371, 68.79 W, 1597 MHz, 54
1791416249.901, 68.79 W, 1597 MHz, 54
1791416250.430, 68.71 W, 1597 MHz, 54
1791416250.960, 68.71 W, 1597 MHz, 54
1791416251.490, 68.66 W, 1597 MHz, 53
1791416252.018, 68.66 W, 1597 MHz, 53
1791416252.547, 68.80 W, 1597 MHz, 53
1791416253.076, 68.80 W, 1597 MHz, 53
1791416253.605, 68.58 W, 1597 MHz, 53
1791416254.137, 68.58 W, 1597 MHz, 53
1791416254.666, 68.44 W, 1597 MHz, 53
1791416255.197, 68.10 W, 1597 MHz, 53
1791416255.728, 68.10 W, 1597 MHz, 53
1791416256.257, 68.21 W, 1597 MHz, 53
1791416256.788, 68.21 W, 1597 MHz, 53
1791416257.318, 68.29 W, 1597 MHz, 53
1791416257.848, 68.29 W, 1597 MHz, 52
1791416258.378, 68.07 W, 1597 MHz, 52
1791416258.909, 68.07 W, 1597 MHz, 52
1791416259.439, 67.90 W, 1597 MHz, 52
1791416259.968, 67.90 W, 1597 MHz, 52
1791416260.499, 67.75 W, 1597 MHz, 52
1791416261.029, 67.75 W, 1597 MHz, 52
1791416261.560, 67.72 W, 1597 MHz, 52
1791416262.089, 67.72 W, 1597 MHz, 52
1791416262.618, 77.91 W, 2692 MHz, 52
1791416263.147, 77.91 W, 2692 MHz, 52
1791416263.678, 90.61 W, 2692 MHz, 52
1791416264.207, 90.47 W, 2692 MHz, 52
1791416264.735, 90.47 W, 2692 MHz, 52
1791416265.265, 90.32 W, 2692 MHz, 52
1791416265.793, 90.32 W, 2692 MHz, 52
1791416266.322, 90.29 W, 2692 MHz, 52
1791416266.850, 90.29 W, 2692 MHz, 52
1791416267.381, 90.02 W, 2692 MHz, 52
1791416267.911, 90.02 W, 2692 MHz, 52
1791416268.440, 89.98 W, 2692 MHz, 52
1791416268.969, 89.98 W, 2692 MHz, 52
1791416269.499, 89.70 W, 2692 MHz, 52
1791416270.028, 89.70 W, 2692 MHz, 52
1791416270.559, 89.73 W, 2692 MHz, 52
1791416271.089, 89.73 W, 2692 MHz, 52
1791416271.619, 89.50 W, 2692 MHz, 52
1791416272.148, 89.50 W, 2692 MHz, 52
1791416272.679, 89.49 W, 2692 MHz, 51
1791416273.208, 89.19 W, 2692 MHz, 51
1791416273.737, 89.19 W, 2692 MHz, 51
1791416274.269, 89.43 W, 2692 MHz, 51
1791416274.797, 89.43 W, 2692 MHz, 51
1791416275.325, 89.33 W, 2692 MHz, 51
1791416275.856, 89.33 W, 2692 MHz, 51
1791416276.388, 89.31 W, 2692 MHz, 51
1791416276.918, 89.31 W, 2692 MHz, 51
1791416277.447, 89.26 W, 2692 MHz, 51
1791416277.975, 89.26 W, 2692 MHz, 51
1791416278.505, 89.24 W, 2692 MHz, 51
1791416279.034, 89.24 W, 2692 MHz, 51
1791416279.563, 89.20 W, 2692 MHz, 51
1791416280.092, 89.20 W, 2692 MHz, 51
1791416280.622, 89.06 W, 2692 MHz, 51
1791416281.151, 89.06 W, 2692 MHz, 51
1791416281.682, 89.07 W, 2692 MHz, 51
1791416282.212, 88.93 W, 2692 MHz, 51
1791416282.741, 88.93 W, 2692 MHz, 50
1791416283.270, 89.06 W, 2692 MHz, 50
1791416283.799, 89.06 W, 2692 MHz, 50
1791416284.327, 88.93 W, 2692 MHz, 50
1791416284.856, 88.93 W, 2692 MHz, 50
1791416285.384, 88.78 W, 2692 MHz, 50
1791416285.914, 88.78 W, 2692 MHz, 50
1791416286.443, 88.80 W, 2692 MHz, 50
1791416286.973, 88.80 W, 2692 MHz, 50
1791416287.502, 88.66 W, 2692 MHz, 50
1791416288.032, 88.66 W, 2692 MHz, 50
1791416288.561, 88.53 W, 2692 MHz, 50
1791416289.090, 88.53 W, 2692 MHz, 50
1791416289.620, 88.32 W, 2692 MHz, 50
1791416290.150, 88.32 W, 2692 MHz, 50
1791416290.680, 88.36 W, 2692 MHz, 50
1791416291.209, 88.29 W, 2692 MHz, 50
1791416291.738, 88.29 W, 2692 MHz, 50
1791416292.266, 88.36 W, 2692 MHz, 50
1791416292.795, 88.36 W, 2692 MHz, 50
1791416293.323, 88.31 W, 2692 MHz, 50
1791416293.852, 88.31 W, 2692 MHz, 49
1791416294.383, 88.34 W, 2692 MHz, 49
1791416294.914, 88.34 W, 2692 MHz, 49
1791416295.444, 88.18 W, 2692 MHz, 49
1791416295.973, 88.18 W, 2692 MHz, 49
1791416296.502, 88.04 W, 2692 MHz, 49
1791416297.032, 88.04 W, 2692 MHz, 49
1791416297.561, 88.13 W, 2692 MHz, 49
1791416298.090, 88.13 W, 2692 MHz, 49
1791416298.618, 88.20 W, 2692 MHz, 49
1791416299.148, 88.20 W, 2692 MHz, 49
1791416299.679, 88.24 W, 2692 MHz, 49
1791416300.208, 88.18 W, 2692 MHz, 49
1791416300.736, 88.18 W, 2692 MHz, 49
1791416301.265, 88.20 W, 2692 MHz, 49
1791416301.795, 88.20 W, 2692 MHz, 49
1791416302.326, 88.22 W, 2692 MHz, 49
1791416302.857, 88.22 W, 2692 MHz, 49
1791416303.385, 88.04 W, 2692 MHz, 49
1791416303.914, 88.04 W, 2692 MHz, 49
1791416304.442, 88.07 W, 2692 MHz, 49
1791416304.971, 88.07 W, 2692 MHz, 49
1791416305.501, 88.08 W, 2692 MHz, 49
1791416306.030, 88.08 W, 2692 MHz, 49
1791416306.559, 87.92 W, 2692 MHz, 49
1791416307.088, 87.92 W, 2692 MHz, 49
1791416307.619, 87.83 W, 2692 MHz, 48
1791416308.148, 87.83 W, 2692 MHz, 48
1791416308.678, 87.82 W, 2692 MHz, 48
1791416309.206, 87.79 W, 2692 MHz, 48
1791416309.735, 87.79 W, 2692 MHz, 48
1791416310.263, 87.85 W, 2692 MHz, 48
1791416310.791, 87.85 W, 2692 MHz, 48
1791416311.321, 87.83 W, 2692 MHz, 48
1791416311.852, 87.83 W, 2692 MHz, 48
1791416312.382, 87.79 W, 2692 MHz, 48
1791416312.911, 87.79 W, 2692 MHz, 48
1791416313.440, 87.88 W, 2692 MHz, 48
1791416313.968, 87.88 W, 2692 MHz, 48
1791416314.498, 87.95 W, 2692 MHz, 48
1791416315.028, 87.95 W, 2692 MHz, 48
1791416315.556, 87.94 W, 2692 MHz, 48
1791416316.085, 87.94 W, 2692 MHz, 48
1791416316.615, 87.96 W, 2692 MHz, 48
1791416317.144, 87.96 W, 2692 MHz, 48
1791416317.672, 87.87 W, 2692 MHz, 48
1791416318.202, 87.62 W, 2692 MHz, 48
1791416318.731, 87.62 W, 2692 MHz, 48
1791416319.261, 87.63 W, 2692 MHz, 48
1791416319.792, 87.63 W, 2692 MHz, 48
1791416320.323, 87.56 W, 2692 MHz, 48
1791416320.854, 87.56 W, 2692 MHz, 48
1791416321.383, 87.50 W, 2692 MHz, 48
1791416321.913, 87.50 W, 2692 MHz, 48
1791416322.442, 87.51 W, 2692 MHz, 48
1791416322.970, 87.51 W, 2692 MHz, 48
1791416323.500, 87.64 W, 2692 MHz, 48
1791416324.029, 87.64 W, 2692 MHz, 48
1791416324.559, 87.48 W, 2692 MHz, 48
1791416325.088, 87.48 W, 2692 MHz, 48
1791416325.617, 87.44 W, 2692 MHz, 48
1791416326.146, 87.44 W, 2692 MHz, 48
1791416326.675, 87.54 W, 2692 MHz, 47
1791416327.201, 87.54 W, 2692 MHz, 47
1791416327.729, 87.54 W, 2692 MHz, 47
1791416328.260, 87.61 W, 2692 MHz, 47
1791416328.789, 87.61 W, 2692 MHz, 47
1791416329.320, 87.53 W, 2692 MHz, 47
1791416329.848, 87.53 W, 2692 MHz, 47
1791416330.377, 87.49 W, 2692 MHz, 47
1791416330.909, 87.49 W, 2692 MHz, 47
1791416331.439, 87.46 W, 2692 MHz, 47
1791416331.968, 87.46 W, 2692 MHz, 47
1791416332.498, 87.42 W, 2692 MHz, 47
1791416333.028, 87.42 W, 2692 MHz, 47
1791416333.558, 87.34 W, 2692 MHz, 47
1791416334.089, 87.34 W, 2692 MHz, 47
1791416334.619, 87.33 W, 2692 MHz, 47
1791416335.148, 87.33 W, 2692 MHz, 47
1791416335.677, 87.38 W, 2692 MHz, 47
1791416336.207, 87.35 W, 2692 MHz, 47
1791416336.737, 87.35 W, 2692 MHz, 47
1791416337.267, 87.49 W, 2692 MHz, 47
1791416337.795, 87.49 W, 2692 MHz, 47
1791416338.324, 87.51 W, 2692 MHz, 47
1791416338.853, 87.51 W, 2692 MHz, 47
1791416339.383, 87.46 W, 2692 MHz, 47
1791416339.913, 87.46 W, 2692 MHz, 47
1791416340.444, 87.25 W, 2692 MHz, 47
1791416340.972, 87.25 W, 2692 MHz, 47
1791416341.498, 87.25 W, 2692 MHz, 47
1791416342.028, 87.25 W, 2692 MHz, 47
1791416342.559, 87.49 W, 2692 MHz, 47
1791416343.089, 87.49 W, 2692 MHz, 47
1791416343.619, 87.43 W, 2692 MHz, 47
1791416344.149, 87.43 W, 2692 MHz, 47
1791416344.678, 87.35 W, 2692 MHz, 47
1791416345.209, 87.30 W, 2692 MHz, 47
1791416345.738, 87.30 W, 2692 MHz, 47
1791416346.266, 87.43 W, 2692 MHz, 47
1791416346.796, 87.43 W, 2692 MHz, 46
1791416347.325, 87.41 W, 2692 MHz, 46
1791416347.854, 87.41 W, 2692 MHz, 46
1791416348.383, 87.31 W, 2692 MHz, 46
1791416348.913, 87.31 W, 2692 MHz, 46
1791416349.442, 87.16 W, 2692 MHz, 46
1791416349.970, 87.16 W, 2692 MHz, 46
1791416350.499, 87.04 W, 2692 MHz, 46
1791416351.028, 87.04 W, 2692 MHz, 46
1791416351.556, 87.01 W, 2692 MHz, 46
1791416352.092, 112.40 W, 2692 MHz, 46
1791416352.624, 292.47 W, 2610 MHz, 58
1791416353.155, 566.05 W, 2610 MHz, 59
1791416353.686, 570.58 W, 2610 MHz, 61
1791416354.217, 572.04 W, 2610 MHz, 61
1791416354.748, 571.46 W, 2610 MHz, 62
1791416355.280, 573.08 W, 2610 MHz, 62
1791416355.811, 572.08 W, 2610 MHz, 63
1791416356.341, 574.07 W, 2610 MHz, 63
1791416356.871, 579.42 W, 2610 MHz, 64
1791416357.404, 580.22 W, 2610 MHz, 63
1791416357.934, 581.49 W, 2610 MHz, 65
1791416358.466, 583.42 W, 2610 MHz, 65
1791416359.002, 581.26 W, 2610 MHz, 65
1791416359.535, 580.02 W, 2610 MHz, 65
1791416360.067, 579.81 W, 2610 MHz, 65
1791416360.601, 578.39 W, 2610 MHz, 66
1791416361.133, 579.93 W, 2610 MHz, 66
1791416361.667, 491.84 W, 2685 MHz, 61
1791416362.202, 404.27 W, 2692 MHz, 59
1791416362.731, 293.44 W, 2692 MHz, 59
1791416363.259, 149.35 W, 2692 MHz, 54
1791416363.786, 144.28 W, 2692 MHz, 53
1791416364.314, 90.94 W, 2692 MHz, 53
1791416364.841, 90.94 W, 2692 MHz, 53
1791416365.370, 90.12 W, 2692 MHz, 53
1791416365.898, 90.12 W, 2692 MHz, 52
1791416366.430, 122.44 W, 2692 MHz, 59
1791416366.962, 263.73 W, 2602 MHz, 65
1791416367.495, 579.40 W, 2610 MHz, 65
1791416368.026, 583.03 W, 2610 MHz, 64
1791416368.556, 583.13 W, 2610 MHz, 67
1791416369.089, 584.50 W, 2602 MHz, 67
1791416369.622, 585.93 W, 2602 MHz, 67
1791416370.155, 586.95 W, 2602 MHz, 67
1791416370.686, 586.36 W, 2602 MHz, 68
1791416371.217, 587.10 W, 2602 MHz, 69
1791416371.748, 588.38 W, 2602 MHz, 69
1791416372.279, 589.13 W, 2602 MHz, 69
1791416372.810, 590.05 W, 2602 MHz, 69
1791416373.341, 589.79 W, 2602 MHz, 70
1791416373.875, 587.65 W, 2602 MHz, 70
1791416374.407, 585.17 W, 2602 MHz, 68
1791416374.943, 587.22 W, 2602 MHz, 70
1791416375.476, 588.03 W, 2602 MHz, 70
1791416376.006, 587.16 W, 2602 MHz, 70
1791416376.537, 588.39 W, 2602 MHz, 72
1791416377.068, 586.63 W, 2602 MHz, 72
1791416377.600, 588.41 W, 2602 MHz, 72
1791416378.132, 590.29 W, 2602 MHz, 72
1791416378.662, 590.62 W, 2602 MHz, 70
1791416379.195, 587.88 W, 2602 MHz, 72
1791416379.727, 590.03 W, 2602 MHz, 72
1791416380.260, 592.13 W, 2602 MHz, 72
1791416380.792, 590.15 W, 2602 MHz, 72
1791416381.323, 589.75 W, 2602 MHz, 73
1791416381.854, 588.88 W, 2602 MHz, 74
1791416382.384, 589.55 W, 2602 MHz, 74
1791416382.917, 590.23 W, 2602 MHz, 74
1791416383.449, 591.02 W, 2602 MHz, 75
1791416383.980, 591.16 W, 2602 MHz, 75
1791416384.512, 591.16 W, 2602 MHz, 75
1791416385.042, 590.35 W, 2602 MHz, 75
1791416385.575, 592.13 W, 2602 MHz, 76
1791416386.108, 592.79 W, 2602 MHz, 75
1791416386.641, 593.15 W, 2602 MHz, 76
1791416387.175, 592.93 W, 2602 MHz, 76
1791416387.707, 592.59 W, 2602 MHz, 77
1791416388.240, 592.44 W, 2602 MHz, 77
1791416388.774, 591.56 W, 2602 MHz, 76
1791416389.306, 590.99 W, 2602 MHz, 77
1791416389.838, 591.49 W, 2602 MHz, 76
1791416390.370, 593.19 W, 2602 MHz, 77
1791416390.903, 591.41 W, 2602 MHz, 77
1791416391.436, 590.73 W, 2602 MHz, 78
1791416391.968, 590.86 W, 2602 MHz, 78
1791416392.500, 591.30 W, 2602 MHz, 77
1791416393.035, 592.27 W, 2595 MHz, 78
1791416393.567, 594.44 W, 2595 MHz, 76
1791416394.099, 593.88 W, 2602 MHz, 78
1791416394.630, 594.92 W, 2595 MHz, 78
1791416395.163, 595.01 W, 2595 MHz, 78
1791416395.692, 594.14 W, 2595 MHz, 78
1791416396.225, 594.23 W, 2595 MHz, 79
1791416396.756, 593.18 W, 2602 MHz, 77
1791416397.289, 590.83 W, 2602 MHz, 79
1791416397.822, 590.98 W, 2602 MHz, 80
1791416398.352, 591.56 W, 2602 MHz, 79
1791416398.883, 590.43 W, 2595 MHz, 78
1791416399.413, 591.82 W, 2602 MHz, 79
1791416399.944, 592.02 W, 2602 MHz, 79
1791416400.475, 592.28 W, 2595 MHz, 80
1791416401.008, 594.26 W, 2595 MHz, 81
1791416401.541, 595.66 W, 2595 MHz, 80
1791416402.073, 594.03 W, 2595 MHz, 80
1791416402.605, 595.42 W, 2595 MHz, 81
1791416403.138, 594.79 W, 2602 MHz, 80
1791416403.672, 594.84 W, 2595 MHz, 80
1791416404.204, 595.31 W, 2595 MHz, 80
1791416404.737, 592.62 W, 2595 MHz, 81
1791416405.269, 590.54 W, 2602 MHz, 81
1791416405.800, 591.51 W, 2602 MHz, 81
1791416406.332, 592.12 W, 2595 MHz, 81
1791416406.867, 590.68 W, 2602 MHz, 81
1791416407.400, 502.96 W, 2692 MHz, 75
1791416407.934, 414.11 W, 2692 MHz, 74
1791416408.464, 275.89 W, 2692 MHz, 69
1791416408.991, 145.57 W, 2692 MHz, 68
1791416409.519, 145.57 W, 2692 MHz, 68
1791416410.048, 108.17 W, 2692 MHz, 68
1791416410.575, 108.17 W, 2692 MHz, 67
1791416411.102, 107.95 W, 2692 MHz, 67
1791416411.630, 107.95 W, 2692 MHz, 66
1791416412.163, 122.12 W, 2692 MHz, 66
1791416412.695, 290.77 W, 2587 MHz, 77
1791416413.227, 599.54 W, 2580 MHz, 79
1791416413.759, 601.24 W, 2572 MHz, 79
1791416414.291, 600.75 W, 2572 MHz, 80
1791416414.822, 600.23 W, 2572 MHz, 80
1791416415.353, 601.90 W, 2565 MHz, 80
1791416415.884, 598.48 W, 2565 MHz, 80
1791416416.415, 599.96 W, 2565 MHz, 81
1791416416.947, 602.61 W, 2565 MHz, 81
1791416417.477, 600.10 W, 2565 MHz, 82
1791416418.008, 599.11 W, 2557 MHz, 79
1791416418.539, 600.90 W, 2557 MHz, 81
1791416419.071, 600.16 W, 2557 MHz, 81
1791416419.602, 597.01 W, 2572 MHz, 81
1791416420.134, 598.39 W, 2572 MHz, 82
1791416420.666, 599.49 W, 2572 MHz, 82
1791416421.197, 600.98 W, 2565 MHz, 82
1791416421.728, 599.93 W, 2565 MHz, 83
1791416422.260, 599.33 W, 2565 MHz, 82
1791416422.794, 601.00 W, 2565 MHz, 82
1791416423.327, 599.81 W, 2565 MHz, 82
1791416423.858, 599.26 W, 2565 MHz, 82
1791416424.391, 601.14 W, 2557 MHz, 83
1791416424.924, 600.79 W, 2557 MHz, 83
1791416425.456, 600.17 W, 2557 MHz, 83
1791416425.988, 600.40 W, 2557 MHz, 84
1791416426.519, 599.87 W, 2557 MHz, 84
1791416427.053, 598.89 W, 2565 MHz, 84
1791416427.585, 600.07 W, 2565 MHz, 84
1791416428.118, 600.32 W, 2565 MHz, 84
1791416428.650, 600.23 W, 2565 MHz, 84
1791416429.184, 600.16 W, 2565 MHz, 84
1791416429.718, 600.16 W, 2557 MHz, 85
1791416430.251, 600.25 W, 2557 MHz, 84
1791416430.782, 600.07 W, 2565 MHz, 85
1791416431.314, 599.72 W, 2557 MHz, 85
1791416431.848, 599.81 W, 2557 MHz, 85
1791416432.379, 601.34 W, 2557 MHz, 85
1791416432.912, 600.74 W, 2557 MHz, 86
1791416433.444, 599.83 W, 2557 MHz, 85
1791416433.976, 598.88 W, 2557 MHz, 85
1791416434.508, 598.67 W, 2557 MHz, 86
1791416435.042, 599.34 W, 2565 MHz, 85
1791416435.574, 598.96 W, 2565 MHz, 86
1791416436.107, 599.49 W, 2565 MHz, 86
1791416436.636, 599.13 W, 2565 MHz, 86
1791416437.167, 599.31 W, 2565 MHz, 86
1791416437.699, 600.87 W, 2565 MHz, 84
1791416438.230, 599.39 W, 2565 MHz, 85
1791416438.761, 599.21 W, 2565 MHz, 85
1791416439.295, 601.26 W, 2565 MHz, 86
1791416439.829, 601.54 W, 2557 MHz, 86
1791416440.363, 599.66 W, 2557 MHz, 84
1791416440.895, 600.58 W, 2550 MHz, 87
1791416441.426, 600.65 W, 2557 MHz, 87
1791416441.958, 599.31 W, 2557 MHz, 87
1791416442.490, 599.79 W, 2565 MHz, 87
1791416443.023, 599.95 W, 2565 MHz, 85
1791416443.555, 599.35 W, 2565 MHz, 86
1791416444.087, 600.50 W, 2572 MHz, 87
1791416444.620, 600.90 W, 2572 MHz, 87
1791416445.152, 600.74 W, 2565 MHz, 87
1791416445.683, 600.31 W, 2565 MHz, 87
1791416446.217, 600.97 W, 2565 MHz, 87
1791416446.748, 598.82 W, 2565 MHz, 86
1791416447.280, 600.74 W, 2565 MHz, 87
1791416447.811, 600.53 W, 2565 MHz, 87
1791416448.345, 600.44 W, 2557 MHz, 87
1791416448.876, 599.95 W, 2557 MHz, 87
1791416449.408, 598.02 W, 2565 MHz, 86
1791416449.940, 600.06 W, 2565 MHz, 87
1791416450.473, 597.88 W, 2565 MHz, 87
1791416451.004, 598.74 W, 2572 MHz, 88
1791416451.534, 599.23 W, 2572 MHz, 88
1791416452.064, 600.34 W, 2572 MHz, 87
1791416452.596, 601.33 W, 2572 MHz, 87
1791416453.133, 600.43 W, 2572 MHz, 87
1791416453.666, 502.50 W, 2692 MHz, 82
1791416454.199, 415.10 W, 2692 MHz, 81
1791416454.728, 282.39 W, 2692 MHz, 77
1791416455.259, 271.43 W, 2550 MHz, 75
1791416455.790, 543.27 W, 2520 MHz, 85
1791416456.322, 601.20 W, 2520 MHz, 87
1791416456.854, 600.35 W, 2512 MHz, 88
1791416457.390, 599.05 W, 2512 MHz, 87
1791416457.921, 598.91 W, 2512 MHz, 88
1791416458.454, 599.03 W, 2505 MHz, 88
1791416458.985, 598.87 W, 2512 MHz, 88
1791416459.516, 600.21 W, 2512 MHz, 88
1791416460.046, 599.18 W, 2505 MHz, 88
1791416460.577, 600.30 W, 2505 MHz, 88
1791416461.110, 598.98 W, 2505 MHz, 88
1791416461.642, 599.68 W, 2505 MHz, 88
1791416462.175, 599.97 W, 2505 MHz, 86
1791416462.705, 600.24 W, 2512 MHz, 89
1791416463.237, 599.87 W, 2520 MHz, 89
1791416463.768, 599.07 W, 2520 MHz, 89
1791416464.302, 599.74 W, 2520 MHz, 89
1791416464.836, 547.77 W, 2692 MHz, 89
1791416465.370, 444.52 W, 2692 MHz, 82
1791416465.899, 321.46 W, 2692 MHz, 76
1791416466.431, 247.19 W, 2692 MHz, 85
1791416466.965, 449.11 W, 2535 MHz, 87
1791416467.495, 604.16 W, 2505 MHz, 88
1791416468.028, 600.51 W, 2505 MHz, 88
1791416468.558, 601.07 W, 2512 MHz, 89
1791416469.088, 601.01 W, 2505 MHz, 89
1791416469.620, 599.71 W, 2505 MHz, 88
1791416470.151, 598.99 W, 2505 MHz, 88
1791416470.682, 600.46 W, 2505 MHz, 88
1791416471.213, 601.15 W, 2505 MHz, 89
1791416471.746, 600.30 W, 2505 MHz, 89
1791416472.277, 599.34 W, 2505 MHz, 89
1791416472.809, 600.72 W, 2497 MHz, 89
1791416473.340, 600.54 W, 2497 MHz, 88
1791416473.873, 599.21 W, 2512 MHz, 89
1791416474.406, 598.99 W, 2512 MHz, 89
1791416474.940, 598.21 W, 2512 MHz, 89
1791416475.472, 600.41 W, 2512 MHz, 88
1791416476.007, 569.83 W, 2640 MHz, 86
1791416476.540, 488.70 W, 2692 MHz, 83
1791416477.073, 393.04 W, 2692 MHz, 82
1791416477.606, 391.83 W, 2692 MHz, 82
1791416478.138, 405.66 W, 2692 MHz, 82
1791416478.672, 405.00 W, 2692 MHz, 81
1791416479.205, 404.46 W, 2692 MHz, 81
1791416479.739, 404.58 W, 2692 MHz, 81
1791416480.272, 403.82 W, 2692 MHz, 81
1791416480.805, 403.43 W, 2692 MHz, 81
1791416481.339, 403.26 W, 2692 MHz, 81
1791416481.872, 402.96 W, 2692 MHz, 81
1791416482.407, 402.83 W, 2692 MHz, 81
1791416482.941, 402.74 W, 2692 MHz, 81
1791416483.475, 402.62 W, 2692 MHz, 80
1791416484.009, 402.70 W, 2692 MHz, 81
1791416484.543, 402.63 W, 2692 MHz, 80
1791416485.077, 402.38 W, 2692 MHz, 80
1791416485.609, 402.34 W, 2692 MHz, 80
1791416486.143, 402.63 W, 2692 MHz, 80
1791416486.676, 402.06 W, 2692 MHz, 80
1791416487.209, 401.90 W, 2692 MHz, 80
1791416487.742, 401.63 W, 2692 MHz, 80
1791416488.276, 401.68 W, 2692 MHz, 80
1791416488.811, 401.83 W, 2692 MHz, 80
1791416489.346, 402.21 W, 2692 MHz, 80
1791416489.879, 401.95 W, 2692 MHz, 79
1791416490.415, 402.18 W, 2692 MHz, 79
1791416490.948, 402.40 W, 2692 MHz, 79
1791416491.483, 402.13 W, 2692 MHz, 79
1791416492.017, 402.09 W, 2692 MHz, 79
1791416492.552, 402.22 W, 2692 MHz, 79
1791416493.087, 400.99 W, 2692 MHz, 79
1791416493.622, 400.73 W, 2692 MHz, 79
1791416494.156, 400.29 W, 2692 MHz, 79
1791416494.690, 399.49 W, 2692 MHz, 79
1791416495.223, 399.87 W, 2692 MHz, 79
1791416495.757, 399.59 W, 2692 MHz, 79
1791416496.290, 398.90 W, 2692 MHz, 79
1791416496.822, 398.70 W, 2692 MHz, 79
1791416497.356, 398.50 W, 2692 MHz, 79
1791416497.892, 398.34 W, 2692 MHz, 79
1791416498.423, 398.29 W, 2692 MHz, 78
1791416498.956, 397.98 W, 2692 MHz, 78
1791416499.489, 397.51 W, 2692 MHz, 78
1791416500.024, 397.21 W, 2692 MHz, 78
1791416500.559, 397.33 W, 2692 MHz, 78
1791416501.095, 397.09 W, 2692 MHz, 78
1791416501.628, 397.24 W, 2692 MHz, 78
1791416502.161, 397.49 W, 2692 MHz, 78
1791416502.693, 397.64 W, 2692 MHz, 78
1791416503.225, 397.57 W, 2692 MHz, 78
1791416503.758, 397.32 W, 2692 MHz, 78
1791416504.292, 397.06 W, 2692 MHz, 78
1791416504.826, 396.35 W, 2692 MHz, 78
1791416505.360, 396.17 W, 2692 MHz, 78
1791416505.895, 396.33 W, 2692 MHz, 78
1791416506.429, 396.37 W, 2692 MHz, 78
1791416506.963, 396.14 W, 2692 MHz, 77
1791416507.496, 396.17 W, 2692 MHz, 77
1791416508.030, 396.34 W, 2692 MHz, 77
1791416508.563, 394.61 W, 2692 MHz, 77
1791416509.098, 394.37 W, 2692 MHz, 77
1791416509.633, 396.29 W, 2692 MHz, 77
1791416510.168, 396.39 W, 2692 MHz, 77
1791416510.702, 396.43 W, 2692 MHz, 77
1791416511.237, 396.17 W, 2692 MHz, 77
1791416511.771, 396.08 W, 2692 MHz, 77
1791416512.305, 395.90 W, 2692 MHz, 77
1791416512.838, 395.83 W, 2692 MHz, 77
1791416513.373, 396.05 W, 2692 MHz, 77
1791416513.907, 395.58 W, 2692 MHz, 77
1791416514.441, 395.55 W, 2692 MHz, 77
1791416514.977, 396.04 W, 2692 MHz, 77
1791416515.512, 396.07 W, 2692 MHz, 77
1791416516.046, 395.84 W, 2692 MHz, 77
1791416516.580, 395.04 W, 2692 MHz, 77
1791416517.115, 394.79 W, 2692 MHz, 77
1791416517.648, 394.84 W, 2692 MHz, 77
1791416518.181, 394.70 W, 2692 MHz, 77
1791416518.716, 394.74 W, 2692 MHz, 77
1791416519.249, 395.15 W, 2692 MHz, 76
1791416519.781, 395.67 W, 2692 MHz, 76
1791416520.314, 395.55 W, 2692 MHz, 76
1791416520.848, 395.64 W, 2692 MHz, 76
1791416521.382, 395.04 W, 2692 MHz, 76
1791416521.915, 395.02 W, 2692 MHz, 76
1791416522.449, 395.28 W, 2692 MHz, 76
1791416522.985, 395.34 W, 2692 MHz, 76
1791416523.519, 394.96 W, 2692 MHz, 76
1791416524.054, 393.93 W, 2692 MHz, 76
1791416524.587, 393.53 W, 2692 MHz, 76
1791416525.121, 393.91 W, 2692 MHz, 76
1791416525.654, 394.33 W, 2692 MHz, 76
1791416526.188, 394.49 W, 2692 MHz, 76
1791416526.722, 394.19 W, 2692 MHz, 76
1791416527.256, 393.67 W, 2692 MHz, 76
1791416527.790, 393.51 W, 2692 MHz, 76
1791416528.323, 393.79 W, 2692 MHz, 76
1791416528.854, 393.77 W, 2692 MHz, 76
1791416529.388, 393.24 W, 2692 MHz, 76
1791416529.922, 393.17 W, 2692 MHz, 76
1791416530.457, 393.08 W, 2692 MHz, 76
1791416530.988, 392.91 W, 2692 MHz, 76
1791416531.522, 393.00 W, 2692 MHz, 76
1791416532.055, 392.99 W, 2692 MHz, 76
1791416532.588, 393.19 W, 2692 MHz, 76
1791416533.123, 393.20 W, 2692 MHz, 76
1791416533.656, 393.12 W, 2692 MHz, 76
1791416534.189, 392.99 W, 2692 MHz, 76
1791416534.723, 393.15 W, 2692 MHz, 76
1791416535.256, 393.22 W, 2692 MHz, 76
1791416535.789, 392.70 W, 2692 MHz, 76
1791416536.321, 392.41 W, 2692 MHz, 76
1791416536.854, 392.12 W, 2692 MHz, 76
1791416537.386, 391.89 W, 2692 MHz, 76
1791416537.920, 392.07 W, 2692 MHz, 76
1791416538.454, 392.22 W, 2692 MHz, 76
1791416538.989, 388.70 W, 2692 MHz, 75
1791416539.523, 389.11 W, 2692 MHz, 75
1791416540.055, 392.18 W, 2692 MHz, 75
1791416540.589, 392.40 W, 2692 MHz, 75
1791416541.122, 392.54 W, 2692 MHz, 76
1791416541.655, 392.61 W, 2692 MHz, 75
1791416542.190, 392.45 W, 2692 MHz, 75
1791416542.722, 392.51 W, 2692 MHz, 75
1791416543.254, 392.45 W, 2692 MHz, 75
1791416543.786, 392.49 W, 2692 MHz, 75
1791416544.321, 392.55 W, 2692 MHz, 75
1791416544.854, 392.41 W, 2692 MHz, 75
1791416545.389, 392.14 W, 2692 MHz, 75
1791416545.924, 392.15 W, 2692 MHz, 75
1791416546.458, 392.22 W, 2692 MHz, 75
1791416546.992, 392.33 W, 2692 MHz, 75
1791416547.525, 392.47 W, 2692 MHz, 75
1791416548.059, 392.38 W, 2692 MHz, 75
1791416548.593, 391.70 W, 2692 MHz, 75
1791416549.126, 391.83 W, 2692 MHz, 75
1791416549.658, 391.94 W, 2692 MHz, 75
1791416550.191, 392.06 W, 2692 MHz, 75
1791416550.723, 392.57 W, 2692 MHz, 75
1791416551.256, 392.51 W, 2692 MHz, 75
1791416551.788, 392.27 W, 2692 MHz, 75
1791416552.324, 392.23 W, 2692 MHz, 75
1791416552.861, 392.44 W, 2692 MHz, 75
1791416553.394, 392.57 W, 2692 MHz, 75
1791416553.926, 392.16 W, 2692 MHz, 75
1791416554.459, 391.83 W, 2692 MHz, 75
1791416554.991, 391.60 W, 2692 MHz, 75
1791416555.526, 391.19 W, 2692 MHz, 75
1791416556.061, 391.05 W, 2692 MHz, 75
1791416556.595, 391.01 W, 2692 MHz, 75
1791416557.128, 390.82 W, 2692 MHz, 75
1791416557.659, 390.97 W, 2692 MHz, 75
1791416558.192, 391.41 W, 2692 MHz, 75
1791416558.726, 391.42 W, 2692 MHz, 75
1791416559.261, 391.16 W, 2692 MHz, 75
1791416559.795, 391.24 W, 2692 MHz, 75
1791416560.329, 391.22 W, 2692 MHz, 75
1791416560.864, 391.60 W, 2692 MHz, 75
1791416561.397, 391.46 W, 2692 MHz, 75
1791416561.931, 391.47 W, 2692 MHz, 75
1791416562.464, 391.48 W, 2692 MHz, 75
1791416562.996, 391.04 W, 2692 MHz, 75
1791416563.529, 391.02 W, 2692 MHz, 75
1791416564.061, 391.17 W, 2692 MHz, 75
1791416564.594, 391.46 W, 2692 MHz, 75
1791416565.131, 391.63 W, 2692 MHz, 75
1791416565.664, 391.79 W, 2692 MHz, 75
1791416566.198, 391.44 W, 2692 MHz, 75
1791416566.732, 391.37 W, 2692 MHz, 75
1791416567.264, 391.38 W, 2692 MHz, 75
1791416567.797, 391.55 W, 2692 MHz, 75
1791416568.330, 391.49 W, 2692 MHz, 75
1791416568.865, 389.95 W, 2692 MHz, 75
1791416569.399, 389.70 W, 2692 MHz, 75
1791416569.933, 391.12 W, 2692 MHz, 75
1791416570.467, 391.20 W, 2692 MHz, 75
1791416571.000, 390.75 W, 2692 MHz, 75
1791416571.535, 390.56 W, 2692 MHz, 75
1791416572.070, 391.08 W, 2692 MHz, 75
1791416572.603, 391.34 W, 2692 MHz, 75
1791416573.136, 391.09 W, 2692 MHz, 75
1791416573.669, 390.24 W, 2692 MHz, 75
1791416574.203, 390.41 W, 2692 MHz, 75
1791416574.738, 390.75 W, 2692 MHz, 75
1791416575.271, 391.11 W, 2692 MHz, 75
1791416575.805, 390.96 W, 2692 MHz, 75
1791416576.339, 391.05 W, 2692 MHz, 75
1791416576.873, 391.48 W, 2692 MHz, 75
1791416577.407, 391.64 W, 2692 MHz, 75
1791416577.941, 391.68 W, 2692 MHz, 75
1791416578.475, 391.33 W, 2692 MHz, 75
1791416579.010, 391.32 W, 2692 MHz, 75
1791416579.544, 391.43 W, 2692 MHz, 75
1791416580.076, 391.84 W, 2692 MHz, 75
1791416580.609, 391.79 W, 2692 MHz, 75
1791416581.141, 391.78 W, 2692 MHz, 75
1791416581.676, 391.86 W, 2692 MHz, 75
1791416582.210, 391.83 W, 2692 MHz, 75
1791416582.745, 391.57 W, 2692 MHz, 75
1791416583.279, 391.70 W, 2692 MHz, 75
1791416583.812, 391.68 W, 2692 MHz, 75
1791416584.347, 391.73 W, 2692 MHz, 75
1791416584.879, 390.98 W, 2692 MHz, 75
1791416585.413, 390.75 W, 2692 MHz, 75
1791416585.947, 391.27 W, 2692 MHz, 75
1791416586.479, 390.85 W, 2692 MHz, 75
1791416587.013, 390.60 W, 2692 MHz, 75
1791416587.546, 390.89 W, 2692 MHz, 75
1791416588.079, 390.73 W, 2692 MHz, 75
1791416588.613, 390.68 W, 2692 MHz, 75
1791416589.145, 390.50 W, 2692 MHz, 75
1791416589.678, 390.47 W, 2692 MHz, 75
1791416590.210, 390.68 W, 2692 MHz, 75
1791416590.744, 390.72 W, 2692 MHz, 75
1791416591.279, 390.88 W, 2692 MHz, 75
1791416591.812, 391.11 W, 2692 MHz, 75
1791416592.346, 391.36 W, 2692 MHz, 75
1791416592.879, 390.79 W, 2692 MHz, 75
1791416593.410, 390.47 W, 2692 MHz, 75
1791416593.944, 390.68 W, 2692 MHz, 75
1791416594.477, 390.84 W, 2692 MHz, 74
1791416595.010, 390.62 W, 2692 MHz, 74
1791416595.543, 390.52 W, 2692 MHz, 74
1791416596.076, 390.52 W, 2692 MHz, 74
1791416596.609, 390.50 W, 2692 MHz, 74
1791416597.142, 390.76 W, 2692 MHz, 74
1791416597.676, 390.64 W, 2692 MHz, 74
1791416598.208, 390.26 W, 2692 MHz, 74
1791416598.741, 390.38 W, 2692 MHz, 74
1791416599.275, 390.33 W, 2692 MHz, 75
1791416599.809, 387.36 W, 2692 MHz, 74
1791416600.345, 387.22 W, 2692 MHz, 74
1791416600.877, 390.75 W, 2692 MHz, 74
1791416601.409, 390.95 W, 2692 MHz, 74
1791416601.942, 391.11 W, 2692 MHz, 75
1791416602.478, 390.86 W, 2692 MHz, 75
1791416603.011, 390.91 W, 2692 MHz, 75
1791416603.547, 391.11 W, 2692 MHz, 75
1791416604.082, 390.86 W, 2692 MHz, 74
1791416604.617, 390.88 W, 2692 MHz, 74
1791416605.153, 390.64 W, 2692 MHz, 74
1791416605.687, 390.74 W, 2692 MHz, 74
1791416606.223, 390.78 W, 2692 MHz, 74
1791416606.755, 391.01 W, 2692 MHz, 74
1791416607.290, 391.37 W, 2692 MHz, 75
1791416607.825, 391.39 W, 2692 MHz, 75
1791416608.359, 391.60 W, 2692 MHz, 74
1791416608.893, 391.59 W, 2692 MHz, 74
1791416609.425, 391.36 W, 2692 MHz, 75
1791416609.959, 391.48 W, 2692 MHz, 75
1791416610.494, 391.55 W, 2692 MHz, 74
1791416611.027, 391.22 W, 2692 MHz, 74
1791416611.560, 391.26 W, 2692 MHz, 74
1791416612.096, 391.79 W, 2692 MHz, 74
1791416612.630, 392.20 W, 2692 MHz, 74
1791416613.166, 391.62 W, 2692 MHz, 75
1791416613.700, 391.68 W, 2692 MHz, 75
1791416614.234, 392.18 W, 2692 MHz, 74
1791416614.767, 391.43 W, 2692 MHz, 74
1791416615.302, 390.67 W, 2692 MHz, 75
1791416615.837, 390.39 W, 2692 MHz, 75
1791416616.370, 390.47 W, 2692 MHz, 75
1791416616.903, 390.33 W, 2692 MHz, 74
1791416617.436, 390.28 W, 2692 MHz, 74
1791416617.970, 390.13 W, 2692 MHz, 74
1791416618.503, 390.14 W, 2692 MHz, 74
1791416619.037, 389.78 W, 2692 MHz, 74
1791416619.572, 389.72 W, 2692 MHz, 74
1791416620.106, 390.09 W, 2692 MHz, 74
1791416620.640, 390.02 W, 2692 MHz, 74
1791416621.173, 390.38 W, 2692 MHz, 74
1791416621.708, 390.33 W, 2692 MHz, 74
1791416622.242, 389.73 W, 2692 MHz, 74
1791416622.775, 389.58 W, 2692 MHz, 74
1791416623.310, 389.72 W, 2692 MHz, 74
1791416623.843, 390.08 W, 2692 MHz, 74
1791416624.377, 390.23 W, 2692 MHz, 74
1791416624.911, 390.10 W, 2692 MHz, 74
1791416625.444, 389.82 W, 2692 MHz, 74
1791416625.979, 390.36 W, 2692 MHz, 74
1791416626.513, 390.70 W, 2692 MHz, 74
1791416627.049, 390.78 W, 2692 MHz, 74
1791416627.582, 390.28 W, 2692 MHz, 74
1791416628.113, 390.08 W, 2692 MHz, 74
1791416628.647, 390.28 W, 2692 MHz, 74
1791416629.175, 352.43 W, 2692 MHz, 74
1791416629.703, 212.93 W, 2692 MHz, 70
1791416630.232, 152.44 W, 2692 MHz, 69
1791416630.762, 152.44 W, 2692 MHz, 69
1791416631.290, 108.78 W, 2692 MHz, 69
1791416631.819, 108.78 W, 2692 MHz, 68
1791416632.349, 108.60 W, 2692 MHz, 68
1791416632.878, 108.60 W, 2692 MHz, 67
1791416633.407, 108.31 W, 2692 MHz, 67
1791416633.937, 108.31 W, 2692 MHz, 67
1791416634.466, 107.95 W, 2692 MHz, 66
1791416634.995, 107.74 W, 2692 MHz, 66
1791416635.523, 107.74 W, 2692 MHz, 66
1791416636.052, 107.43 W, 2692 MHz, 66
1791416636.581, 107.43 W, 2692 MHz, 66
1791416637.111, 107.15 W, 2692 MHz, 66
1791416637.640, 107.15 W, 2692 MHz, 65
1791416638.170, 107.05 W, 2692 MHz, 65
1791416638.699, 107.05 W, 2692 MHz, 65
1791416639.227, 106.62 W, 2692 MHz, 65
1791416639.756, 106.62 W, 2692 MHz, 65
1791416640.285, 106.52 W, 2692 MHz, 65
1791416640.813, 106.52 W, 2692 MHz, 64
1791416641.342, 106.18 W, 2692 MHz, 64
1791416641.869, 106.18 W, 2692 MHz, 64
1791416642.398, 106.05 W, 2692 MHz, 64
1791416642.927, 106.05 W, 2692 MHz, 64
1791416643.458, 105.57 W, 2692 MHz, 63
1791416643.986, 105.43 W, 2692 MHz, 63
1791416644.515, 105.43 W, 2692 MHz, 63
1791416645.046, 105.33 W, 2692 MHz, 63
1791416645.576, 105.33 W, 2692 MHz, 63
1791416646.106, 105.19 W, 2692 MHz, 63
1791416646.635, 105.19 W, 2692 MHz, 63
1791416647.164, 105.02 W, 2692 MHz, 63
1791416647.693, 105.02 W, 2692 MHz, 62
1791416648.224, 103.62 W, 2692 MHz, 62
1791416648.752, 103.62 W, 2692 MHz, 62
1791416649.281, 103.46 W, 2692 MHz, 62
1791416649.811, 103.46 W, 2692 MHz, 62
1791416650.341, 103.00 W, 2692 MHz, 62
1791416650.869, 103.00 W, 2692 MHz, 62
1791416651.397, 102.80 W, 2692 MHz, 62
1791416651.926, 102.80 W, 2692 MHz, 61
1791416652.454, 102.53 W, 2692 MHz, 61
1791416652.985, 101.63 W, 2692 MHz, 61
1791416653.516, 101.63 W, 2692 MHz, 61
1791416654.047, 101.54 W, 2692 MHz, 61
1791416654.575, 101.54 W, 2692 MHz, 61
1791416655.103, 101.32 W, 2692 MHz, 61
1791416655.634, 101.32 W, 2692 MHz, 60
1791416656.161, 101.15 W, 2692 MHz, 60
1791416656.691, 101.15 W, 2692 MHz, 60
1791416657.221, 101.00 W, 2692 MHz, 60
1791416657.751, 101.00 W, 2692 MHz, 60
1791416658.280, 100.84 W, 2692 MHz, 60
1791416658.809, 100.84 W, 2692 MHz, 60
1791416659.339, 100.24 W, 2692 MHz, 60
1791416659.869, 100.24 W, 2692 MHz, 60
1791416660.399, 86.36 W, 1297 MHz, 60
1791416660.929, 86.36 W, 1297 MHz, 59
1791416661.460, 68.71 W, 1297 MHz, 58
1791416661.990, 68.62 W, 1297 MHz, 58
1791416662.520, 68.62 W, 1297 MHz, 58
1791416663.050, 68.33 W, 1297 MHz, 58
1791416663.581, 68.33 W, 1297 MHz, 58
1791416664.112, 68.30 W, 1297 MHz, 58
1791416664.643, 68.30 W, 1297 MHz, 57
1791416665.174, 68.19 W, 1297 MHz, 57
1791416665.704, 68.19 W, 1297 MHz, 57
1791416666.233, 67.79 W, 1297 MHz, 57
1791416666.764, 67.79 W, 1297 MHz, 57
1791416667.293, 67.58 W, 1297 MHz, 57
1791416667.824, 67.58 W, 1297 MHz, 57
1791416668.354, 67.42 W, 1297 MHz, 57
1791416668.885, 67.42 W, 1297 MHz, 57
1791416669.413, 67.25 W, 1297 MHz, 56
1791416669.943, 67.25 W, 1297 MHz, 56
1791416670.472, 67.20 W, 1297 MHz, 56
1791416671.004, 67.12 W, 1297 MHz, 56
1791416671.535, 67.12 W, 1297 MHz, 56
1791416672.067, 67.01 W, 1297 MHz, 56
1791416672.596, 67.01 W, 1297 MHz, 56
1791416673.125, 66.80 W, 1297 MHz, 56
1791416673.656, 66.80 W, 1297 MHz, 56
1791416674.186, 66.82 W, 1297 MHz, 56
1791416674.715, 66.82 W, 1297 MHz, 55
1791416675.246, 66.67 W, 1297 MHz, 55
1791416675.777, 66.67 W, 1297 MHz, 55
1791416676.306, 66.52 W, 1297 MHz, 55
1791416676.836, 66.52 W, 1297 MHz, 55
1791416677.365, 66.56 W, 1297 MHz, 55
1791416677.896, 66.56 W, 1297 MHz, 55
1791416678.427, 66.48 W, 1297 MHz, 55
1791416678.956, 66.48 W, 1297 MHz, 55
1791416679.486, 66.39 W, 1297 MHz, 54
1791416680.015, 66.43 W, 1297 MHz, 54
1791416680.544, 66.43 W, 1297 MHz, 54
1791416681.076, 66.21 W, 1297 MHz, 54
1791416681.607, 66.21 W, 1297 MHz, 54
1791416682.138, 66.09 W, 1297 MHz, 54
1791416682.668, 66.09 W, 1297 MHz, 54
1791416683.198, 66.01 W, 1297 MHz, 54
1791416683.727, 66.01 W, 1297 MHz, 54
1791416684.256, 65.81 W, 1297 MHz, 54
1791416684.785, 65.81 W, 1297 MHz, 54
1791416685.314, 65.34 W, 1297 MHz, 54
1791416685.844, 65.34 W, 1297 MHz, 53
1791416686.374, 65.16 W, 1297 MHz, 53
1791416686.904, 65.16 W, 1297 MHz, 53
1791416687.434, 64.99 W, 1297 MHz, 53
1791416687.966, 65.01 W, 1297 MHz, 53
1791416688.496, 65.01 W, 1297 MHz, 53
1791416689.027, 65.12 W, 1297 MHz, 53
1791416689.557, 65.12 W, 1297 MHz, 53
1791416690.086, 64.98 W, 1297 MHz, 53
1791416690.614, 64.98 W, 1297 MHz, 53
1791416691.145, 64.92 W, 1297 MHz, 53
1791416691.675, 64.92 W, 1297 MHz, 53
1791416692.205, 64.90 W, 1297 MHz, 53
1791416692.734, 64.90 W, 1297 MHz, 52
1791416693.264, 64.83 W, 1297 MHz, 52
1791416693.795, 64.83 W, 1297 MHz, 52
1791416694.324, 64.60 W, 1297 MHz, 52
1791416694.855, 64.60 W, 1297 MHz, 52
1791416695.385, 64.61 W, 1297 MHz, 52
1791416695.915, 64.61 W, 1297 MHz, 52
1791416696.446, 64.11 W, 1297 MHz, 52
1791416696.976, 63.92 W, 1297 MHz, 52
1791416697.506, 63.92 W, 1297 MHz, 52
1791416698.036, 64.01 W, 1297 MHz, 52
1791416698.564, 64.01 W, 1297 MHz, 52
1791416699.094, 64.00 W, 1297 MHz, 52
1791416699.623, 64.00 W, 1297 MHz, 51
1791416700.154, 63.96 W, 1297 MHz, 51
1791416700.684, 63.96 W, 1297 MHz, 51
1791416701.213, 63.85 W, 1297 MHz, 51
1791416701.743, 63.85 W, 1297 MHz, 51
1791416702.271, 63.76 W, 1297 MHz, 51
1791416702.803, 63.76 W, 1297 MHz, 51
1791416703.332, 63.60 W, 1297 MHz, 51
1791416703.862, 63.60 W, 1297 MHz, 51
1791416704.394, 63.64 W, 1297 MHz, 51
1791416704.925, 63.64 W, 1297 MHz, 51
1791416705.454, 63.55 W, 1297 MHz, 51
1791416705.986, 63.72 W, 1297 MHz, 51
1791416706.516, 63.72 W, 1297 MHz, 51
1791416707.046, 63.28 W, 1297 MHz, 51
1791416707.578, 63.28 W, 1297 MHz, 50
1791416708.106, 63.02 W, 1297 MHz, 50
1791416708.635, 63.02 W, 1297 MHz, 50
1791416709.164, 62.93 W, 1297 MHz, 50
1791416709.694, 62.93 W, 1297 MHz, 50
1791416710.224, 62.97 W, 1297 MHz, 50
1791416710.753, 62.97 W, 1297 MHz, 50
1791416711.282, 62.44 W, 1297 MHz, 50
1791416711.813, 62.44 W, 1297 MHz, 50
1791416712.342, 62.41 W, 1297 MHz, 50
1791416712.873, 62.41 W, 1297 MHz, 50
1791416713.402, 62.49 W, 1297 MHz, 50
1791416713.931, 62.49 W, 1297 MHz, 50
1791416714.460, 62.34 W, 1297 MHz, 50
1791416714.990, 62.10 W, 1297 MHz, 50
1791416715.518, 62.10 W, 1297 MHz, 49
1791416716.049, 62.05 W, 1297 MHz, 49
1791416716.579, 62.05 W, 1297 MHz, 49
1791416717.109, 61.99 W, 1297 MHz, 49
1791416717.640, 61.99 W, 1297 MHz, 49
1791416718.171, 62.31 W, 1297 MHz, 49
1791416718.701, 62.31 W, 1297 MHz, 49
1791416719.231, 62.09 W, 1297 MHz, 49
1791416719.761, 62.09 W, 1297 MHz, 49
1791416720.291, 62.04 W, 1297 MHz, 49
1791416720.822, 62.04 W, 1297 MHz, 49
1791416721.353, 62.09 W, 1297 MHz, 49
1791416721.883, 62.09 W, 1297 MHz, 49
1791416722.411, 61.87 W, 1297 MHz, 49
1791416722.942, 61.87 W, 1297 MHz, 49
1791416723.471, 61.59 W, 1297 MHz, 49
1791416724.002, 61.49 W, 1297 MHz, 49
1791416724.531, 61.49 W, 1297 MHz, 49
1791416725.061, 61.55 W, 1297 MHz, 49
1791416725.590, 61.55 W, 1297 MHz, 49
1791416726.119, 61.59 W, 1297 MHz, 49
1791416726.650, 61.59 W, 1297 MHz, 48
1791416727.179, 61.56 W, 1297 MHz, 48
1791416727.709, 61.56 W, 1297 MHz, 48
1791416728.239, 62.14 W, 1297 MHz, 48
1791416728.769, 62.14 W, 1297 MHz, 48
1791416729.298, 62.05 W, 1297 MHz, 48
1791416729.827, 62.05 W, 1297 MHz, 48
1791416730.357, 61.59 W, 1297 MHz, 48
1791416730.885, 61.59 W, 1297 MHz, 48
1791416731.416, 61.20 W, 1297 MHz, 48
1791416731.945, 61.20 W, 1297 MHz, 48
1791416732.474, 61.37 W, 1297 MHz, 48
1791416733.006, 61.47 W, 1297 MHz, 48
1791416733.535, 61.47 W, 1297 MHz, 48
1791416734.066, 61.13 W, 1297 MHz, 48
1791416734.597, 61.13 W, 1297 MHz, 48
1791416735.127, 60.82 W, 1297 MHz, 48
1791416735.656, 60.82 W, 1297 MHz, 48
1791416736.187, 60.50 W, 1297 MHz, 48
1791416736.717, 60.50 W, 1297 MHz, 48
1791416737.247, 60.52 W, 1297 MHz, 48
1791416737.776, 60.52 W, 1297 MHz, 47
1791416738.306, 60.86 W, 1297 MHz, 47
1791416738.837, 60.86 W, 1297 MHz, 47
1791416739.366, 60.81 W, 1297 MHz, 47
1791416739.896, 60.81 W, 1297 MHz, 47
1791416740.425, 60.64 W, 1297 MHz, 47
1791416740.954, 60.64 W, 1297 MHz, 47
1791416741.485, 60.76 W, 1297 MHz, 47
1791416742.014, 60.71 W, 1297 MHz, 47
1791416742.545, 60.71 W, 1297 MHz, 47
1791416743.076, 60.75 W, 1297 MHz, 47
1791416743.606, 60.75 W, 1297 MHz, 47
1791416744.137, 60.70 W, 1297 MHz, 47
1791416744.669, 60.70 W, 1297 MHz, 47
1791416745.198, 60.58 W, 1297 MHz, 47
1791416745.727, 60.58 W, 1297 MHz, 47
1791416746.257, 60.73 W, 1297 MHz, 47
1791416746.786, 60.73 W, 1297 MHz, 47
1791416747.316, 60.52 W, 1297 MHz, 47
1791416747.845, 60.52 W, 1297 MHz, 47
1791416748.376, 60.16 W, 1297 MHz, 47
1791416748.905, 60.16 W, 1297 MHz, 47
1791416749.434, 60.67 W, 1297 MHz, 47
1791416749.965, 104.19 W, 1297 MHz, 50
1791416750.498, 167.17 W, 1297 MHz, 53
1791416751.027, 292.56 W, 1297 MHz, 53
1791416751.558, 292.52 W, 1297 MHz, 53
1791416752.091, 293.88 W, 1297 MHz, 53
1791416752.622, 294.43 W, 1297 MHz, 54
1791416753.155, 294.10 W, 1297 MHz, 54
1791416753.686, 294.45 W, 1297 MHz, 54
1791416754.218, 293.85 W, 1297 MHz, 54
1791416754.750, 293.90 W, 1297 MHz, 54
1791416755.280, 294.15 W, 1297 MHz, 54
1791416755.812, 294.24 W, 1297 MHz, 54
1791416756.342, 294.45 W, 1297 MHz, 54
1791416756.873, 295.14 W, 1297 MHz, 55
1791416757.403, 295.42 W, 1297 MHz, 55
1791416757.934, 296.10 W, 1297 MHz, 55
1791416758.464, 296.22 W, 1297 MHz, 55
1791416758.994, 296.39 W, 1297 MHz, 56
1791416759.526, 297.02 W, 1297 MHz, 56
1791416760.056, 296.84 W, 1297 MHz, 55
1791416760.587, 297.23 W, 1297 MHz, 56
1791416761.118, 295.72 W, 1297 MHz, 56
1791416761.652, 294.57 W, 1297 MHz, 56
1791416762.181, 293.40 W, 1297 MHz, 56
1791416762.713, 294.34 W, 1297 MHz, 56
1791416763.244, 294.17 W, 1297 MHz, 56
1791416763.775, 294.92 W, 1297 MHz, 57
1791416764.307, 294.83 W, 1297 MHz, 57
1791416764.840, 293.90 W, 1297 MHz, 56
1791416765.373, 253.88 W, 1297 MHz, 55
1791416765.907, 228.98 W, 1297 MHz, 54
1791416766.436, 192.85 W, 1297 MHz, 51
1791416766.966, 90.00 W, 1297 MHz, 51
1791416767.496, 87.65 W, 1297 MHz, 51
1791416768.024, 87.65 W, 1297 MHz, 51
1791416768.553, 62.73 W, 1297 MHz, 50
1791416769.082, 62.32 W, 1297 MHz, 50
1791416769.611, 62.32 W, 1297 MHz, 50
1791416770.141, 62.32 W, 1297 MHz, 50
1791416770.671, 146.57 W, 1297 MHz, 55
1791416771.202, 290.51 W, 1297 MHz, 56
1791416771.734, 295.51 W, 1297 MHz, 56
1791416772.264, 295.67 W, 1297 MHz, 56
1791416772.795, 295.99 W, 1297 MHz, 56
1791416773.326, 296.39 W, 1297 MHz, 57
1791416773.859, 296.42 W, 1297 MHz, 57
1791416774.389, 297.08 W, 1297 MHz, 57
1791416774.919, 297.26 W, 1297 MHz, 57
1791416775.451, 297.38 W, 1297 MHz, 57
1791416775.981, 297.23 W, 1297 MHz, 57
1791416776.511, 297.05 W, 1297 MHz, 58
1791416777.043, 297.02 W, 1297 MHz, 58
1791416777.573, 297.68 W, 1297 MHz, 58
1791416778.104, 298.04 W, 1297 MHz, 58
1791416778.635, 298.66 W, 1297 MHz, 58
1791416779.166, 298.02 W, 1297 MHz, 58
1791416779.696, 298.62 W, 1297 MHz, 58
1791416780.227, 298.35 W, 1297 MHz, 58
1791416780.756, 298.14 W, 1297 MHz, 58
1791416781.286, 298.02 W, 1297 MHz, 58
1791416781.817, 296.12 W, 1297 MHz, 58
1791416782.348, 295.36 W, 1297 MHz, 59
1791416782.877, 295.18 W, 1297 MHz, 59
1791416783.410, 295.86 W, 1297 MHz, 59
1791416783.940, 296.60 W, 1297 MHz, 59
1791416784.472, 297.05 W, 1297 MHz, 59
1791416785.003, 296.55 W, 1297 MHz, 59
1791416785.534, 295.95 W, 1297 MHz, 59
1791416786.065, 295.25 W, 1297 MHz, 59
1791416786.597, 296.01 W, 1297 MHz, 59
1791416787.130, 295.58 W, 1297 MHz, 59
1791416787.662, 295.57 W, 1297 MHz, 59
1791416788.194, 295.62 W, 1297 MHz, 60
1791416788.724, 296.48 W, 1297 MHz, 59
1791416789.254, 296.48 W, 1297 MHz, 59
1791416789.785, 296.61 W, 1297 MHz, 59
1791416790.316, 296.16 W, 1297 MHz, 60
1791416790.848, 296.47 W, 1297 MHz, 60
1791416791.379, 296.87 W, 1297 MHz, 60
1791416791.911, 297.24 W, 1297 MHz, 60
1791416792.443, 297.11 W, 1297 MHz, 60
1791416792.974, 297.37 W, 1297 MHz, 60
1791416793.505, 296.75 W, 1297 MHz, 60
1791416794.037, 295.50 W, 1297 MHz, 60
1791416794.568, 295.63 W, 1297 MHz, 60
1791416795.101, 295.90 W, 1297 MHz, 60
1791416795.632, 294.99 W, 1297 MHz, 60
1791416796.163, 294.48 W, 1297 MHz, 60
1791416796.693, 295.17 W, 1297 MHz, 60
1791416797.223, 295.01 W, 1297 MHz, 60
1791416797.754, 295.78 W, 1297 MHz, 60
1791416798.285, 295.53 W, 1297 MHz, 61
1791416798.818, 295.65 W, 1297 MHz, 60
1791416799.350, 295.92 W, 1297 MHz, 61
1791416799.881, 295.68 W, 1297 MHz, 60
1791416800.413, 296.04 W, 1297 MHz, 61
1791416800.945, 296.31 W, 1297 MHz, 61
1791416801.474, 296.03 W, 1297 MHz, 61
1791416802.005, 295.31 W, 1297 MHz, 61
1791416802.537, 295.87 W, 1297 MHz, 61
1791416803.071, 296.27 W, 1297 MHz, 61
1791416803.601, 295.88 W, 1297 MHz, 61
1791416804.131, 295.93 W, 1297 MHz, 61
1791416804.661, 296.06 W, 1297 MHz, 61
1791416805.192, 295.73 W, 1297 MHz, 61
1791416805.723, 296.08 W, 1297 MHz, 62
1791416806.254, 294.97 W, 1297 MHz, 61
1791416806.786, 294.44 W, 1297 MHz, 61
1791416807.318, 294.35 W, 1297 MHz, 62
1791416807.849, 294.09 W, 1297 MHz, 62
1791416808.382, 294.42 W, 1297 MHz, 62
1791416808.914, 294.25 W, 1297 MHz, 61
1791416809.446, 295.33 W, 1297 MHz, 62
1791416809.979, 294.85 W, 1297 MHz, 62
1791416810.510, 294.98 W, 1297 MHz, 62
1791416811.040, 294.89 W, 1297 MHz, 62
1791416811.570, 294.82 W, 1297 MHz, 62
1791416812.102, 295.09 W, 1297 MHz, 62
1791416812.632, 294.25 W, 1297 MHz, 62
1791416813.164, 295.27 W, 1297 MHz, 62
1791416813.698, 295.01 W, 1297 MHz, 62
1791416814.229, 295.89 W, 1297 MHz, 62
1791416814.761, 296.40 W, 1297 MHz, 62
1791416815.292, 296.10 W, 1297 MHz, 63
1791416815.824, 295.72 W, 1297 MHz, 62
1791416816.355, 296.12 W, 1297 MHz, 62
1791416816.886, 296.21 W, 1297 MHz, 62
1791416817.418, 295.92 W, 1297 MHz, 62
1791416817.949, 295.05 W, 1297 MHz, 62
1791416818.482, 295.32 W, 1297 MHz, 62
1791416819.012, 294.55 W, 1297 MHz, 62
1791416819.543, 293.62 W, 1297 MHz, 62
1791416820.075, 293.42 W, 1297 MHz, 63
1791416820.606, 293.47 W, 1297 MHz, 63
1791416821.138, 293.09 W, 1297 MHz, 62
1791416821.669, 293.03 W, 1297 MHz, 63
1791416822.200, 292.91 W, 1297 MHz, 62
1791416822.731, 293.37 W, 1297 MHz, 62
1791416823.261, 293.77 W, 1297 MHz, 63
1791416823.791, 293.70 W, 1297 MHz, 63
1791416824.323, 293.75 W, 1297 MHz, 63
1791416824.854, 293.57 W, 1297 MHz, 63
1791416825.384, 293.89 W, 1297 MHz, 63
1791416825.916, 294.49 W, 1297 MHz, 63
1791416826.447, 294.62 W, 1297 MHz, 63
1791416826.980, 294.47 W, 1297 MHz, 63
1791416827.511, 294.96 W, 1297 MHz, 63
1791416828.043, 294.76 W, 1297 MHz, 63
1791416828.575, 295.00 W, 1297 MHz, 63
1791416829.107, 294.85 W, 1297 MHz, 63
1791416829.638, 293.62 W, 1297 MHz, 63
1791416830.168, 293.86 W, 1297 MHz, 63
1791416830.699, 293.94 W, 1297 MHz, 63
1791416831.230, 294.33 W, 1297 MHz, 63
1791416831.761, 294.37 W, 1297 MHz, 62
1791416832.293, 293.05 W, 1297 MHz, 63
1791416832.825, 292.13 W, 1297 MHz, 63
1791416833.357, 291.17 W, 1297 MHz, 63
1791416833.889, 291.14 W, 1297 MHz, 63
1791416834.420, 291.61 W, 1297 MHz, 63
1791416834.951, 292.10 W, 1297 MHz, 63
1791416835.484, 291.69 W, 1297 MHz, 63
1791416836.018, 282.05 W, 1297 MHz, 62
1791416836.551, 257.15 W, 1297 MHz, 61
1791416837.084, 236.21 W, 1297 MHz, 61
1791416837.612, 174.30 W, 1297 MHz, 58
1791416838.140, 103.40 W, 1297 MHz, 58
1791416838.668, 88.18 W, 1297 MHz, 57
1791416839.197, 67.17 W, 1297 MHz, 57
1791416839.725, 67.17 W, 1297 MHz, 57
1791416840.253, 66.74 W, 1297 MHz, 57
1791416840.782, 66.74 W, 1297 MHz, 56
1791416841.313, 75.79 W, 1297 MHz, 56
1791416841.844, 146.97 W, 1297 MHz, 60
1791416842.375, 301.83 W, 1297 MHz, 62
1791416842.905, 301.15 W, 1297 MHz, 62
1791416843.436, 302.24 W, 1297 MHz, 63
1791416843.966, 302.79 W, 1297 MHz, 62
1791416844.498, 303.02 W, 1297 MHz, 63
1791416845.026, 303.91 W, 1297 MHz, 63
1791416845.556, 304.21 W, 1297 MHz, 63
1791416846.086, 303.94 W, 1297 MHz, 63
1791416846.615, 304.21 W, 1297 MHz, 63
1791416847.145, 303.14 W, 1297 MHz, 63
1791416847.678, 303.43 W, 1297 MHz, 63
1791416848.209, 303.96 W, 1297 MHz, 63
1791416848.740, 303.45 W, 1297 MHz, 63
1791416849.272, 304.16 W, 1297 MHz, 63
1791416849.803, 303.64 W, 1297 MHz, 64
1791416850.334, 304.09 W, 1297 MHz, 63
1791416850.866, 303.71 W, 1297 MHz, 63
1791416851.397, 304.22 W, 1297 MHz, 63
1791416851.930, 304.66 W, 1297 MHz, 64
1791416852.460, 303.94 W, 1297 MHz, 63
1791416852.990, 302.37 W, 1297 MHz, 63
1791416853.521, 301.62 W, 1297 MHz, 63
1791416854.052, 301.67 W, 1297 MHz, 63
1791416854.584, 301.55 W, 1297 MHz, 63
1791416855.115, 302.69 W, 1297 MHz, 63
1791416855.647, 302.27 W, 1297 MHz, 64
1791416856.179, 302.24 W, 1297 MHz, 63
1791416856.710, 300.78 W, 1297 MHz, 64
1791416857.242, 301.59 W, 1297 MHz, 63
1791416857.773, 300.80 W, 1297 MHz, 64
1791416858.305, 300.96 W, 1297 MHz, 64
1791416858.836, 300.72 W, 1297 MHz, 64
1791416859.366, 300.83 W, 1297 MHz, 64
1791416859.897, 301.04 W, 1297 MHz, 64
1791416860.428, 301.65 W, 1297 MHz, 64
1791416860.960, 301.25 W, 1297 MHz, 64
1791416861.492, 301.28 W, 1297 MHz, 64
1791416862.024, 300.87 W, 1297 MHz, 64
1791416862.557, 300.98 W, 1297 MHz, 64
1791416863.088, 301.60 W, 1297 MHz, 64
1791416863.618, 301.44 W, 1297 MHz, 65
1791416864.149, 301.62 W, 1297 MHz, 64
1791416864.680, 301.38 W, 1297 MHz, 65
1791416865.212, 300.59 W, 1297 MHz, 64
1791416865.743, 299.72 W, 1297 MHz, 64
1791416866.275, 299.60 W, 1297 MHz, 64
1791416866.809, 299.68 W, 1297 MHz, 65
1791416867.340, 299.50 W, 1297 MHz, 64
1791416867.871, 299.32 W, 1297 MHz, 64
1791416868.403, 299.54 W, 1297 MHz, 63
1791416868.935, 299.48 W, 1297 MHz, 65
1791416869.467, 299.69 W, 1297 MHz, 64
1791416869.997, 300.42 W, 1297 MHz, 64
1791416870.530, 299.99 W, 1297 MHz, 65
1791416871.063, 299.45 W, 1297 MHz, 65
1791416871.594, 300.29 W, 1297 MHz, 64
1791416872.127, 299.43 W, 1297 MHz, 64
1791416872.658, 299.93 W, 1297 MHz, 65
1791416873.189, 299.79 W, 1297 MHz, 65
1791416873.721, 299.59 W, 1297 MHz, 65
1791416874.252, 300.01 W, 1297 MHz, 65
1791416874.783, 300.29 W, 1297 MHz, 65
1791416875.315, 299.71 W, 1297 MHz, 65
1791416875.844, 299.52 W, 1297 MHz, 65
1791416876.374, 299.88 W, 1297 MHz, 65
1791416876.905, 299.53 W, 1297 MHz, 65
1791416877.436, 298.65 W, 1297 MHz, 65
1791416877.968, 297.95 W, 1297 MHz, 65
1791416878.499, 298.24 W, 1297 MHz, 65
1791416879.030, 297.94 W, 1297 MHz, 65
1791416879.560, 297.89 W, 1297 MHz, 65
1791416880.091, 298.43 W, 1297 MHz, 65
1791416880.623, 298.61 W, 1297 MHz, 65
1791416881.156, 297.84 W, 1297 MHz, 65
1791416881.687, 297.53 W, 1297 MHz, 65
1791416882.217, 298.14 W, 1297 MHz, 65
1791416882.751, 298.16 W, 1297 MHz, 65
1791416883.281, 298.44 W, 1297 MHz, 65
1791416883.812, 297.85 W, 1297 MHz, 65
1791416884.345, 298.04 W, 1297 MHz, 65
1791416884.877, 298.74 W, 1297 MHz, 65
1791416885.409, 298.54 W, 1297 MHz, 65
1791416885.939, 298.70 W, 1297 MHz, 65
1791416886.472, 298.84 W, 1297 MHz, 65
1791416887.004, 299.43 W, 1297 MHz, 65
1791416887.535, 299.51 W, 1297 MHz, 65
1791416888.066, 298.95 W, 1297 MHz, 65
1791416888.597, 298.69 W, 1297 MHz, 65
1791416889.128, 298.88 W, 1297 MHz, 65
1791416889.660, 298.07 W, 1297 MHz, 66
1791416890.193, 296.81 W, 1297 MHz, 65
1791416890.723, 296.37 W, 1297 MHz, 65
1791416891.255, 295.85 W, 1297 MHz, 65
1791416891.786, 295.76 W, 1297 MHz, 65
1791416892.319, 295.11 W, 1297 MHz, 65
1791416892.851, 296.13 W, 1297 MHz, 65
1791416893.382, 296.62 W, 1297 MHz, 66
1791416893.913, 297.38 W, 1297 MHz, 65
1791416894.443, 296.17 W, 1297 MHz, 65
1791416894.974, 295.94 W, 1297 MHz, 66
1791416895.504, 296.55 W, 1297 MHz, 66
1791416896.036, 296.80 W, 1297 MHz, 65
1791416896.566, 297.05 W, 1297 MHz, 65
1791416897.098, 296.98 W, 1297 MHz, 65
1791416897.631, 297.55 W, 1297 MHz, 65
1791416898.162, 297.52 W, 1297 MHz, 66
1791416898.694, 297.71 W, 1297 MHz, 65
1791416899.227, 297.73 W, 1297 MHz, 65
1791416899.758, 297.07 W, 1297 MHz, 66
1791416900.290, 296.35 W, 1297 MHz, 65
1791416900.821, 295.72 W, 1297 MHz, 65
1791416901.353, 296.56 W, 1297 MHz, 65
1791416901.884, 295.90 W, 1297 MHz, 66
1791416902.416, 296.29 W, 1297 MHz, 65
1791416902.948, 296.48 W, 1297 MHz, 66
1791416903.478, 295.51 W, 1297 MHz, 66
1791416904.007, 294.32 W, 1297 MHz, 65
1791416904.538, 293.45 W, 1297 MHz, 65
1791416905.068, 294.13 W, 1297 MHz, 66
1791416905.601, 294.23 W, 1297 MHz, 65
1791416906.133, 293.71 W, 1297 MHz, 65
1791416906.663, 294.25 W, 1297 MHz, 65
1791416907.198, 280.22 W, 1297 MHz, 66
1791416907.731, 256.51 W, 1297 MHz, 63
1791416908.264, 238.03 W, 1297 MHz, 63
1791416908.800, 173.57 W, 1297 MHz, 63
1791416909.333, 135.95 W, 1297 MHz, 60
1791416909.863, 263.39 W, 1297 MHz, 65
1791416910.395, 304.68 W, 1297 MHz, 65
1791416910.926, 305.51 W, 1297 MHz, 65
1791416911.459, 306.26 W, 1297 MHz, 66
1791416911.991, 305.55 W, 1297 MHz, 66
1791416912.523, 305.24 W, 1297 MHz, 66
1791416913.056, 305.82 W, 1297 MHz, 66
1791416913.588, 306.39 W, 1297 MHz, 66
1791416914.118, 306.33 W, 1297 MHz, 66
1791416914.651, 306.19 W, 1297 MHz, 66
1791416915.183, 305.73 W, 1297 MHz, 66
1791416915.715, 305.80 W, 1297 MHz, 66
1791416916.246, 306.00 W, 1297 MHz, 66
1791416916.776, 306.67 W, 1297 MHz, 66
1791416917.307, 307.24 W, 1297 MHz, 66
1791416917.839, 306.15 W, 1297 MHz, 66
1791416918.370, 306.59 W, 1297 MHz, 66
1791416918.901, 305.98 W, 1297 MHz, 65
1791416919.433, 306.61 W, 1297 MHz, 66
1791416919.963, 306.41 W, 1297 MHz, 66
1791416920.495, 305.73 W, 1297 MHz, 66
1791416921.028, 304.27 W, 1297 MHz, 66
1791416921.561, 304.11 W, 1297 MHz, 66
1791416922.094, 304.61 W, 1297 MHz, 66
1791416922.627, 304.19 W, 1297 MHz, 66
1791416923.158, 305.30 W, 1297 MHz, 66
1791416923.689, 305.13 W, 1297 MHz, 66
1791416924.223, 294.42 W, 1297 MHz, 66
1791416924.755, 264.84 W, 1297 MHz, 63
1791416925.290, 237.63 W, 1297 MHz, 63
1791416925.819, 185.58 W, 1297 MHz, 63
1791416926.349, 140.86 W, 1297 MHz, 60
1791416926.881, 255.49 W, 1297 MHz, 64
1791416927.411, 305.57 W, 1297 MHz, 66
1791416927.941, 306.21 W, 1297 MHz, 66
1791416928.472, 306.07 W, 1297 MHz, 65
1791416929.004, 306.57 W, 1297 MHz, 65
1791416929.536, 306.72 W, 1297 MHz, 66
1791416930.067, 306.39 W, 1297 MHz, 66
1791416930.597, 307.04 W, 1297 MHz, 66
1791416931.129, 306.93 W, 1297 MHz, 66
1791416931.661, 306.26 W, 1297 MHz, 66
1791416932.193, 306.67 W, 1297 MHz, 66
1791416932.725, 306.35 W, 1297 MHz, 66
1791416933.255, 306.19 W, 1297 MHz, 66
1791416933.788, 307.62 W, 1297 MHz, 66
1791416934.319, 307.71 W, 1297 MHz, 66
1791416934.851, 308.24 W, 1297 MHz, 66
1791416935.382, 308.13 W, 1297 MHz, 66
1791416935.915, 307.41 W, 1297 MHz, 66
1791416936.449, 308.11 W, 1297 MHz, 66
1791416936.979, 307.53 W, 1297 MHz, 66
1791416937.511, 307.28 W, 1297 MHz, 66
1791416938.041, 305.98 W, 1297 MHz, 66
1791416938.572, 305.79 W, 1297 MHz, 66
1791416939.104, 305.27 W, 1297 MHz, 66
1791416939.633, 305.45 W, 1297 MHz, 66
1791416940.163, 305.31 W, 1297 MHz, 66
1791416940.694, 305.92 W, 1297 MHz, 66
1791416941.227, 297.69 W, 1297 MHz, 66
1791416941.761, 260.93 W, 1297 MHz, 64
1791416942.295, 237.90 W, 1297 MHz, 63
1791416942.827, 225.92 W, 1297 MHz, 63
1791416943.361, 223.18 W, 1297 MHz, 63
1791416943.893, 233.17 W, 1297 MHz, 63
1791416944.427, 233.12 W, 1297 MHz, 63
1791416944.961, 233.10 W, 1297 MHz, 63
1791416945.494, 233.55 W, 1297 MHz, 63
1791416946.026, 233.69 W, 1297 MHz, 63
1791416946.558, 233.23 W, 1297 MHz, 63
1791416947.090, 233.34 W, 1297 MHz, 63
1791416947.622, 233.01 W, 1297 MHz, 63
1791416948.155, 232.81 W, 1297 MHz, 63
1791416948.690, 233.15 W, 1297 MHz, 63
1791416949.222, 233.36 W, 1297 MHz, 62
1791416949.756, 233.48 W, 1297 MHz, 62
1791416950.290, 233.23 W, 1297 MHz, 62
1791416950.822, 233.10 W, 1297 MHz, 62
1791416951.354, 233.26 W, 1297 MHz, 62
1791416951.886, 233.11 W, 1297 MHz, 62
1791416952.419, 233.22 W, 1297 MHz, 62
1791416952.951, 233.11 W, 1297 MHz, 62
1791416953.485, 233.14 W, 1297 MHz, 62
1791416954.018, 233.04 W, 1297 MHz, 62
1791416954.549, 233.16 W, 1297 MHz, 62
1791416955.083, 233.37 W, 1297 MHz, 62
1791416955.615, 233.47 W, 1297 MHz, 62
1791416956.148, 233.38 W, 1297 MHz, 62
1791416956.683, 232.90 W, 1297 MHz, 62
1791416957.216, 233.23 W, 1297 MHz, 62
1791416957.747, 233.62 W, 1297 MHz, 62
1791416958.278, 233.35 W, 1297 MHz, 62
1791416958.813, 233.28 W, 1297 MHz, 62
1791416959.345, 233.15 W, 1297 MHz, 62
1791416959.876, 233.07 W, 1297 MHz, 62
1791416960.408, 233.29 W, 1297 MHz, 62
1791416960.941, 233.09 W, 1297 MHz, 62
1791416961.473, 233.38 W, 1297 MHz, 62
1791416962.007, 233.51 W, 1297 MHz, 62
1791416962.541, 232.94 W, 1297 MHz, 62
1791416963.072, 232.82 W, 1297 MHz, 62
1791416963.606, 232.80 W, 1297 MHz, 62
1791416964.139, 232.48 W, 1297 MHz, 62
1791416964.672, 232.09 W, 1297 MHz, 62
1791416965.204, 232.68 W, 1297 MHz, 62
1791416965.737, 232.47 W, 1297 MHz, 62
1791416966.269, 232.40 W, 1297 MHz, 61
1791416966.802, 232.06 W, 1297 MHz, 61
1791416967.333, 231.95 W, 1297 MHz, 61
1791416967.864, 232.16 W, 1297 MHz, 61
1791416968.396, 231.99 W, 1297 MHz, 61
1791416968.929, 231.99 W, 1297 MHz, 61
1791416969.463, 232.02 W, 1297 MHz, 61
1791416969.996, 231.68 W, 1297 MHz, 61
1791416970.529, 232.00 W, 1297 MHz, 61
1791416971.062, 232.22 W, 1297 MHz, 61
1791416971.593, 231.68 W, 1297 MHz, 61
1791416972.125, 231.72 W, 1297 MHz, 61
1791416972.656, 231.81 W, 1297 MHz, 61
1791416973.189, 232.12 W, 1297 MHz, 61
1791416973.723, 232.32 W, 1297 MHz, 61
1791416974.255, 231.91 W, 1297 MHz, 61
1791416974.789, 231.70 W, 1297 MHz, 61
1791416975.323, 231.40 W, 1297 MHz, 61
1791416975.855, 231.34 W, 1297 MHz, 61
1791416976.389, 231.93 W, 1297 MHz, 61
1791416976.923, 231.60 W, 1297 MHz, 61
1791416977.456, 231.32 W, 1297 MHz, 61
1791416977.993, 231.32 W, 1297 MHz, 61
1791416978.527, 231.27 W, 1297 MHz, 61
1791416979.060, 231.22 W, 1297 MHz, 61
1791416979.593, 230.66 W, 1297 MHz, 61
1791416980.126, 229.35 W, 1297 MHz, 61
1791416980.659, 230.34 W, 1297 MHz, 61
1791416981.193, 232.19 W, 1297 MHz, 61
1791416981.727, 232.09 W, 1297 MHz, 61
1791416982.258, 231.94 W, 1297 MHz, 61
1791416982.791, 231.62 W, 1297 MHz, 61
1791416983.323, 231.80 W, 1297 MHz, 61
1791416983.856, 232.12 W, 1297 MHz, 61
1791416984.389, 231.75 W, 1297 MHz, 61
1791416984.921, 232.15 W, 1297 MHz, 61
1791416985.455, 232.21 W, 1297 MHz, 61
1791416985.988, 231.90 W, 1297 MHz, 61
1791416986.522, 232.27 W, 1297 MHz, 61
1791416987.053, 232.01 W, 1297 MHz, 61
1791416987.585, 231.90 W, 1297 MHz, 61
1791416988.117, 231.95 W, 1297 MHz, 61
1791416988.649, 231.89 W, 1297 MHz, 60
1791416989.182, 232.21 W, 1297 MHz, 61
1791416989.714, 232.03 W, 1297 MHz, 61
1791416990.246, 231.90 W, 1297 MHz, 60
1791416990.779, 231.69 W, 1297 MHz, 61
1791416991.312, 231.30 W, 1297 MHz, 60
1791416991.843, 231.96 W, 1297 MHz, 60
1791416992.376, 232.38 W, 1297 MHz, 61
1791416992.911, 232.11 W, 1297 MHz, 60
1791416993.444, 231.65 W, 1297 MHz, 60
1791416993.977, 231.67 W, 1297 MHz, 60
1791416994.510, 232.01 W, 1297 MHz, 60
1791416995.042, 232.41 W, 1297 MHz, 60
1791416995.575, 232.20 W, 1297 MHz, 60
1791416996.108, 232.02 W, 1297 MHz, 60
1791416996.640, 232.06 W, 1297 MHz, 60
1791416997.172, 231.62 W, 1297 MHz, 60
1791416997.705, 231.92 W, 1297 MHz, 60
1791416998.236, 231.73 W, 1297 MHz, 60
1791416998.770, 231.44 W, 1297 MHz, 60
1791416999.304, 231.39 W, 1297 MHz, 60
1791416999.836, 231.26 W, 1297 MHz, 60
1791417000.367, 231.55 W, 1297 MHz, 60
1791417000.900, 230.84 W, 1297 MHz, 60
1791417001.433, 230.58 W, 1297 MHz, 60
1791417001.964, 230.85 W, 1297 MHz, 60
1791417002.495, 230.63 W, 1297 MHz, 60
1791417003.028, 230.33 W, 1297 MHz, 60
1791417003.561, 230.56 W, 1297 MHz, 60
1791417004.092, 230.46 W, 1297 MHz, 60
1791417004.624, 230.96 W, 1297 MHz, 60
1791417005.155, 230.63 W, 1297 MHz, 60
1791417005.689, 230.92 W, 1297 MHz, 60
1791417006.222, 230.81 W, 1297 MHz, 60
1791417006.755, 230.50 W, 1297 MHz, 60
1791417007.287, 230.87 W, 1297 MHz, 60
1791417007.819, 230.47 W, 1297 MHz, 60
1791417008.350, 230.52 W, 1297 MHz, 60
1791417008.882, 230.99 W, 1297 MHz, 60
1791417009.414, 230.73 W, 1297 MHz, 60
1791417009.947, 230.77 W, 1297 MHz, 60
1791417010.478, 230.54 W, 1297 MHz, 60
1791417011.010, 230.24 W, 1297 MHz, 60
1791417011.541, 230.58 W, 1297 MHz, 60
1791417012.072, 230.61 W, 1297 MHz, 60
1791417012.603, 230.36 W, 1297 MHz, 60
1791417013.135, 230.38 W, 1297 MHz, 60
1791417013.669, 230.39 W, 1297 MHz, 60
1791417014.202, 230.38 W, 1297 MHz, 60
1791417014.735, 230.31 W, 1297 MHz, 60
1791417015.270, 230.03 W, 1297 MHz, 60
1791417015.802, 230.02 W, 1297 MHz, 60
1791417016.333, 230.19 W, 1297 MHz, 60
1791417016.867, 229.57 W, 1297 MHz, 60
1791417017.399, 229.83 W, 1297 MHz, 60
1791417017.933, 229.86 W, 1297 MHz, 60
1791417018.467, 229.71 W, 1297 MHz, 60
1791417018.999, 230.17 W, 1297 MHz, 60
1791417019.531, 230.78 W, 1297 MHz, 60
1791417020.064, 231.01 W, 1297 MHz, 60
1791417020.597, 231.07 W, 1297 MHz, 60
1791417021.129, 230.62 W, 1297 MHz, 60
1791417021.663, 230.70 W, 1297 MHz, 60
1791417022.196, 230.65 W, 1297 MHz, 60
1791417022.729, 230.42 W, 1297 MHz, 60
1791417023.261, 230.59 W, 1297 MHz, 60
1791417023.792, 230.31 W, 1297 MHz, 60
1791417024.323, 230.56 W, 1297 MHz, 60
1791417024.855, 230.79 W, 1297 MHz, 60
1791417025.386, 230.00 W, 1297 MHz, 60
1791417025.918, 230.59 W, 1297 MHz, 60
1791417026.450, 231.00 W, 1297 MHz, 60
1791417026.982, 230.54 W, 1297 MHz, 60
1791417027.515, 230.74 W, 1297 MHz, 60
1791417028.048, 230.42 W, 1297 MHz, 60
1791417028.582, 230.14 W, 1297 MHz, 60
1791417029.112, 230.50 W, 1297 MHz, 60
1791417029.646, 230.48 W, 1297 MHz, 60
1791417030.178, 230.41 W, 1297 MHz, 60
1791417030.710, 230.54 W, 1297 MHz, 60
1791417031.242, 230.34 W, 1297 MHz, 60
1791417031.775, 230.43 W, 1297 MHz, 60
1791417032.309, 230.72 W, 1297 MHz, 60
1791417032.843, 230.63 W, 1297 MHz, 60
1791417033.377, 230.87 W, 1297 MHz, 60
1791417033.909, 230.63 W, 1297 MHz, 60
1791417034.440, 230.42 W, 1297 MHz, 60
1791417034.971, 230.17 W, 1297 MHz, 60
1791417035.502, 230.07 W, 1297 MHz, 60
1791417036.032, 230.80 W, 1297 MHz, 60
1791417036.565, 230.74 W, 1297 MHz, 60
1791417037.096, 230.82 W, 1297 MHz, 60
1791417037.627, 231.02 W, 1297 MHz, 60
1791417038.160, 230.48 W, 1297 MHz, 60
1791417038.693, 230.16 W, 1297 MHz, 60
1791417039.225, 229.62 W, 1297 MHz, 60
1791417039.759, 228.64 W, 1297 MHz, 60
1791417040.291, 229.05 W, 1297 MHz, 60
1791417040.822, 229.27 W, 1297 MHz, 60
1791417041.353, 229.44 W, 1297 MHz, 59
1791417041.884, 229.47 W, 1297 MHz, 60
1791417042.418, 229.21 W, 1297 MHz, 60
1791417042.952, 229.54 W, 1297 MHz, 60
1791417043.483, 229.45 W, 1297 MHz, 59
1791417044.016, 229.47 W, 1297 MHz, 60
1791417044.548, 229.81 W, 1297 MHz, 59
1791417045.081, 229.54 W, 1297 MHz, 60
1791417045.614, 229.52 W, 1297 MHz, 59
1791417046.147, 228.97 W, 1297 MHz, 59
1791417046.679, 229.04 W, 1297 MHz, 59
1791417047.212, 229.27 W, 1297 MHz, 59
1791417047.745, 229.36 W, 1297 MHz, 59
1791417048.277, 229.28 W, 1297 MHz, 59
1791417048.811, 229.13 W, 1297 MHz, 60
1791417049.343, 229.26 W, 1297 MHz, 59
1791417049.875, 229.10 W, 1297 MHz, 59
1791417050.408, 228.65 W, 1297 MHz, 59
1791417050.941, 229.15 W, 1297 MHz, 59
1791417051.471, 229.30 W, 1297 MHz, 59
1791417052.002, 229.03 W, 1297 MHz, 60
1791417052.535, 229.09 W, 1297 MHz, 60
1791417053.067, 229.38 W, 1297 MHz, 59
1791417053.599, 229.46 W, 1297 MHz, 59
1791417054.131, 229.26 W, 1297 MHz, 59
1791417054.664, 229.08 W, 1297 MHz, 59
1791417055.198, 229.49 W, 1297 MHz, 59
1791417055.732, 229.68 W, 1297 MHz, 59
1791417056.265, 229.74 W, 1297 MHz, 59
1791417056.798, 229.80 W, 1297 MHz, 60
1791417057.332, 230.07 W, 1297 MHz, 59
1791417057.865, 229.66 W, 1297 MHz, 59
1791417058.398, 229.72 W, 1297 MHz, 59
1791417058.930, 230.05 W, 1297 MHz, 59
1791417059.462, 229.80 W, 1297 MHz, 59
1791417059.995, 229.81 W, 1297 MHz, 59
1791417060.527, 229.95 W, 1297 MHz, 59
1791417061.060, 229.83 W, 1297 MHz, 59
1791417061.592, 230.38 W, 1297 MHz, 59
1791417062.125, 230.04 W, 1297 MHz, 59
1791417062.656, 230.43 W, 1297 MHz, 59
1791417063.190, 230.58 W, 1297 MHz, 59
1791417063.722, 230.27 W, 1297 MHz, 59
1791417064.254, 230.74 W, 1297 MHz, 59
1791417064.786, 230.42 W, 1297 MHz, 59
1791417065.317, 230.23 W, 1297 MHz, 59
1791417065.850, 230.22 W, 1297 MHz, 59
1791417066.387, 230.07 W, 1297 MHz, 59
1791417066.919, 230.67 W, 1297 MHz, 59
1791417067.450, 230.19 W, 1297 MHz, 59
1791417067.981, 229.67 W, 1297 MHz, 59
1791417068.514, 229.97 W, 1297 MHz, 59
1791417069.047, 229.99 W, 1297 MHz, 59
1791417069.580, 230.18 W, 1297 MHz, 59
1791417070.113, 230.45 W, 1297 MHz, 59
1791417070.645, 230.36 W, 1297 MHz, 59
1791417071.177, 230.06 W, 1297 MHz, 59
1791417071.708, 229.77 W, 1297 MHz, 59
1791417072.239, 230.14 W, 1297 MHz, 59
1791417072.771, 230.28 W, 1297 MHz, 59
1791417073.303, 230.29 W, 1297 MHz, 59
1791417073.836, 230.66 W, 1297 MHz, 59
1791417074.370, 230.25 W, 1297 MHz, 59
1791417074.902, 230.04 W, 1297 MHz, 59
1791417075.435, 230.15 W, 1297 MHz, 59
1791417075.967, 230.01 W, 1297 MHz, 59
1791417076.498, 230.46 W, 1297 MHz, 59
1791417077.030, 230.48 W, 1297 MHz, 59
1791417077.563, 229.56 W, 1297 MHz, 59
1791417078.097, 229.52 W, 1297 MHz, 59
1791417078.630, 229.13 W, 1297 MHz, 59
1791417079.161, 229.37 W, 1297 MHz, 59
1791417079.694, 229.79 W, 1297 MHz, 59
1791417080.227, 229.60 W, 1297 MHz, 59
1791417080.759, 229.54 W, 1297 MHz, 59
1791417081.292, 229.26 W, 1297 MHz, 59
1791417081.825, 229.48 W, 1297 MHz, 59
1791417082.356, 229.61 W, 1297 MHz, 59
1791417082.888, 229.42 W, 1297 MHz, 59
1791417083.422, 229.81 W, 1297 MHz, 59
1791417083.957, 229.77 W, 1297 MHz, 59
1791417084.489, 229.41 W, 1297 MHz, 59
1791417085.021, 229.09 W, 1297 MHz, 59
1791417085.553, 228.82 W, 1297 MHz, 59
1791417086.084, 229.69 W, 1297 MHz, 59
1791417086.616, 229.77 W, 1297 MHz, 59
1791417087.149, 229.88 W, 1297 MHz, 59
1791417087.683, 229.79 W, 1297 MHz, 59
1791417088.216, 229.50 W, 1297 MHz, 59
1791417088.748, 229.24 W, 1297 MHz, 59
1791417089.282, 229.26 W, 1297 MHz, 59
1791417089.815, 229.63 W, 1297 MHz, 59
1791417090.349, 230.19 W, 1297 MHz, 59
1791417090.880, 229.94 W, 1297 MHz, 59
1791417091.414, 229.72 W, 1297 MHz, 59
1791417091.948, 229.86 W, 1297 MHz, 59
1791417092.480, 229.36 W, 1297 MHz, 59
1791417093.012, 229.25 W, 1297 MHz, 59
1791417093.544, 229.53 W, 1297 MHz, 59
1791417094.078, 229.19 W, 1297 MHz, 59
1791417094.608, 229.61 W, 1297 MHz, 59
1791417095.139, 229.61 W, 1297 MHz, 59
1791417095.673, 228.58 W, 1297 MHz, 59
1791417096.207, 228.88 W, 1297 MHz, 59
1791417096.740, 230.11 W, 1297 MHz, 59
1791417097.272, 230.10 W, 1297 MHz, 59
1791417097.801, 229.78 W, 1297 MHz, 59
1791417098.334, 229.70 W, 1297 MHz, 59
1791417098.868, 229.88 W, 1297 MHz, 59
1791417099.401, 230.10 W, 1297 MHz, 59
1791417099.934, 230.28 W, 1297 MHz, 59
1791417100.467, 230.45 W, 1297 MHz, 59
1791417101.000, 230.62 W, 1297 MHz, 59
1791417101.532, 230.03 W, 1297 MHz, 59
1791417102.064, 229.87 W, 1297 MHz, 59
1791417102.596, 229.92 W, 1297 MHz, 59
1791417103.130, 230.12 W, 1297 MHz, 59
1791417103.663, 230.18 W, 1297 MHz, 59
1791417104.195, 229.97 W, 1297 MHz, 59
1791417104.728, 229.95 W, 1297 MHz, 59
1791417105.263, 229.67 W, 1297 MHz, 59
1791417105.797, 229.39 W, 1297 MHz, 59
1791417106.328, 229.39 W, 1297 MHz, 59
1791417106.861, 229.82 W, 1297 MHz, 59
1791417107.396, 229.96 W, 1297 MHz, 59
1791417107.927, 230.20 W, 1297 MHz, 59
1791417108.460, 229.97 W, 1297 MHz, 59
1791417108.993, 229.92 W, 1297 MHz, 59
1791417109.526, 230.01 W, 1297 MHz, 59
1791417110.059, 229.61 W, 1297 MHz, 59
1791417110.594, 229.80 W, 1297 MHz, 59
1791417111.127, 229.94 W, 1297 MHz, 59
1791417111.661, 229.89 W, 1297 MHz, 59
1791417112.194, 230.07 W, 1297 MHz, 59
1791417112.726, 229.77 W, 1297 MHz, 59
1791417113.261, 230.04 W, 1297 MHz, 59
1791417113.796, 230.49 W, 1297 MHz, 59
1791417114.328, 230.06 W, 1297 MHz, 59
1791417114.861, 230.17 W, 1297 MHz, 59
1791417115.395, 229.98 W, 1297 MHz, 59
1791417115.928, 229.55 W, 1297 MHz, 59
1791417116.461, 228.98 W, 1297 MHz, 59
1791417116.993, 229.00 W, 1297 MHz, 59
1791417117.526, 229.84 W, 1297 MHz, 59
1791417118.061, 229.96 W, 1297 MHz, 59
1791417118.593, 229.74 W, 1297 MHz, 59
1791417119.126, 229.36 W, 1297 MHz, 59
1791417119.659, 228.99 W, 1297 MHz, 59
1791417120.194, 229.60 W, 1297 MHz, 59
1791417120.727, 229.59 W, 1297 MHz, 59
1791417121.260, 229.50 W, 1297 MHz, 59
1791417121.795, 229.71 W, 1297 MHz, 59
1791417122.327, 229.33 W, 1297 MHz, 59
1791417122.859, 229.28 W, 1297 MHz, 59
1791417123.391, 229.41 W, 1297 MHz, 59
1791417123.924, 229.41 W, 1297 MHz, 59
1791417124.457, 229.65 W, 1297 MHz, 59
1791417124.989, 229.56 W, 1297 MHz, 59
1791417125.521, 229.73 W, 1297 MHz, 59
1791417126.052, 229.63 W, 1297 MHz, 59
1791417126.585, 229.59 W, 1297 MHz, 59
1791417127.117, 230.38 W, 1297 MHz, 59
1791417127.648, 230.41 W, 1297 MHz, 59
1791417128.182, 229.60 W, 1297 MHz, 59
1791417128.715, 229.96 W, 1297 MHz, 59
1791417129.248, 229.88 W, 1297 MHz, 59
1791417129.781, 229.53 W, 1297 MHz, 59
1791417130.315, 229.94 W, 1297 MHz, 59
1791417130.848, 230.04 W, 1297 MHz, 59
1791417131.381, 229.46 W, 1297 MHz, 59
1791417131.914, 229.32 W, 1297 MHz, 59
1791417132.448, 229.20 W, 1297 MHz, 59
1791417132.981, 229.05 W, 1297 MHz, 59
1791417133.513, 229.03 W, 1297 MHz, 59
1791417134.047, 229.33 W, 1297 MHz, 59
1791417134.575, 182.90 W, 1297 MHz, 57
1791417135.104, 109.27 W, 1297 MHz, 56
1791417135.634, 94.54 W, 1297 MHz, 56
1791417136.163, 66.81 W, 1297 MHz, 56
1791417136.693, 66.81 W, 1297 MHz, 56
1791417137.224, 66.63 W, 1297 MHz, 56
1791417137.753, 66.63 W, 1297 MHz, 55
1791417138.282, 66.48 W, 1297 MHz, 55
1791417138.810, 66.48 W, 1297 MHz, 55
1791417139.340, 66.38 W, 1297 MHz, 55
1791417139.870, 66.38 W, 1297 MHz, 55
1791417140.401, 66.08 W, 1297 MHz, 55
1791417140.929, 66.08 W, 1297 MHz, 54
1791417141.458, 65.85 W, 1297 MHz, 54
1791417141.989, 65.85 W, 1297 MHz, 54
1791417142.518, 65.57 W, 1297 MHz, 54
1791417143.048, 65.57 W, 1297 MHz, 54
1791417143.577, 65.26 W, 1297 MHz, 54
1791417144.108, 65.26 W, 1297 MHz, 54
1791417144.638, 65.22 W, 1297 MHz, 54
1791417145.166, 65.19 W, 1297 MHz, 54
1791417145.695, 65.19 W, 1297 MHz, 53
1791417146.226, 65.16 W, 1297 MHz, 53
1791417146.756, 65.16 W, 1297 MHz, 53
1791417147.286, 65.33 W, 1297 MHz, 53
1791417147.817, 65.33 W, 1297 MHz, 53
1791417148.348, 64.96 W, 1297 MHz, 53
1791417148.879, 64.96 W, 1297 MHz, 53
1791417149.408, 65.04 W, 1297 MHz, 53
1791417149.937, 65.04 W, 1297 MHz, 53
1791417150.467, 65.03 W, 1297 MHz, 53
1791417150.997, 65.03 W, 1297 MHz, 53
1791417151.526, 64.88 W, 1297 MHz, 52
1791417152.054, 64.88 W, 1297 MHz, 52
1791417152.585, 64.86 W, 1297 MHz, 52
1791417153.115, 64.86 W, 1297 MHz, 52
1791417153.645, 64.66 W, 1297 MHz, 52
1791417154.174, 64.29 W, 1297 MHz, 52
1791417154.704, 64.29 W, 1297 MHz, 52
1791417155.235, 64.35 W, 1297 MHz, 52
1791417155.767, 64.35 W, 1297 MHz, 52
1791417156.296, 64.10 W, 1297 MHz, 52
1791417156.826, 64.10 W, 1297 MHz, 51
1791417157.356, 63.84 W, 1297 MHz, 51
1791417157.887, 63.84 W, 1297 MHz, 51
1791417158.419, 63.78 W, 1297 MHz, 51
1791417158.950, 63.78 W, 1297 MHz, 51
1791417159.480, 63.66 W, 1297 MHz, 51
1791417160.011, 63.66 W, 1297 MHz, 51
1791417160.539, 63.36 W, 1297 MHz, 51
1791417161.069, 63.36 W, 1297 MHz, 51
1791417161.598, 63.18 W, 1297 MHz, 51
1791417162.127, 63.18 W, 1297 MHz, 51
1791417162.656, 63.19 W, 1297 MHz, 51
1791417163.187, 63.19 W, 1297 MHz, 51
1791417163.718, 63.19 W, 1297 MHz, 50
1791417164.248, 63.09 W, 1297 MHz, 50
1791417164.776, 63.09 W, 1297 MHz, 50
1791417165.305, 82.05 W, 2872 MHz, 50
1791417165.834, 82.05 W, 2872 MHz, 51
1791417166.362, 106.35 W, 2872 MHz, 51
1791417166.892, 106.35 W, 2872 MHz, 51
1791417167.423, 106.40 W, 2872 MHz, 51
1791417167.953, 106.40 W, 2872 MHz, 51
1791417168.482, 106.46 W, 2872 MHz, 51
1791417169.010, 106.46 W, 2872 MHz, 51
1791417169.539, 106.41 W, 2872 MHz, 51
1791417170.068, 106.41 W, 2872 MHz, 51
1791417170.596, 106.34 W, 2872 MHz, 51
1791417171.126, 106.34 W, 2872 MHz, 51
1791417171.656, 106.30 W, 2872 MHz, 51
1791417172.184, 106.16 W, 2872 MHz, 51
1791417172.714, 106.16 W, 2872 MHz, 51
1791417173.244, 106.20 W, 2872 MHz, 51
1791417173.772, 106.20 W, 2872 MHz, 51
1791417174.300, 106.18 W, 2872 MHz, 51
1791417174.829, 106.18 W, 2872 MHz, 51
1791417175.360, 106.24 W, 2872 MHz, 51
1791417175.889, 106.24 W, 2872 MHz, 51
1791417176.417, 106.17 W, 2872 MHz, 51
1791417176.947, 106.17 W, 2872 MHz, 51
1791417177.476, 106.15 W, 2872 MHz, 51
1791417178.005, 106.15 W, 2872 MHz, 51
1791417178.535, 106.19 W, 2872 MHz, 51
1791417179.064, 106.19 W, 2872 MHz, 51
1791417179.596, 106.16 W, 2872 MHz, 51
1791417180.124, 106.16 W, 2872 MHz, 51
1791417180.652, 106.03 W, 2872 MHz, 51
1791417181.181, 105.93 W, 2872 MHz, 51
1791417181.709, 105.93 W, 2872 MHz, 51
1791417182.237, 106.00 W, 2872 MHz, 51
1791417182.766, 106.00 W, 2872 MHz, 50
1791417183.296, 105.94 W, 2872 MHz, 50
1791417183.826, 105.94 W, 2872 MHz, 50
1791417184.357, 105.83 W, 2872 MHz, 50
1791417184.888, 105.83 W, 2872 MHz, 50
1791417185.416, 105.79 W, 2872 MHz, 50
1791417185.945, 105.79 W, 2872 MHz, 50
1791417186.473, 105.76 W, 2872 MHz, 50
1791417187.003, 105.76 W, 2872 MHz, 50
1791417187.533, 105.72 W, 2872 MHz, 50
1791417188.063, 105.72 W, 2872 MHz, 50
1791417188.592, 105.76 W, 2872 MHz, 50
1791417189.121, 105.76 W, 2872 MHz, 50
1791417189.650, 105.78 W, 2872 MHz, 50
1791417190.179, 105.75 W, 2872 MHz, 50
1791417190.707, 105.75 W, 2872 MHz, 50
1791417191.235, 105.79 W, 2872 MHz, 50
1791417191.765, 105.79 W, 2872 MHz, 50
1791417192.293, 105.75 W, 2872 MHz, 50
1791417192.821, 105.75 W, 2872 MHz, 50
1791417193.349, 105.74 W, 2872 MHz, 50
1791417193.878, 105.74 W, 2872 MHz, 50
1791417194.406, 105.81 W, 2872 MHz, 50
1791417194.936, 105.81 W, 2872 MHz, 50
1791417195.465, 105.80 W, 2872 MHz, 50
1791417195.993, 105.80 W, 2872 MHz, 50
1791417196.524, 105.70 W, 2872 MHz, 50
1791417197.052, 105.70 W, 2872 MHz, 50
1791417197.583, 105.67 W, 2872 MHz, 50
1791417198.111, 105.67 W, 2872 MHz, 50
1791417198.639, 105.64 W, 2872 MHz, 49
1791417199.168, 105.50 W, 2872 MHz, 49
1791417199.696, 105.50 W, 2872 MHz, 49
1791417200.227, 105.57 W, 2872 MHz, 49
1791417200.755, 105.57 W, 2872 MHz, 49
1791417201.284, 105.46 W, 2872 MHz, 49
1791417201.813, 105.46 W, 2872 MHz, 49
1791417202.343, 105.48 W, 2872 MHz, 49
1791417202.871, 105.48 W, 2872 MHz, 49
1791417203.400, 105.44 W, 2872 MHz, 49
1791417203.929, 105.44 W, 2872 MHz, 49
1791417204.458, 105.43 W, 2872 MHz, 49
1791417204.988, 105.43 W, 2872 MHz, 49
1791417205.516, 105.39 W, 2872 MHz, 49
1791417206.045, 105.39 W, 2872 MHz, 49
1791417206.574, 105.38 W, 2872 MHz, 49
1791417207.103, 105.38 W, 2872 MHz, 49
1791417207.633, 105.30 W, 2872 MHz, 49
1791417208.161, 105.23 W, 2872 MHz, 49
1791417208.690, 105.23 W, 2872 MHz, 49
1791417209.219, 105.37 W, 2872 MHz, 49
1791417209.747, 105.37 W, 2872 MHz, 49
1791417210.277, 105.36 W, 2872 MHz, 49
1791417210.806, 105.36 W, 2872 MHz, 49
1791417211.336, 105.26 W, 2872 MHz, 49
1791417211.865, 105.26 W, 2872 MHz, 49
1791417212.395, 105.31 W, 2872 MHz, 49
1791417212.923, 105.31 W, 2872 MHz, 49
1791417213.452, 105.38 W, 2872 MHz, 49
1791417213.979, 105.38 W, 2872 MHz, 49
1791417214.511, 105.35 W, 2872 MHz, 49
1791417215.039, 105.35 W, 2872 MHz, 49
1791417215.569, 105.33 W, 2872 MHz, 49
1791417216.098, 105.33 W, 2872 MHz, 49
1791417216.627, 105.23 W, 2872 MHz, 49
1791417217.156, 105.29 W, 2872 MHz, 49
1791417217.686, 105.29 W, 2872 MHz, 49
1791417218.215, 105.19 W, 2872 MHz, 49
1791417218.745, 105.19 W, 2872 MHz, 49
1791417219.276, 104.99 W, 2872 MHz, 49
1791417219.806, 104.99 W, 2872 MHz, 48
1791417220.337, 104.97 W, 2872 MHz, 48
1791417220.867, 104.97 W, 2872 MHz, 48
1791417221.396, 104.89 W, 2872 MHz, 48
1791417221.926, 104.89 W, 2872 MHz, 48
1791417222.455, 104.95 W, 2872 MHz, 48
1791417222.983, 104.95 W, 2872 MHz, 48
1791417223.511, 105.18 W, 2872 MHz, 48
1791417224.040, 105.18 W, 2872 MHz, 48
1791417224.570, 105.05 W, 2872 MHz, 48
1791417225.098, 105.05 W, 2872 MHz, 48
1791417225.628, 104.89 W, 2872 MHz, 48
1791417226.158, 104.56 W, 2872 MHz, 48
1791417226.686, 104.56 W, 2872 MHz, 48
1791417227.214, 104.57 W, 2872 MHz, 48
1791417227.744, 104.57 W, 2872 MHz, 48
1791417228.275, 104.88 W, 2872 MHz, 48
1791417228.803, 104.88 W, 2872 MHz, 48
1791417229.333, 104.82 W, 2872 MHz, 48
1791417229.861, 104.82 W, 2872 MHz, 48
1791417230.391, 104.70 W, 2872 MHz, 48
1791417230.920, 104.70 W, 2872 MHz, 48
1791417231.449, 104.76 W, 2872 MHz, 48
1791417231.978, 104.76 W, 2872 MHz, 48
1791417232.506, 104.74 W, 2872 MHz, 48
1791417233.034, 104.74 W, 2872 MHz, 48
1791417233.564, 104.74 W, 2872 MHz, 48
1791417234.093, 104.74 W, 2872 MHz, 48
1791417234.621, 104.58 W, 2872 MHz, 48
1791417235.150, 104.58 W, 2872 MHz, 48
1791417235.680, 104.24 W, 2872 MHz, 48
1791417236.209, 104.30 W, 2872 MHz, 48
1791417236.738, 104.30 W, 2872 MHz, 48
1791417237.267, 104.56 W, 2872 MHz, 48
1791417237.795, 104.56 W, 2872 MHz, 48
1791417238.323, 104.78 W, 2872 MHz, 48
1791417238.852, 104.78 W, 2872 MHz, 48
1791417239.382, 104.54 W, 2872 MHz, 48
1791417239.912, 104.54 W, 2872 MHz, 48
1791417240.440, 104.51 W, 2872 MHz, 48
1791417240.970, 104.51 W, 2872 MHz, 48
1791417241.501, 104.69 W, 2872 MHz, 48
1791417242.031, 104.69 W, 2872 MHz, 48
1791417242.561, 104.49 W, 2872 MHz, 48
1791417243.089, 104.49 W, 2872 MHz, 48
1791417243.618, 104.40 W, 2872 MHz, 48
1791417244.149, 104.40 W, 2872 MHz, 48
1791417244.679, 104.29 W, 2872 MHz, 47
1791417245.208, 104.21 W, 2872 MHz, 47
1791417245.739, 104.21 W, 2872 MHz, 48
1791417246.267, 104.19 W, 2872 MHz, 48
1791417246.797, 104.19 W, 2872 MHz, 47
1791417247.326, 104.29 W, 2872 MHz, 47
1791417247.856, 104.29 W, 2872 MHz, 47
1791417248.383, 104.16 W, 2872 MHz, 47
1791417248.912, 104.16 W, 2872 MHz, 47
1791417249.442, 103.98 W, 2872 MHz, 47
1791417249.972, 103.98 W, 2872 MHz, 47
1791417250.501, 104.06 W, 2872 MHz, 47
1791417251.030, 104.06 W, 2872 MHz, 47
1791417251.555, 103.99 W, 2872 MHz, 47
1791417252.084, 103.99 W, 2872 MHz, 47
1791417252.612, 104.07 W, 2872 MHz, 47
1791417253.143, 104.07 W, 2872 MHz, 47
1791417253.673, 104.05 W, 2872 MHz, 47
1791417254.202, 104.06 W, 2872 MHz, 47
1791417254.730, 104.06 W, 2872 MHz, 47
1791417255.264, 221.05 W, 2760 MHz, 47
1791417255.794, 341.30 W, 2662 MHz, 60
1791417256.326, 601.98 W, 2655 MHz, 61
1791417256.858, 599.99 W, 2662 MHz, 62
1791417257.393, 600.14 W, 2662 MHz, 63
1791417257.927, 599.54 W, 2647 MHz, 63
1791417258.459, 600.18 W, 2647 MHz, 64
1791417258.991, 599.71 W, 2647 MHz, 64
1791417259.523, 599.07 W, 2647 MHz, 64
1791417260.056, 599.56 W, 2640 MHz, 65
1791417260.589, 599.23 W, 2640 MHz, 66
1791417261.121, 599.28 W, 2632 MHz, 66
1791417261.655, 599.97 W, 2640 MHz, 66
1791417262.186, 598.70 W, 2640 MHz, 66
1791417262.717, 598.95 W, 2647 MHz, 66
1791417263.248, 599.74 W, 2647 MHz, 67
1791417263.781, 599.09 W, 2647 MHz, 67
1791417264.314, 600.66 W, 2647 MHz, 68
1791417264.851, 527.88 W, 2850 MHz, 63
1791417265.388, 440.61 W, 2850 MHz, 62
1791417265.915, 290.31 W, 2857 MHz, 58
1791417266.443, 142.85 W, 2857 MHz, 55
1791417266.972, 142.85 W, 2857 MHz, 55
1791417267.499, 107.85 W, 2857 MHz, 54
1791417268.027, 107.85 W, 2857 MHz, 54
1791417268.554, 107.54 W, 2857 MHz, 53
1791417269.083, 107.40 W, 2857 MHz, 53
1791417269.615, 260.69 W, 2685 MHz, 65
1791417270.147, 354.82 W, 2632 MHz, 67
1791417270.679, 600.41 W, 2640 MHz, 67
1791417271.212, 599.86 W, 2625 MHz, 68
1791417271.744, 599.69 W, 2625 MHz, 69
1791417272.277, 599.44 W, 2617 MHz, 69
1791417272.811, 599.74 W, 2625 MHz, 69
1791417273.345, 600.07 W, 2617 MHz, 69
1791417273.878, 600.84 W, 2617 MHz, 69
1791417274.409, 599.91 W, 2617 MHz, 70
1791417274.941, 599.54 W, 2617 MHz, 70
1791417275.472, 600.59 W, 2617 MHz, 70
1791417276.008, 599.52 W, 2610 MHz, 70
1791417276.540, 599.35 W, 2625 MHz, 71
1791417277.070, 600.06 W, 2625 MHz, 72
1791417277.603, 599.00 W, 2625 MHz, 72
1791417278.134, 599.59 W, 2625 MHz, 72
1791417278.668, 598.98 W, 2625 MHz, 72
1791417279.199, 599.79 W, 2617 MHz, 72
1791417279.733, 600.15 W, 2617 MHz, 72
1791417280.263, 600.84 W, 2617 MHz, 72
1791417280.795, 599.86 W, 2610 MHz, 74
1791417281.327, 598.82 W, 2610 MHz, 73
1791417281.859, 599.70 W, 2610 MHz, 74
1791417282.393, 600.30 W, 2602 MHz, 74
1791417282.925, 600.52 W, 2610 MHz, 74
1791417283.456, 600.06 W, 2602 MHz, 73
1791417283.988, 599.56 W, 2610 MHz, 74
1791417284.521, 600.14 W, 2610 MHz, 74
1791417285.054, 599.78 W, 2610 MHz, 74
1791417285.586, 600.18 W, 2610 MHz, 75
1791417286.118, 600.30 W, 2610 MHz, 75
1791417286.650, 601.07 W, 2602 MHz, 75
1791417287.183, 600.16 W, 2602 MHz, 76
1791417287.716, 600.22 W, 2610 MHz, 76
1791417288.248, 599.53 W, 2602 MHz, 75
1791417288.780, 600.15 W, 2602 MHz, 76
1791417289.313, 600.12 W, 2602 MHz, 75
1791417289.845, 600.16 W, 2595 MHz, 75
1791417290.377, 599.41 W, 2602 MHz, 76
1791417290.909, 599.45 W, 2602 MHz, 76
1791417291.440, 599.68 W, 2602 MHz, 76
1791417291.973, 599.25 W, 2602 MHz, 77
1791417292.505, 599.77 W, 2602 MHz, 77
1791417293.040, 600.77 W, 2595 MHz, 78
1791417293.571, 600.79 W, 2595 MHz, 78
1791417294.106, 599.65 W, 2602 MHz, 78
1791417294.641, 599.68 W, 2602 MHz, 78
1791417295.172, 601.29 W, 2602 MHz, 77
1791417295.705, 600.76 W, 2602 MHz, 79
1791417296.237, 600.83 W, 2595 MHz, 79
1791417296.769, 599.65 W, 2595 MHz, 79
1791417297.304, 599.28 W, 2595 MHz, 79
1791417297.838, 600.41 W, 2595 MHz, 79
1791417298.372, 599.95 W, 2587 MHz, 80
1791417298.903, 599.36 W, 2595 MHz, 80
1791417299.436, 599.17 W, 2602 MHz, 79
1791417299.969, 600.50 W, 2595 MHz, 80
1791417300.500, 599.67 W, 2602 MHz, 80
1791417301.030, 599.09 W, 2610 MHz, 81
1791417301.564, 600.48 W, 2602 MHz, 81
1791417302.098, 600.31 W, 2602 MHz, 81
1791417302.629, 599.55 W, 2602 MHz, 81
1791417303.162, 600.24 W, 2602 MHz, 81
1791417303.695, 599.25 W, 2587 MHz, 81
1791417304.228, 600.06 W, 2587 MHz, 81
1791417304.759, 600.50 W, 2587 MHz, 82
1791417305.292, 599.71 W, 2595 MHz, 82
1791417305.825, 600.06 W, 2595 MHz, 82
1791417306.356, 600.10 W, 2595 MHz, 81
1791417306.891, 600.83 W, 2587 MHz, 81
1791417307.423, 599.77 W, 2587 MHz, 82
1791417307.956, 598.23 W, 2595 MHz, 82
1791417308.489, 600.06 W, 2595 MHz, 82
1791417309.021, 598.80 W, 2595 MHz, 82
1791417309.554, 600.07 W, 2595 MHz, 83
1791417310.087, 587.66 W, 2640 MHz, 82
1791417310.622, 533.22 W, 2827 MHz, 78
1791417311.151, 481.10 W, 2827 MHz, 78
1791417311.678, 272.75 W, 2850 MHz, 71
1791417312.241, 164.22 W, 2850 MHz, 69
1791417312.769, 164.22 W, 2850 MHz, 69
1791417313.296, 128.03 W, 2850 MHz, 69
1791417313.824, 128.03 W, 2850 MHz, 68
1791417314.350, 127.42 W, 2850 MHz, 68
1791417314.884, 136.43 W, 2850 MHz, 68
1791417315.415, 328.67 W, 2587 MHz, 77
1791417315.945, 579.84 W, 2572 MHz, 79
1791417316.480, 600.21 W, 2550 MHz, 81
1791417317.013, 601.24 W, 2550 MHz, 81
1791417317.543, 599.50 W, 2550 MHz, 81
1791417318.076, 599.52 W, 2557 MHz, 81
1791417318.607, 600.82 W, 2557 MHz, 81
1791417319.139, 599.45 W, 2542 MHz, 82
1791417319.674, 599.84 W, 2542 MHz, 82
1791417320.206, 600.61 W, 2542 MHz, 83
1791417320.737, 600.69 W, 2550 MHz, 82
1791417321.270, 599.21 W, 2542 MHz, 82
1791417321.801, 599.31 W, 2550 MHz, 82
1791417322.333, 600.42 W, 2550 MHz, 82
1791417322.866, 599.79 W, 2550 MHz, 82
1791417323.400, 600.09 W, 2550 MHz, 83
1791417323.935, 599.30 W, 2542 MHz, 83
1791417324.468, 600.30 W, 2550 MHz, 83
1791417324.999, 598.99 W, 2542 MHz, 84
1791417325.531, 599.28 W, 2542 MHz, 84
1791417326.066, 600.60 W, 2542 MHz, 83
1791417326.597, 600.14 W, 2542 MHz, 83
1791417327.126, 600.29 W, 2542 MHz, 83
1791417327.657, 599.85 W, 2542 MHz, 84
1791417328.189, 599.77 W, 2542 MHz, 84
1791417328.720, 600.22 W, 2535 MHz, 84
1791417329.251, 600.26 W, 2535 MHz, 84
1791417329.784, 599.99 W, 2542 MHz, 84
1791417330.317, 599.94 W, 2542 MHz, 83
1791417330.851, 599.90 W, 2550 MHz, 83
1791417331.382, 599.53 W, 2542 MHz, 84
1791417331.912, 599.90 W, 2542 MHz, 84
1791417332.445, 599.94 W, 2542 MHz, 84
1791417332.981, 599.92 W, 2542 MHz, 83
1791417333.514, 599.89 W, 2542 MHz, 84
1791417334.046, 600.11 W, 2542 MHz, 84
1791417334.575, 600.82 W, 2542 MHz, 85
1791417335.106, 600.71 W, 2542 MHz, 85
1791417335.638, 600.06 W, 2535 MHz, 85
1791417336.169, 599.81 W, 2535 MHz, 85
1791417336.702, 599.21 W, 2535 MHz, 86
1791417337.236, 599.70 W, 2542 MHz, 86
1791417337.766, 599.57 W, 2542 MHz, 86
1791417338.297, 600.56 W, 2542 MHz, 86
1791417338.829, 600.42 W, 2542 MHz, 86
1791417339.362, 599.60 W, 2542 MHz, 86
1791417339.894, 599.51 W, 2542 MHz, 87
1791417340.426, 599.48 W, 2550 MHz, 86
1791417340.958, 599.50 W, 2542 MHz, 87
1791417341.491, 599.44 W, 2542 MHz, 87
1791417342.022, 599.48 W, 2542 MHz, 85
1791417342.552, 599.54 W, 2542 MHz, 87
1791417343.086, 600.51 W, 2535 MHz, 86
1791417343.617, 600.47 W, 2527 MHz, 87
1791417344.148, 599.39 W, 2535 MHz, 87
1791417344.680, 600.36 W, 2535 MHz, 87
1791417345.211, 599.17 W, 2542 MHz, 88
1791417345.745, 599.12 W, 2542 MHz, 87
1791417346.277, 600.21 W, 2542 MHz, 87
1791417346.811, 599.88 W, 2542 MHz, 87
1791417347.346, 600.08 W, 2542 MHz, 87
1791417347.879, 600.36 W, 2542 MHz, 87
1791417348.411, 599.42 W, 2550 MHz, 88
1791417348.944, 600.05 W, 2542 MHz, 88
1791417349.474, 599.39 W, 2542 MHz, 88
1791417350.004, 600.05 W, 2535 MHz, 88
1791417350.535, 599.82 W, 2535 MHz, 88
1791417351.068, 600.28 W, 2535 MHz, 88
1791417351.603, 600.35 W, 2535 MHz, 88
1791417352.137, 600.31 W, 2542 MHz, 86
1791417352.668, 600.38 W, 2535 MHz, 88
1791417353.202, 599.95 W, 2535 MHz, 87
1791417353.734, 599.50 W, 2550 MHz, 88
1791417354.265, 600.05 W, 2550 MHz, 89
1791417354.795, 599.78 W, 2557 MHz, 87
1791417355.328, 600.81 W, 2535 MHz, 88
1791417355.861, 599.01 W, 2542 MHz, 89
1791417356.414, 592.46 W, 2557 MHz, 89
1791417356.948, 549.22 W, 2812 MHz, 85
1791417357.477, 482.75 W, 2820 MHz, 81
1791417358.005, 321.36 W, 2835 MHz, 76
1791417358.537, 314.70 W, 2527 MHz, 87
1791417359.070, 588.94 W, 2497 MHz, 87
1791417359.602, 601.20 W, 2497 MHz, 87
1791417360.135, 600.24 W, 2490 MHz, 87
1791417360.669, 599.68 W, 2490 MHz, 88
1791417361.201, 600.29 W, 2490 MHz, 89
1791417361.734, 600.71 W, 2490 MHz, 89
1791417362.265, 599.74 W, 2490 MHz, 89
1791417362.798, 599.70 W, 2490 MHz, 88
1791417363.330, 600.01 W, 2490 MHz, 88
1791417363.863, 600.24 W, 2490 MHz, 88
1791417364.394, 600.08 W, 2490 MHz, 89
1791417364.925, 599.66 W, 2490 MHz, 89
1791417365.458, 600.29 W, 2482 MHz, 89
1791417365.993, 599.85 W, 2505 MHz, 89
1791417366.525, 599.14 W, 2497 MHz, 89
1791417367.056, 600.26 W, 2497 MHz, 89
1791417367.587, 600.36 W, 2497 MHz, 89
1791417368.121, 573.32 W, 2790 MHz, 86
1791417368.654, 529.54 W, 2812 MHz, 85
1791417369.183, 382.73 W, 2827 MHz, 80
1791417369.712, 309.13 W, 2835 MHz, 77
1791417370.246, 431.98 W, 2490 MHz, 88
1791417370.777, 601.42 W, 2490 MHz, 89
1791417371.308, 599.33 W, 2482 MHz, 89
1791417371.840, 600.48 W, 2490 MHz, 89
1791417372.374, 600.70 W, 2490 MHz, 89
1791417372.906, 599.35 W, 2490 MHz, 89
1791417373.437, 600.27 W, 2482 MHz, 89
1791417373.969, 600.66 W, 2482 MHz, 89
1791417374.502, 600.54 W, 2482 MHz, 90
1791417375.033, 600.42 W, 2482 MHz, 90
1791417375.566, 599.54 W, 2482 MHz, 90
1791417376.097, 599.40 W, 2482 MHz, 88
1791417376.630, 600.56 W, 2482 MHz, 89
1791417377.163, 599.85 W, 2497 MHz, 89
1791417377.695, 599.59 W, 2497 MHz, 89
1791417378.228, 600.36 W, 2490 MHz, 89
1791417378.761, 600.28 W, 2490 MHz, 88
1791417379.296, 590.16 W, 2617 MHz, 90
1791417379.831, 548.02 W, 2812 MHz, 86
1791417380.364, 484.52 W, 2812 MHz, 86
1791417380.898, 483.73 W, 2812 MHz, 85
1791417381.431, 493.88 W, 2812 MHz, 85
1791417381.964, 500.77 W, 2812 MHz, 85
1791417382.497, 500.51 W, 2812 MHz, 85
1791417383.032, 500.23 W, 2812 MHz, 85
1791417383.566, 501.02 W, 2812 MHz, 85
1791417384.102, 500.79 W, 2812 MHz, 85
1791417384.634, 500.30 W, 2812 MHz, 85
1791417385.166, 499.89 W, 2812 MHz, 85
1791417385.700, 499.94 W, 2812 MHz, 85
1791417386.233, 500.34 W, 2812 MHz, 85
1791417386.765, 500.35 W, 2812 MHz, 85
1791417387.300, 499.74 W, 2812 MHz, 85
1791417387.834, 499.41 W, 2812 MHz, 85
1791417388.369, 499.29 W, 2812 MHz, 85
1791417388.902, 499.19 W, 2812 MHz, 85
1791417389.435, 499.45 W, 2812 MHz, 85
1791417389.968, 499.66 W, 2812 MHz, 85
1791417390.500, 499.29 W, 2812 MHz, 85
1791417391.034, 499.63 W, 2812 MHz, 85
1791417391.567, 499.56 W, 2812 MHz, 85
1791417392.100, 499.44 W, 2812 MHz, 85
1791417392.633, 499.07 W, 2812 MHz, 85
1791417393.166, 498.94 W, 2812 MHz, 85
1791417393.698, 499.01 W, 2812 MHz, 85
1791417394.232, 498.73 W, 2812 MHz, 85
1791417394.765, 498.24 W, 2812 MHz, 84
1791417395.299, 497.97 W, 2812 MHz, 84
1791417395.834, 497.34 W, 2812 MHz, 84
1791417396.367, 496.48 W, 2812 MHz, 84
1791417396.899, 495.99 W, 2812 MHz, 84
1791417397.432, 496.67 W, 2812 MHz, 84
1791417397.967, 496.47 W, 2812 MHz, 84
1791417398.500, 496.14 W, 2812 MHz, 84
1791417399.033, 496.24 W, 2812 MHz, 84
1791417399.568, 495.97 W, 2812 MHz, 84
1791417400.101, 496.12 W, 2812 MHz, 84
1791417400.635, 495.84 W, 2812 MHz, 84
1791417401.168, 495.69 W, 2812 MHz, 84
1791417401.703, 496.17 W, 2812 MHz, 84
1791417402.236, 496.38 W, 2812 MHz, 84
1791417402.770, 496.26 W, 2812 MHz, 84
1791417403.304, 495.77 W, 2812 MHz, 84
1791417403.838, 495.36 W, 2812 MHz, 84
1791417404.371, 495.19 W, 2812 MHz, 84
1791417404.907, 495.54 W, 2812 MHz, 84
1791417405.441, 496.02 W, 2812 MHz, 84
1791417405.973, 495.52 W, 2812 MHz, 84
1791417406.504, 495.46 W, 2812 MHz, 84
1791417407.039, 495.21 W, 2812 MHz, 84
1791417407.572, 495.61 W, 2812 MHz, 84
1791417408.105, 495.61 W, 2812 MHz, 84
1791417408.638, 495.20 W, 2812 MHz, 84
1791417409.172, 495.26 W, 2812 MHz, 84
1791417409.705, 495.57 W, 2812 MHz, 84
1791417410.238, 495.69 W, 2812 MHz, 84
1791417410.772, 490.94 W, 2812 MHz, 84
1791417411.306, 489.92 W, 2812 MHz, 84
1791417411.840, 494.35 W, 2812 MHz, 84
1791417412.374, 494.38 W, 2812 MHz, 84
1791417412.909, 494.42 W, 2812 MHz, 84
1791417413.442, 494.48 W, 2812 MHz, 84
1791417413.976, 494.63 W, 2812 MHz, 84
1791417414.511, 495.16 W, 2812 MHz, 84
1791417415.045, 494.80 W, 2812 MHz, 84
1791417415.578, 494.72 W, 2812 MHz, 84
1791417416.111, 495.13 W, 2812 MHz, 84
1791417416.644, 495.17 W, 2812 MHz, 84
1791417417.178, 495.32 W, 2812 MHz, 84
1791417417.713, 494.74 W, 2812 MHz, 84
1791417418.245, 495.03 W, 2812 MHz, 84
1791417418.780, 495.21 W, 2812 MHz, 84
1791417419.314, 495.10 W, 2812 MHz, 84
1791417419.849, 494.96 W, 2812 MHz, 84
1791417420.383, 494.92 W, 2812 MHz, 84
1791417420.917, 495.03 W, 2812 MHz, 84
1791417421.452, 495.41 W, 2812 MHz, 84
1791417421.986, 495.33 W, 2812 MHz, 84
1791417422.520, 495.00 W, 2812 MHz, 84
1791417423.051, 495.54 W, 2812 MHz, 84
1791417423.585, 496.05 W, 2812 MHz, 84
1791417424.119, 495.89 W, 2812 MHz, 84
1791417424.652, 496.35 W, 2812 MHz, 84
1791417425.184, 497.01 W, 2812 MHz, 84
1791417425.716, 497.42 W, 2812 MHz, 84
1791417426.250, 496.56 W, 2812 MHz, 84
1791417426.784, 495.27 W, 2812 MHz, 84
1791417427.318, 495.27 W, 2812 MHz, 84
1791417427.850, 495.32 W, 2812 MHz, 84
1791417428.385, 495.13 W, 2812 MHz, 84
1791417428.920, 495.18 W, 2812 MHz, 84
1791417429.455, 495.52 W, 2812 MHz, 84
1791417429.991, 495.46 W, 2812 MHz, 84
1791417430.525, 495.08 W, 2812 MHz, 84
1791417431.060, 495.26 W, 2812 MHz, 84
1791417431.594, 495.44 W, 2812 MHz, 84
1791417432.126, 495.13 W, 2812 MHz, 84
1791417432.658, 495.17 W, 2812 MHz, 84
1791417433.190, 495.51 W, 2812 MHz, 84
1791417433.723, 495.30 W, 2812 MHz, 84
1791417434.258, 495.30 W, 2812 MHz, 84
1791417434.793, 495.07 W, 2812 MHz, 84
1791417435.327, 494.70 W, 2812 MHz, 84
1791417435.861, 494.62 W, 2812 MHz, 84
1791417436.396, 494.96 W, 2812 MHz, 84
1791417436.929, 494.99 W, 2812 MHz, 84
1791417437.462, 494.98 W, 2812 MHz, 84
1791417437.997, 495.19 W, 2812 MHz, 84
1791417438.531, 495.00 W, 2812 MHz, 84
1791417439.064, 494.45 W, 2812 MHz, 84
1791417439.599, 494.90 W, 2812 MHz, 84
1791417440.133, 495.24 W, 2812 MHz, 84
1791417440.667, 493.30 W, 2812 MHz, 84
1791417441.199, 492.71 W, 2812 MHz, 84
1791417441.731, 494.61 W, 2812 MHz, 84
1791417442.263, 495.22 W, 2812 MHz, 84
1791417442.797, 495.28 W, 2812 MHz, 84
1791417443.332, 494.88 W, 2812 MHz, 84
1791417443.866, 494.96 W, 2812 MHz, 84
1791417444.399, 495.16 W, 2812 MHz, 84
1791417444.931, 495.50 W, 2812 MHz, 84
1791417445.466, 495.03 W, 2812 MHz, 84
1791417446.000, 494.98 W, 2812 MHz, 84
1791417446.533, 494.90 W, 2812 MHz, 84
1791417447.068, 494.82 W, 2812 MHz, 84
1791417447.602, 495.40 W, 2812 MHz, 84
1791417448.135, 495.79 W, 2812 MHz, 84
1791417448.670, 495.79 W, 2812 MHz, 84
1791417449.204, 495.96 W, 2812 MHz, 84
1791417449.738, 495.77 W, 2812 MHz, 84
1791417450.272, 495.55 W, 2812 MHz, 84
1791417450.807, 495.35 W, 2812 MHz, 84
1791417451.342, 495.58 W, 2812 MHz, 84
1791417451.875, 496.12 W, 2812 MHz, 84
1791417452.407, 496.04 W, 2812 MHz, 84
1791417452.941, 495.81 W, 2812 MHz, 84
1791417453.474, 496.01 W, 2812 MHz, 84
1791417454.009, 496.26 W, 2812 MHz, 84
1791417454.543, 496.00 W, 2812 MHz, 84
1791417455.077, 496.08 W, 2812 MHz, 84
1791417455.611, 496.66 W, 2812 MHz, 84
1791417456.146, 496.08 W, 2812 MHz, 84
1791417456.679, 495.37 W, 2812 MHz, 84
1791417457.212, 495.25 W, 2812 MHz, 84
1791417457.749, 494.99 W, 2812 MHz, 84
1791417458.284, 494.75 W, 2812 MHz, 84
1791417458.820, 495.49 W, 2812 MHz, 84
1791417459.355, 495.93 W, 2812 MHz, 84
1791417459.888, 495.47 W, 2812 MHz, 84
1791417460.422, 495.73 W, 2812 MHz, 84
1791417460.955, 495.88 W, 2812 MHz, 84
1791417461.489, 495.80 W, 2812 MHz, 84
1791417462.021, 495.83 W, 2812 MHz, 84
1791417462.555, 496.24 W, 2812 MHz, 84
1791417463.087, 496.06 W, 2812 MHz, 84
1791417463.620, 495.82 W, 2812 MHz, 84
1791417464.154, 495.89 W, 2812 MHz, 84
1791417464.687, 495.81 W, 2812 MHz, 84
1791417465.219, 495.73 W, 2812 MHz, 84
1791417465.751, 495.76 W, 2812 MHz, 84
1791417466.284, 496.05 W, 2812 MHz, 84
1791417466.819, 496.32 W, 2812 MHz, 84
1791417467.352, 496.35 W, 2812 MHz, 84
1791417467.888, 496.23 W, 2812 MHz, 84
1791417468.421, 496.01 W, 2812 MHz, 84
1791417468.956, 496.13 W, 2812 MHz, 84
1791417469.491, 495.69 W, 2812 MHz, 84
1791417470.024, 496.10 W, 2812 MHz, 84
1791417470.561, 491.67 W, 2812 MHz, 84
1791417471.095, 491.68 W, 2812 MHz, 84
1791417471.630, 495.46 W, 2812 MHz, 84
1791417472.163, 495.27 W, 2812 MHz, 84
1791417472.698, 495.40 W, 2812 MHz, 84
1791417473.232, 494.99 W, 2812 MHz, 84
1791417473.765, 494.80 W, 2812 MHz, 84
1791417474.298, 495.04 W, 2812 MHz, 84
1791417474.831, 495.20 W, 2812 MHz, 84
1791417475.364, 495.36 W, 2812 MHz, 84
1791417475.896, 495.95 W, 2812 MHz, 84
1791417476.429, 495.83 W, 2812 MHz, 84
1791417476.963, 495.63 W, 2812 MHz, 84
1791417477.496, 495.86 W, 2812 MHz, 84
1791417478.030, 496.48 W, 2812 MHz, 84
1791417478.563, 497.02 W, 2812 MHz, 84
1791417479.096, 496.81 W, 2812 MHz, 84
1791417479.629, 496.54 W, 2812 MHz, 84
1791417480.165, 496.00 W, 2812 MHz, 84
1791417480.698, 496.22 W, 2812 MHz, 84
1791417481.231, 497.31 W, 2812 MHz, 84
1791417481.763, 497.45 W, 2812 MHz, 84
1791417482.295, 496.79 W, 2812 MHz, 84
1791417482.827, 496.71 W, 2812 MHz, 84
1791417483.359, 496.97 W, 2812 MHz, 84
1791417483.894, 496.89 W, 2812 MHz, 84
1791417484.428, 497.23 W, 2812 MHz, 85
1791417484.962, 497.50 W, 2812 MHz, 84
1791417485.497, 497.46 W, 2812 MHz, 85
1791417486.031, 497.55 W, 2812 MHz, 84
1791417486.565, 496.85 W, 2812 MHz, 85
1791417487.099, 496.26 W, 2812 MHz, 84
1791417487.632, 496.37 W, 2812 MHz, 85
1791417488.165, 496.08 W, 2812 MHz, 85
1791417488.698, 496.61 W, 2812 MHz, 85
1791417489.232, 496.93 W, 2812 MHz, 85
1791417489.766, 496.77 W, 2812 MHz, 85
1791417490.300, 497.18 W, 2812 MHz, 85
1791417490.833, 497.20 W, 2812 MHz, 85
1791417491.365, 497.64 W, 2812 MHz, 85
1791417491.898, 497.47 W, 2812 MHz, 85
1791417492.433, 497.02 W, 2812 MHz, 85
1791417492.968, 497.41 W, 2812 MHz, 84
1791417493.501, 497.38 W, 2812 MHz, 85
1791417494.034, 497.29 W, 2812 MHz, 85
1791417494.569, 497.11 W, 2812 MHz, 85
1791417495.103, 497.61 W, 2812 MHz, 85
1791417495.636, 497.47 W, 2812 MHz, 85
1791417496.168, 497.00 W, 2812 MHz, 85
1791417496.700, 497.32 W, 2812 MHz, 85
1791417497.233, 497.45 W, 2812 MHz, 85
1791417497.766, 497.44 W, 2812 MHz, 85
1791417498.300, 497.35 W, 2812 MHz, 85
1791417498.834, 497.45 W, 2812 MHz, 85
1791417499.369, 497.53 W, 2812 MHz, 85
1791417499.904, 497.42 W, 2812 MHz, 85
1791417500.437, 497.52 W, 2812 MHz, 85
1791417500.970, 497.33 W, 2812 MHz, 85
1791417501.502, 495.32 W, 2812 MHz, 85
1791417502.036, 495.21 W, 2812 MHz, 85
1791417502.571, 497.91 W, 2812 MHz, 85
1791417503.105, 497.88 W, 2812 MHz, 85
1791417503.640, 497.12 W, 2812 MHz, 85
1791417504.173, 497.05 W, 2812 MHz, 85
1791417504.706, 497.27 W, 2812 MHz, 85
1791417505.238, 497.42 W, 2812 MHz, 85
1791417505.773, 497.30 W, 2812 MHz, 85
1791417506.306, 497.77 W, 2812 MHz, 85
1791417506.841, 497.79 W, 2812 MHz, 85
1791417507.375, 497.68 W, 2812 MHz, 85
1791417507.908, 497.96 W, 2812 MHz, 85
1791417508.440, 498.27 W, 2812 MHz, 85
1791417508.973, 498.76 W, 2812 MHz, 85
1791417509.507, 498.91 W, 2812 MHz, 85
1791417510.041, 498.52 W, 2812 MHz, 85
1791417510.575, 498.71 W, 2812 MHz, 85
1791417511.110, 498.76 W, 2812 MHz, 85
1791417511.644, 498.95 W, 2812 MHz, 85
1791417512.180, 498.64 W, 2812 MHz, 85
1791417512.712, 498.49 W, 2812 MHz, 85
1791417513.247, 499.14 W, 2812 MHz, 85
1791417513.781, 499.35 W, 2812 MHz, 85
1791417514.313, 499.06 W, 2812 MHz, 85
1791417514.845, 499.31 W, 2812 MHz, 85
1791417515.380, 499.80 W, 2812 MHz, 85
1791417515.914, 499.83 W, 2812 MHz, 85
1791417516.449, 499.79 W, 2812 MHz, 85
1791417516.981, 499.44 W, 2812 MHz, 85
1791417517.512, 498.51 W, 2812 MHz, 85
1791417518.045, 498.38 W, 2812 MHz, 85
1791417518.579, 498.70 W, 2812 MHz, 85
1791417519.111, 498.33 W, 2812 MHz, 85
1791417519.647, 498.41 W, 2812 MHz, 85
1791417520.181, 498.20 W, 2812 MHz, 85
1791417520.716, 498.45 W, 2812 MHz, 85
1791417521.251, 498.89 W, 2812 MHz, 85
1791417521.783, 498.27 W, 2812 MHz, 85
1791417522.318, 498.32 W, 2812 MHz, 85
1791417522.851, 498.33 W, 2812 MHz, 85
1791417523.385, 498.57 W, 2820 MHz, 85
1791417523.920, 498.67 W, 2812 MHz, 85
1791417524.453, 499.16 W, 2812 MHz, 85
1791417524.988, 499.31 W, 2812 MHz, 85
1791417525.522, 499.02 W, 2812 MHz, 85
1791417526.055, 498.99 W, 2812 MHz, 85
1791417526.591, 498.84 W, 2812 MHz, 85
1791417527.126, 498.49 W, 2812 MHz, 85
1791417527.661, 498.26 W, 2812 MHz, 85
1791417528.195, 498.21 W, 2812 MHz, 85
1791417528.730, 498.68 W, 2812 MHz, 85
1791417529.266, 497.94 W, 2812 MHz, 85
1791417529.800, 498.07 W, 2812 MHz, 85
1791417530.335, 497.84 W, 2812 MHz, 85
1791417530.868, 497.21 W, 2812 MHz, 85
1791417531.397, 497.22 W, 2812 MHz, 85
1791417531.924, 337.81 W, 2835 MHz, 83
1791417532.453, 190.71 W, 2835 MHz, 78
1791417532.983, 190.71 W, 2835 MHz, 77
1791417533.512, 138.97 W, 2835 MHz, 76
1791417534.041, 138.97 W, 2835 MHz, 76
1791417534.569, 138.38 W, 2835 MHz, 75
1791417535.097, 138.38 W, 2835 MHz, 75
1791417535.628, 136.95 W, 2835 MHz, 74
1791417536.157, 136.95 W, 2835 MHz, 74
1791417536.686, 135.87 W, 2835 MHz, 74
1791417537.216, 135.87 W, 2835 MHz, 74
1791417537.745, 135.52 W, 2835 MHz, 73
1791417538.273, 135.52 W, 2835 MHz, 73
1791417538.803, 134.48 W, 2835 MHz, 73
1791417539.333, 134.48 W, 2835 MHz, 73
1791417539.862, 134.03 W, 2835 MHz, 72
1791417540.390, 133.18 W, 2835 MHz, 72
1791417540.920, 133.18 W, 2835 MHz, 72
1791417541.449, 132.11 W, 2850 MHz, 72
1791417541.979, 132.11 W, 2850 MHz, 71
1791417542.508, 131.36 W, 2850 MHz, 71
1791417543.037, 131.36 W, 2850 MHz, 71
1791417543.565, 130.96 W, 2850 MHz, 71
1791417544.096, 130.96 W, 2850 MHz, 71
1791417544.626, 129.96 W, 2850 MHz, 70
1791417545.156, 129.96 W, 2850 MHz, 70
1791417545.686, 129.68 W, 2850 MHz, 70
1791417546.215, 129.68 W, 2850 MHz, 70
1791417546.744, 129.09 W, 2850 MHz, 69
1791417547.273, 129.09 W, 2850 MHz, 69
1791417547.801, 128.68 W, 2850 MHz, 69
1791417548.330, 128.68 W, 2850 MHz, 69
1791417548.859, 128.46 W, 2850 MHz, 69
1791417549.387, 127.56 W, 2850 MHz, 69
1791417549.916, 127.56 W, 2850 MHz, 68
1791417550.445, 127.42 W, 2850 MHz, 68
1791417550.973, 127.42 W, 2850 MHz, 68
1791417551.503, 127.02 W, 2850 MHz, 68
1791417552.033, 127.02 W, 2850 MHz, 68
1791417552.564, 126.76 W, 2850 MHz, 67
1791417553.094, 126.76 W, 2850 MHz, 67
1791417553.622, 126.57 W, 2850 MHz, 67
1791417554.150, 126.57 W, 2850 MHz, 67
1791417554.680, 126.24 W, 2850 MHz, 67
1791417555.209, 126.24 W, 2850 MHz, 67
1791417555.737, 125.85 W, 2850 MHz, 66
1791417556.266, 125.85 W, 2850 MHz, 66
1791417556.795, 125.44 W, 2850 MHz, 66
1791417557.323, 125.44 W, 2850 MHz, 66
1791417557.853, 125.24 W, 2850 MHz, 66
1791417558.380, 124.42 W, 2850 MHz, 66
1791417558.910, 124.42 W, 2850 MHz, 66
1791417559.438, 124.51 W, 2850 MHz, 66
1791417559.967, 124.51 W, 2850 MHz, 65
1791417560.497, 123.86 W, 2850 MHz, 65
1791417561.026, 123.86 W, 2850 MHz, 65
