epoch, power_w, sm_mhz, temp_c
1791409526.357, 24.81 W, 172 MHz, 31
1791409526.892, 24.81 W, 180 MHz, 31
1791409527.429, 24.13 W, 180 MHz, 31
1791409527.963, 24.13 W, 180 MHz, 31
1791409528.498, 24.18 W, 180 MHz, 31
1791409529.033, 24.18 W, 180 MHz, 31
1791409529.567, 24.24 W, 180 MHz, 31
1791409530.100, 24.24 W, 180 MHz, 31
1791409530.636, 24.30 W, 180 MHz, 31
1791409531.172, 24.30 W, 180 MHz, 31
1791409531.709, 24.24 W, 180 MHz, 31
1791409532.245, 24.24 W, 180 MHz, 31
1791409532.779, 24.12 W, 180 MHz, 31
1791409533.313, 24.12 W, 180 MHz, 31
1791409533.849, 24.14 W, 180 MHz, 31
1791409534.386, 24.11 W, 180 MHz, 31
1791409534.921, 24.11 W, 180 MHz, 31
1791409535.455, 24.17 W, 180 MHz, 31
1791409535.991, 24.17 W, 180 MHz, 31
1791409536.525, 24.24 W, 180 MHz, 31
1791409537.061, 24.24 W, 180 MHz, 31
1791409537.596, 24.18 W, 180 MHz, 31
1791409538.131, 24.18 W, 180 MHz, 31
1791409538.665, 24.24 W, 180 MHz, 31
1791409539.200, 24.24 W, 180 MHz, 31
1791409539.733, 24.24 W, 172 MHz, 31
1791409540.268, 24.24 W, 172 MHz, 31
1791409540.803, 24.18 W, 180 MHz, 31
1791409541.337, 24.18 W, 180 MHz, 31
1791409541.870, 24.18 W, 180 MHz, 31
1791409542.404, 24.00 W, 180 MHz, 31
1791409542.939, 24.00 W, 180 MHz, 31
1791409543.474, 24.10 W, 180 MHz, 31
1791409544.009, 24.10 W, 180 MHz, 31
1791409544.543, 24.15 W, 180 MHz, 31
1791409545.078, 24.15 W, 180 MHz, 31
1791409545.613, 24.10 W, 180 MHz, 31
1791409546.148, 24.10 W, 180 MHz, 31
1791409546.683, 24.08 W, 180 MHz, 31
1791409547.218, 24.08 W, 180 MHz, 31
1791409547.753, 24.29 W, 180 MHz, 31
1791409548.288, 24.29 W, 180 MHz, 31
1791409548.823, 24.36 W, 180 MHz, 31
1791409549.357, 24.15 W, 180 MHz, 31
1791409549.892, 24.15 W, 180 MHz, 31
1791409550.428, 24.15 W, 180 MHz, 31
1791409550.963, 24.15 W, 180 MHz, 31
1791409551.498, 24.14 W, 180 MHz, 31
1791409552.034, 24.14 W, 180 MHz, 31
1791409552.568, 24.18 W, 180 MHz, 31
1791409553.103, 24.18 W, 180 MHz, 31
1791409553.638, 24.24 W, 180 MHz, 31
1791409554.172, 24.24 W, 180 MHz, 31
1791409554.709, 24.34 W, 180 MHz, 31
1791409555.244, 24.34 W, 180 MHz, 31
1791409555.780, 24.34 W, 180 MHz, 31
1791409556.314, 24.34 W, 180 MHz, 31
1791409556.849, 24.30 W, 180 MHz, 31
1791409557.386, 24.34 W, 180 MHz, 31
1791409557.920, 24.34 W, 180 MHz, 31
1791409558.455, 24.31 W, 180 MHz, 31
1791409558.991, 24.31 W, 180 MHz, 31
1791409559.527, 24.25 W, 180 MHz, 31
1791409560.061, 24.25 W, 180 MHz, 31
1791409560.595, 24.22 W, 180 MHz, 31
1791409561.129, 24.22 W, 180 MHz, 31
1791409561.665, 24.20 W, 180 MHz, 31
1791409562.201, 24.20 W, 180 MHz, 31
1791409562.736, 24.27 W, 180 MHz, 31
1791409563.273, 24.27 W, 180 MHz, 31
1791409563.808, 24.37 W, 180 MHz, 31
1791409564.342, 24.36 W, 180 MHz, 31
1791409564.875, 24.36 W, 180 MHz, 31
1791409565.410, 24.39 W, 180 MHz, 31
1791409565.946, 24.39 W, 180 MHz, 31
1791409566.480, 24.28 W, 180 MHz, 31
1791409567.015, 24.28 W, 180 MHz, 31
1791409567.550, 24.20 W, 180 MHz, 31
1791409568.083, 24.20 W, 180 MHz, 31
1791409568.618, 24.10 W, 180 MHz, 31
1791409569.154, 24.10 W, 180 MHz, 31
1791409569.689, 24.10 W, 180 MHz, 31
1791409570.225, 24.10 W, 180 MHz, 31
1791409570.759, 24.29 W, 180 MHz, 31
1791409571.295, 24.29 W, 180 MHz, 31
1791409571.830, 24.23 W, 180 MHz, 31
1791409572.365, 24.16 W, 180 MHz, 31
1791409572.901, 24.16 W, 180 MHz, 31
1791409573.436, 24.12 W, 180 MHz, 31
1791409573.970, 24.12 W, 180 MHz, 31
1791409574.506, 24.05 W, 180 MHz, 31
1791409575.041, 24.05 W, 180 MHz, 31
1791409575.576, 23.98 W, 180 MHz, 31
1791409576.112, 23.98 W, 180 MHz, 31
1791409576.647, 24.03 W, 180 MHz, 31
1791409577.182, 24.03 W, 180 MHz, 31
1791409577.717, 24.12 W, 180 MHz, 31
1791409578.253, 24.12 W, 180 MHz, 31
1791409578.788, 24.04 W, 180 MHz, 31
1791409579.325, 24.04 W, 180 MHz, 31
1791409579.860, 24.03 W, 180 MHz, 31
1791409580.396, 24.05 W, 180 MHz, 31
1791409580.931, 24.05 W, 180 MHz, 31
1791409581.467, 24.03 W, 180 MHz, 31
1791409582.002, 24.03 W, 180 MHz, 31
1791409582.537, 24.11 W, 180 MHz, 31
1791409583.073, 24.11 W, 180 MHz, 31
1791409583.608, 24.14 W, 180 MHz, 31
1791409584.142, 24.14 W, 180 MHz, 31
1791409584.679, 24.20 W, 180 MHz, 31
1791409585.214, 24.20 W, 180 MHz, 31
1791409585.749, 24.21 W, 180 MHz, 31
1791409586.284, 24.21 W, 180 MHz, 31
1791409586.821, 24.22 W, 180 MHz, 31
1791409587.354, 24.21 W, 180 MHz, 31
1791409587.888, 24.21 W, 180 MHz, 31
1791409588.422, 24.12 W, 180 MHz, 31
1791409588.957, 24.12 W, 180 MHz, 31
1791409589.492, 24.12 W, 180 MHz, 31
1791409590.029, 24.12 W, 180 MHz, 31
1791409590.563, 24.09 W, 180 MHz, 31
1791409591.097, 24.09 W, 180 MHz, 31
1791409591.631, 24.06 W, 180 MHz, 31
1791409592.167, 24.06 W, 180 MHz, 31
1791409592.703, 24.02 W, 180 MHz, 31
1791409593.237, 24.02 W, 180 MHz, 31
1791409593.773, 23.97 W, 180 MHz, 31
1791409594.307, 23.97 W, 180 MHz, 31
1791409594.841, 24.00 W, 180 MHz, 31
1791409595.375, 23.99 W, 180 MHz, 31
1791409595.909, 23.99 W, 180 MHz, 31
1791409596.444, 24.09 W, 180 MHz, 31
1791409596.977, 24.09 W, 180 MHz, 31
1791409597.512, 24.13 W, 180 MHz, 31
1791409598.046, 24.13 W, 180 MHz, 31
1791409598.580, 24.13 W, 180 MHz, 31
1791409599.114, 24.13 W, 180 MHz, 31
1791409599.649, 24.05 W, 180 MHz, 31
1791409600.183, 24.05 W, 180 MHz, 31
1791409600.719, 24.03 W, 180 MHz, 31
1791409601.255, 24.03 W, 180 MHz, 31
1791409601.791, 24.02 W, 180 MHz, 31
1791409602.328, 24.02 W, 180 MHz, 31
1791409602.864, 24.01 W, 180 MHz, 31
1791409603.401, 24.03 W, 180 MHz, 31
1791409603.938, 24.03 W, 180 MHz, 31
1791409604.473, 24.06 W, 180 MHz, 31
1791409605.009, 24.06 W, 180 MHz, 31
1791409605.544, 24.06 W, 180 MHz, 31
1791409606.082, 24.06 W, 180 MHz, 31
1791409606.616, 24.04 W, 180 MHz, 31
1791409607.151, 24.04 W, 180 MHz, 31
1791409607.687, 24.04 W, 180 MHz, 31
1791409608.222, 24.04 W, 180 MHz, 31
1791409608.756, 24.04 W, 180 MHz, 31
1791409609.290, 24.04 W, 180 MHz, 31
1791409609.826, 24.10 W, 180 MHz, 31
1791409610.361, 24.15 W, 180 MHz, 31
1791409610.897, 24.15 W, 180 MHz, 31
1791409611.433, 24.15 W, 180 MHz, 31
1791409611.966, 24.15 W, 180 MHz, 31
1791409612.501, 24.17 W, 180 MHz, 31
1791409613.036, 24.17 W, 180 MHz, 31
1791409613.572, 24.10 W, 180 MHz, 31
1791409614.109, 24.10 W, 180 MHz, 31
1791409614.645, 24.04 W, 180 MHz, 31
1791409615.179, 24.04 W, 180 MHz, 31
1791409615.714, 24.11 W, 180 MHz, 31
1791409616.250, 24.11 W, 180 MHz, 31
1791409616.783, 24.11 W, 180 MHz, 31
1791409617.313, 25.85 W, 772 MHz, 31
1791409617.842, 237.17 W, 2490 MHz, 43
1791409618.371, 607.31 W, 2467 MHz, 47
1791409618.901, 599.54 W, 2460 MHz, 49
1791409619.432, 599.21 W, 2445 MHz, 50
1791409619.961, 599.55 W, 2452 MHz, 50
1791409620.493, 600.23 W, 2460 MHz, 51
1791409621.025, 600.53 W, 2445 MHz, 52
1791409621.556, 600.43 W, 2437 MHz, 51
1791409622.088, 598.47 W, 2452 MHz, 53
1791409622.618, 600.22 W, 2437 MHz, 53
1791409623.148, 600.35 W, 2437 MHz, 53
1791409623.679, 600.41 W, 2445 MHz, 54
1791409624.211, 598.60 W, 2430 MHz, 54
1791409624.742, 598.55 W, 2437 MHz, 54
1791409625.274, 599.83 W, 2445 MHz, 55
1791409625.809, 599.63 W, 2445 MHz, 56
1791409626.338, 598.56 W, 2437 MHz, 55
1791409626.870, 598.96 W, 2452 MHz, 56
1791409627.402, 599.66 W, 2460 MHz, 56
1791409627.934, 600.59 W, 2452 MHz, 56
1791409628.465, 599.90 W, 2437 MHz, 57
1791409628.997, 598.28 W, 2452 MHz, 58
1791409629.541, 598.73 W, 2452 MHz, 56
1791409630.075, 523.84 W, 2857 MHz, 52
1791409630.615, 451.92 W, 2857 MHz, 52
1791409631.143, 285.40 W, 2872 MHz, 45
1791409631.671, 162.68 W, 2880 MHz, 44
1791409632.200, 162.68 W, 2880 MHz, 43
1791409632.726, 102.67 W, 2880 MHz, 43
1791409633.253, 102.67 W, 2880 MHz, 42
1791409633.781, 81.41 W, 2610 MHz, 42
1791409634.309, 81.41 W, 2610 MHz, 42
1791409634.837, 81.24 W, 2610 MHz, 42
1791409635.369, 101.92 W, 2625 MHz, 41
1791409635.900, 313.09 W, 2467 MHz, 54
1791409636.429, 605.29 W, 2422 MHz, 57
1791409636.960, 598.64 W, 2430 MHz, 58
1791409637.491, 600.42 W, 2415 MHz, 58
1791409638.023, 599.37 W, 2415 MHz, 60
1791409638.554, 599.52 W, 2422 MHz, 60
1791409639.084, 598.64 W, 2422 MHz, 58
1791409639.615, 600.22 W, 2415 MHz, 61
1791409640.147, 600.10 W, 2422 MHz, 61
1791409640.676, 599.05 W, 2422 MHz, 59
1791409641.206, 598.40 W, 2415 MHz, 62
1791409641.738, 600.42 W, 2415 MHz, 62
1791409642.269, 600.70 W, 2415 MHz, 61
1791409642.800, 598.95 W, 2422 MHz, 62
1791409643.332, 598.31 W, 2400 MHz, 63
1791409643.862, 600.04 W, 2400 MHz, 63
1791409644.394, 600.43 W, 2415 MHz, 63
1791409644.927, 599.13 W, 2430 MHz, 64
1791409645.459, 599.22 W, 2422 MHz, 64
1791409645.990, 599.99 W, 2415 MHz, 64
1791409646.521, 598.86 W, 2422 MHz, 65
1791409647.052, 598.17 W, 2415 MHz, 65
1791409647.583, 598.21 W, 2422 MHz, 65
1791409648.115, 600.54 W, 2422 MHz, 65
1791409648.646, 599.90 W, 2400 MHz, 66
1791409649.178, 599.49 W, 2400 MHz, 66
1791409649.709, 600.60 W, 2415 MHz, 66
1791409650.239, 600.74 W, 2415 MHz, 66
1791409650.770, 599.80 W, 2422 MHz, 67
1791409651.300, 601.23 W, 2400 MHz, 67
1791409651.830, 599.78 W, 2415 MHz, 67
1791409652.360, 598.75 W, 2392 MHz, 68
1791409652.892, 598.31 W, 2400 MHz, 67
1791409653.425, 600.02 W, 2400 MHz, 68
1791409653.955, 598.50 W, 2407 MHz, 68
1791409654.488, 597.65 W, 2415 MHz, 68
1791409655.019, 599.86 W, 2415 MHz, 69
1791409655.553, 598.11 W, 2407 MHz, 69
1791409656.083, 598.03 W, 2415 MHz, 69
1791409656.615, 600.18 W, 2407 MHz, 69
1791409657.144, 599.50 W, 2415 MHz, 67
1791409657.675, 599.68 W, 2415 MHz, 70
1791409658.207, 600.50 W, 2400 MHz, 70
1791409658.737, 599.60 W, 2400 MHz, 70
1791409659.270, 599.62 W, 2385 MHz, 71
1791409659.800, 599.30 W, 2392 MHz, 71
1791409660.330, 598.40 W, 2392 MHz, 71
1791409660.863, 600.96 W, 2415 MHz, 71
1791409661.394, 598.42 W, 2392 MHz, 71
1791409661.926, 600.03 W, 2392 MHz, 71
1791409662.457, 601.14 W, 2385 MHz, 71
1791409662.989, 599.51 W, 2392 MHz, 72
1791409663.519, 599.83 W, 2377 MHz, 71
1791409664.052, 599.37 W, 2407 MHz, 72
1791409664.583, 599.59 W, 2392 MHz, 72
1791409665.114, 599.86 W, 2415 MHz, 72
1791409665.645, 599.89 W, 2392 MHz, 72
1791409666.176, 600.11 W, 2407 MHz, 72
1791409666.706, 599.21 W, 2392 MHz, 73
1791409667.237, 599.77 W, 2407 MHz, 74
1791409667.767, 599.65 W, 2392 MHz, 73
1791409668.298, 599.02 W, 2407 MHz, 74
1791409668.830, 600.73 W, 2385 MHz, 73
1791409669.361, 598.85 W, 2377 MHz, 73
1791409669.891, 599.35 W, 2385 MHz, 74
1791409670.422, 600.15 W, 2377 MHz, 74
1791409670.953, 599.80 W, 2385 MHz, 75
1791409671.484, 599.78 W, 2377 MHz, 73
1791409672.016, 599.64 W, 2377 MHz, 75
1791409672.547, 599.72 W, 2377 MHz, 75
1791409673.079, 599.44 W, 2385 MHz, 76
1791409673.609, 599.60 W, 2377 MHz, 75
1791409674.139, 600.59 W, 2370 MHz, 76
1791409674.670, 598.98 W, 2377 MHz, 76
1791409675.199, 598.75 W, 2377 MHz, 76
1791409675.732, 599.54 W, 2392 MHz, 77
1791409676.262, 599.39 W, 2392 MHz, 76
1791409676.793, 599.98 W, 2415 MHz, 77
1791409677.324, 599.52 W, 2392 MHz, 77
1791409677.856, 601.14 W, 2385 MHz, 76
1791409678.389, 599.84 W, 2415 MHz, 77
1791409678.920, 599.71 W, 2392 MHz, 77
1791409679.453, 600.02 W, 2400 MHz, 78
1791409679.986, 598.86 W, 2385 MHz, 78
1791409680.517, 599.60 W, 2385 MHz, 77
1791409681.047, 600.15 W, 2392 MHz, 77
1791409681.580, 599.67 W, 2377 MHz, 77
1791409682.111, 599.64 W, 2377 MHz, 78
1791409682.641, 599.24 W, 2370 MHz, 79
1791409683.173, 600.07 W, 2377 MHz, 79
1791409683.706, 599.88 W, 2400 MHz, 79
1791409684.237, 600.73 W, 2392 MHz, 79
1791409684.770, 599.37 W, 2392 MHz, 78
1791409685.301, 598.74 W, 2370 MHz, 79
1791409685.832, 599.48 W, 2400 MHz, 79
1791409686.363, 598.69 W, 2392 MHz, 79
1791409686.895, 600.08 W, 2385 MHz, 78
1791409687.427, 600.90 W, 2385 MHz, 78
1791409687.959, 599.46 W, 2407 MHz, 79
1791409688.490, 599.95 W, 2385 MHz, 80
1791409689.023, 568.72 W, 2677 MHz, 75
1791409689.557, 509.68 W, 2820 MHz, 75
1791409690.085, 408.85 W, 2850 MHz, 68
1791409690.613, 218.90 W, 2850 MHz, 66
1791409691.141, 177.39 W, 2850 MHz, 66
1791409691.669, 177.39 W, 2850 MHz, 66
1791409692.197, 121.26 W, 2850 MHz, 64
1791409692.724, 121.26 W, 2850 MHz, 64
1791409693.252, 99.17 W, 2610 MHz, 63
1791409693.779, 98.23 W, 2610 MHz, 63
1791409694.307, 98.23 W, 2610 MHz, 63
1791409694.838, 256.23 W, 2377 MHz, 73
1791409695.368, 559.22 W, 2325 MHz, 76
1791409695.898, 599.11 W, 2310 MHz, 77
1791409696.428, 600.13 W, 2325 MHz, 78
1791409696.958, 599.14 W, 2325 MHz, 78
1791409697.488, 599.83 W, 2332 MHz, 78
1791409698.018, 600.30 W, 2295 MHz, 76
1791409698.549, 600.27 W, 2325 MHz, 79
1791409699.080, 599.51 W, 2295 MHz, 79
1791409699.610, 600.99 W, 2295 MHz, 79
1791409700.140, 599.76 W, 2317 MHz, 77
1791409700.671, 598.86 W, 2317 MHz, 79
1791409701.200, 598.80 W, 2317 MHz, 80
1791409701.732, 600.53 W, 2287 MHz, 80
1791409702.263, 599.76 W, 2295 MHz, 80
1791409702.795, 598.68 W, 2310 MHz, 80
1791409703.324, 599.92 W, 2295 MHz, 80
1791409703.856, 599.79 W, 2302 MHz, 80
1791409704.386, 599.19 W, 2317 MHz, 80
1791409704.915, 600.39 W, 2325 MHz, 81
1791409705.445, 599.80 W, 2325 MHz, 81
1791409705.976, 599.23 W, 2325 MHz, 80
1791409706.507, 600.36 W, 2302 MHz, 81
1791409707.039, 599.76 W, 2310 MHz, 81
1791409707.568, 599.25 W, 2325 MHz, 81
1791409708.099, 600.44 W, 2325 MHz, 82
1791409708.631, 599.45 W, 2302 MHz, 82
1791409709.162, 599.33 W, 2317 MHz, 81
1791409709.693, 600.16 W, 2302 MHz, 82
1791409710.224, 600.00 W, 2302 MHz, 82
1791409710.754, 599.30 W, 2302 MHz, 82
1791409711.284, 599.76 W, 2302 MHz, 82
1791409711.814, 599.45 W, 2302 MHz, 82
1791409712.343, 600.79 W, 2325 MHz, 83
1791409712.873, 599.90 W, 2295 MHz, 83
1791409713.405, 600.66 W, 2302 MHz, 83
1791409713.935, 599.66 W, 2295 MHz, 80
1791409714.466, 600.00 W, 2302 MHz, 83
1791409714.997, 600.81 W, 2295 MHz, 83
1791409715.527, 599.72 W, 2302 MHz, 83
1791409716.057, 599.89 W, 2325 MHz, 83
1791409716.588, 599.40 W, 2317 MHz, 83
1791409717.120, 599.93 W, 2317 MHz, 83
1791409717.651, 599.83 W, 2317 MHz, 83
1791409718.183, 600.64 W, 2317 MHz, 84
1791409718.714, 599.82 W, 2317 MHz, 83
1791409719.247, 599.47 W, 2317 MHz, 83
1791409719.778, 598.86 W, 2317 MHz, 81
1791409720.309, 599.98 W, 2302 MHz, 84
1791409720.839, 600.35 W, 2295 MHz, 84
1791409721.371, 599.82 W, 2317 MHz, 84
1791409721.902, 600.35 W, 2302 MHz, 84
1791409722.433, 600.57 W, 2317 MHz, 85
1791409722.963, 599.65 W, 2302 MHz, 85
1791409723.494, 599.51 W, 2317 MHz, 85
1791409724.026, 599.76 W, 2325 MHz, 85
1791409724.556, 600.71 W, 2287 MHz, 85
1791409725.087, 599.62 W, 2302 MHz, 85
1791409725.619, 599.77 W, 2302 MHz, 85
1791409726.150, 599.88 W, 2325 MHz, 84
1791409726.684, 600.59 W, 2325 MHz, 84
1791409727.216, 599.85 W, 2325 MHz, 85
1791409727.750, 599.33 W, 2317 MHz, 85
1791409728.284, 598.72 W, 2310 MHz, 86
1791409728.815, 599.51 W, 2325 MHz, 85
1791409729.348, 600.54 W, 2325 MHz, 86
1791409729.880, 599.37 W, 2317 MHz, 86
1791409730.410, 599.33 W, 2302 MHz, 86
1791409730.940, 600.30 W, 2295 MHz, 86
1791409731.473, 599.76 W, 2295 MHz, 86
1791409732.003, 600.68 W, 2302 MHz, 85
1791409732.535, 599.01 W, 2317 MHz, 86
1791409733.068, 599.71 W, 2295 MHz, 86
1791409733.599, 599.49 W, 2295 MHz, 86
1791409734.129, 600.54 W, 2325 MHz, 86
1791409734.661, 600.17 W, 2317 MHz, 86
1791409735.193, 599.96 W, 2310 MHz, 86
1791409735.725, 600.15 W, 2302 MHz, 87
1791409736.258, 599.87 W, 2295 MHz, 87
1791409736.789, 600.22 W, 2317 MHz, 87
1791409737.321, 599.43 W, 2317 MHz, 85
1791409737.852, 599.92 W, 2310 MHz, 85
1791409738.381, 600.07 W, 2325 MHz, 87
1791409738.911, 599.20 W, 2332 MHz, 87
1791409739.440, 599.73 W, 2317 MHz, 87
1791409739.970, 600.23 W, 2310 MHz, 87
1791409740.501, 599.92 W, 2302 MHz, 86
1791409741.030, 598.66 W, 2332 MHz, 88
1791409741.560, 600.00 W, 2310 MHz, 87
1791409742.092, 599.22 W, 2317 MHz, 87
1791409742.626, 599.07 W, 2317 MHz, 88
1791409743.158, 599.36 W, 2302 MHz, 88
1791409743.688, 599.06 W, 2302 MHz, 88
1791409744.217, 599.74 W, 2325 MHz, 88
1791409744.749, 599.16 W, 2325 MHz, 88
1791409745.279, 599.68 W, 2302 MHz, 88
1791409745.810, 599.98 W, 2317 MHz, 88
1791409746.343, 599.92 W, 2310 MHz, 86
1791409746.876, 600.30 W, 2317 MHz, 87
1791409747.407, 599.57 W, 2340 MHz, 88
1791409747.939, 600.60 W, 2310 MHz, 88
1791409748.471, 599.86 W, 2310 MHz, 88
1791409749.005, 598.69 W, 2340 MHz, 88
1791409749.535, 600.03 W, 2310 MHz, 88
1791409750.068, 570.75 W, 2812 MHz, 84
1791409750.601, 531.79 W, 2812 MHz, 84
1791409751.128, 416.36 W, 2835 MHz, 77
1791409751.660, 208.40 W, 2835 MHz, 75
1791409752.191, 394.87 W, 2272 MHz, 87
1791409752.723, 581.24 W, 2257 MHz, 88
1791409753.254, 600.44 W, 2250 MHz, 88
1791409753.786, 599.56 W, 2250 MHz, 88
1791409754.317, 599.92 W, 2227 MHz, 86
1791409754.848, 599.95 W, 2242 MHz, 88
1791409755.380, 599.45 W, 2250 MHz, 88
1791409755.912, 599.80 W, 2242 MHz, 89
1791409756.445, 599.83 W, 2235 MHz, 88
1791409756.975, 599.38 W, 2250 MHz, 89
1791409757.506, 599.91 W, 2227 MHz, 88
1791409758.038, 600.17 W, 2227 MHz, 88
1791409758.569, 599.28 W, 2250 MHz, 88
1791409759.100, 599.90 W, 2250 MHz, 89
1791409759.632, 600.23 W, 2227 MHz, 89
1791409760.164, 599.11 W, 2242 MHz, 89
1791409760.695, 599.63 W, 2220 MHz, 89
1791409761.225, 599.14 W, 2220 MHz, 89
1791409761.756, 599.59 W, 2220 MHz, 89
1791409762.286, 599.76 W, 2235 MHz, 89
1791409762.818, 599.59 W, 2242 MHz, 89
1791409763.348, 600.90 W, 2257 MHz, 89
1791409763.878, 600.34 W, 2235 MHz, 89
1791409764.408, 599.91 W, 2257 MHz, 89
1791409764.940, 591.45 W, 2242 MHz, 89
1791409765.474, 554.68 W, 2812 MHz, 86
1791409766.003, 519.18 W, 2812 MHz, 85
1791409766.531, 334.44 W, 2835 MHz, 76
1791409767.064, 270.98 W, 2310 MHz, 87
1791409767.595, 509.17 W, 2235 MHz, 88
1791409768.126, 599.70 W, 2242 MHz, 89
1791409768.655, 600.01 W, 2242 MHz, 89
1791409769.187, 600.98 W, 2242 MHz, 89
1791409769.718, 599.45 W, 2227 MHz, 89
1791409770.248, 599.90 W, 2242 MHz, 89
1791409770.778, 600.73 W, 2212 MHz, 89
1791409771.310, 598.82 W, 2235 MHz, 89
1791409771.841, 599.79 W, 2220 MHz, 89
1791409772.371, 600.98 W, 2242 MHz, 89
1791409772.901, 600.26 W, 2212 MHz, 89
1791409773.431, 599.93 W, 2220 MHz, 90
1791409773.962, 600.11 W, 2212 MHz, 89
1791409774.494, 599.78 W, 2220 MHz, 89
1791409775.027, 600.69 W, 2227 MHz, 89
1791409775.557, 599.78 W, 2235 MHz, 90
1791409776.090, 599.55 W, 2212 MHz, 90
1791409776.621, 599.99 W, 2227 MHz, 90
1791409777.152, 599.34 W, 2227 MHz, 90
1791409777.684, 599.87 W, 2227 MHz, 90
1791409778.215, 600.25 W, 2220 MHz, 90
1791409778.746, 599.78 W, 2227 MHz, 90
1791409779.278, 599.86 W, 2220 MHz, 90
1791409779.809, 599.82 W, 2250 MHz, 90
1791409780.342, 578.21 W, 2812 MHz, 90
1791409780.874, 544.40 W, 2812 MHz, 86
1791409781.408, 494.90 W, 2812 MHz, 86
1791409781.941, 494.61 W, 2812 MHz, 85
1791409782.477, 518.11 W, 2812 MHz, 86
1791409783.011, 517.73 W, 2812 MHz, 86
1791409783.544, 517.43 W, 2812 MHz, 85
1791409784.078, 517.78 W, 2812 MHz, 85
1791409784.612, 517.43 W, 2812 MHz, 85
1791409785.145, 517.27 W, 2812 MHz, 85
1791409785.677, 516.39 W, 2812 MHz, 85
1791409786.211, 515.96 W, 2812 MHz, 85
1791409786.745, 515.62 W, 2812 MHz, 85
1791409787.279, 515.15 W, 2812 MHz, 85
1791409787.812, 515.34 W, 2812 MHz, 85
1791409788.344, 516.16 W, 2812 MHz, 85
1791409788.875, 516.07 W, 2812 MHz, 85
1791409789.407, 515.76 W, 2812 MHz, 85
1791409789.941, 514.91 W, 2812 MHz, 85
1791409790.473, 514.78 W, 2812 MHz, 85
1791409791.007, 515.57 W, 2812 MHz, 85
1791409791.539, 516.04 W, 2812 MHz, 85
1791409792.071, 515.46 W, 2812 MHz, 85
1791409792.604, 515.23 W, 2812 MHz, 85
1791409793.137, 515.50 W, 2812 MHz, 85
1791409793.669, 515.01 W, 2812 MHz, 85
1791409794.201, 515.05 W, 2812 MHz, 85
1791409794.733, 515.34 W, 2812 MHz, 85
1791409795.266, 515.17 W, 2812 MHz, 85
1791409795.798, 514.64 W, 2812 MHz, 85
1791409796.330, 514.69 W, 2812 MHz, 85
1791409796.862, 514.32 W, 2812 MHz, 85
1791409797.396, 514.39 W, 2812 MHz, 85
1791409797.927, 514.76 W, 2812 MHz, 85
1791409798.460, 514.07 W, 2812 MHz, 85
1791409798.993, 513.46 W, 2812 MHz, 85
1791409799.524, 513.46 W, 2812 MHz, 85
1791409800.055, 512.88 W, 2812 MHz, 84
1791409800.588, 512.69 W, 2812 MHz, 84
1791409801.120, 512.68 W, 2812 MHz, 84
1791409801.653, 512.78 W, 2812 MHz, 85
1791409802.186, 512.39 W, 2812 MHz, 85
1791409802.721, 512.13 W, 2812 MHz, 85
1791409803.253, 512.89 W, 2812 MHz, 85
1791409803.787, 512.25 W, 2812 MHz, 85
1791409804.320, 511.85 W, 2812 MHz, 84
1791409804.852, 511.57 W, 2812 MHz, 85
1791409805.385, 511.31 W, 2812 MHz, 84
1791409805.916, 511.29 W, 2812 MHz, 84
1791409806.450, 512.56 W, 2812 MHz, 84
1791409806.983, 513.69 W, 2812 MHz, 85
1791409807.515, 514.01 W, 2812 MHz, 84
1791409808.048, 513.84 W, 2812 MHz, 84
1791409808.581, 513.68 W, 2812 MHz, 84
1791409809.113, 513.48 W, 2812 MHz, 84
1791409809.644, 513.07 W, 2812 MHz, 84
1791409810.176, 511.36 W, 2812 MHz, 84
1791409810.711, 510.24 W, 2812 MHz, 84
1791409811.244, 511.32 W, 2812 MHz, 84
1791409811.776, 511.56 W, 2812 MHz, 84
1791409812.309, 511.73 W, 2812 MHz, 84
1791409812.843, 511.12 W, 2812 MHz, 84
1791409813.376, 510.91 W, 2812 MHz, 84
1791409813.912, 511.46 W, 2812 MHz, 84
1791409814.445, 511.96 W, 2812 MHz, 84
1791409814.979, 511.76 W, 2812 MHz, 84
1791409815.511, 510.91 W, 2812 MHz, 84
1791409816.044, 510.52 W, 2812 MHz, 84
1791409816.576, 511.39 W, 2812 MHz, 84
1791409817.107, 511.91 W, 2812 MHz, 84
1791409817.639, 511.69 W, 2812 MHz, 84
1791409818.171, 511.41 W, 2812 MHz, 84
1791409818.702, 511.42 W, 2812 MHz, 84
1791409819.232, 511.43 W, 2812 MHz, 84
1791409819.764, 512.17 W, 2812 MHz, 84
1791409820.296, 512.63 W, 2812 MHz, 84
1791409820.828, 512.30 W, 2812 MHz, 84
1791409821.362, 512.18 W, 2812 MHz, 84
1791409821.894, 511.93 W, 2812 MHz, 84
1791409822.426, 512.29 W, 2812 MHz, 84
1791409822.958, 512.99 W, 2812 MHz, 84
1791409823.492, 512.22 W, 2812 MHz, 84
1791409824.024, 511.85 W, 2812 MHz, 84
1791409824.557, 511.41 W, 2812 MHz, 84
1791409825.089, 511.56 W, 2812 MHz, 84
1791409825.623, 512.14 W, 2812 MHz, 85
1791409826.157, 512.89 W, 2812 MHz, 85
1791409826.690, 512.35 W, 2812 MHz, 84
1791409827.224, 511.76 W, 2812 MHz, 84
1791409827.756, 511.48 W, 2812 MHz, 85
1791409828.289, 511.88 W, 2812 MHz, 84
1791409828.823, 512.51 W, 2812 MHz, 84
1791409829.355, 512.51 W, 2812 MHz, 84
1791409829.888, 512.69 W, 2812 MHz, 85
1791409830.421, 512.83 W, 2812 MHz, 85
1791409830.954, 512.15 W, 2812 MHz, 85
1791409831.488, 511.84 W, 2812 MHz, 85
1791409832.018, 512.12 W, 2812 MHz, 85
1791409832.551, 512.50 W, 2812 MHz, 84
1791409833.082, 512.05 W, 2812 MHz, 84
1791409833.614, 511.20 W, 2812 MHz, 85
1791409834.146, 511.46 W, 2812 MHz, 85
1791409834.679, 512.23 W, 2812 MHz, 85
1791409835.210, 512.65 W, 2812 MHz, 85
1791409835.742, 513.01 W, 2812 MHz, 85
1791409836.276, 512.81 W, 2812 MHz, 84
1791409836.810, 512.43 W, 2812 MHz, 85
1791409837.342, 512.08 W, 2812 MHz, 85
1791409837.875, 512.00 W, 2812 MHz, 85
1791409838.407, 512.26 W, 2812 MHz, 85
1791409838.939, 512.75 W, 2812 MHz, 85
1791409839.471, 513.36 W, 2812 MHz, 85
1791409840.002, 513.11 W, 2812 MHz, 84
1791409840.534, 512.71 W, 2812 MHz, 85
1791409841.065, 512.53 W, 2812 MHz, 85
1791409841.596, 510.83 W, 2812 MHz, 85
1791409842.129, 510.79 W, 2812 MHz, 85
1791409842.660, 512.80 W, 2812 MHz, 85
1791409843.194, 513.41 W, 2812 MHz, 85
1791409843.727, 513.34 W, 2812 MHz, 85
1791409844.259, 512.59 W, 2812 MHz, 85
1791409844.793, 512.71 W, 2812 MHz, 85
1791409845.326, 513.14 W, 2812 MHz, 85
1791409845.859, 513.42 W, 2812 MHz, 85
1791409846.392, 513.33 W, 2812 MHz, 85
1791409846.924, 513.78 W, 2812 MHz, 85
1791409847.457, 514.22 W, 2812 MHz, 85
1791409847.989, 513.65 W, 2812 MHz, 85
1791409848.521, 513.72 W, 2812 MHz, 85
1791409849.056, 513.56 W, 2812 MHz, 85
1791409849.589, 513.12 W, 2812 MHz, 85
1791409850.122, 512.62 W, 2812 MHz, 85
1791409850.653, 512.71 W, 2812 MHz, 85
1791409851.185, 513.47 W, 2812 MHz, 85
1791409851.717, 513.65 W, 2812 MHz, 85
1791409852.251, 513.47 W, 2812 MHz, 85
1791409852.783, 513.72 W, 2812 MHz, 85
1791409853.315, 513.50 W, 2812 MHz, 85
1791409853.847, 513.49 W, 2812 MHz, 85
1791409854.380, 513.53 W, 2812 MHz, 85
1791409854.911, 514.19 W, 2812 MHz, 85
1791409855.441, 514.26 W, 2812 MHz, 85
1791409855.974, 513.67 W, 2812 MHz, 85
1791409856.509, 514.16 W, 2812 MHz, 85
1791409857.043, 514.24 W, 2812 MHz, 85
1791409857.576, 514.36 W, 2812 MHz, 85
1791409858.108, 513.66 W, 2812 MHz, 85
1791409858.642, 513.19 W, 2812 MHz, 85
1791409859.174, 512.74 W, 2812 MHz, 85
1791409859.709, 512.42 W, 2812 MHz, 85
1791409860.241, 512.98 W, 2812 MHz, 85
1791409860.774, 513.34 W, 2812 MHz, 85
1791409861.307, 513.52 W, 2812 MHz, 85
1791409861.840, 513.79 W, 2812 MHz, 85
1791409862.374, 513.91 W, 2812 MHz, 85
1791409862.907, 514.22 W, 2812 MHz, 85
1791409863.439, 514.72 W, 2812 MHz, 85
1791409863.971, 514.14 W, 2812 MHz, 85
1791409864.505, 513.70 W, 2812 MHz, 85
1791409865.038, 514.13 W, 2812 MHz, 85
1791409865.571, 514.47 W, 2812 MHz, 85
1791409866.103, 513.99 W, 2812 MHz, 85
1791409866.638, 514.27 W, 2812 MHz, 85
1791409867.173, 513.85 W, 2812 MHz, 85
1791409867.706, 513.86 W, 2812 MHz, 85
1791409868.241, 513.93 W, 2812 MHz, 85
1791409868.775, 513.48 W, 2812 MHz, 85
1791409869.307, 513.29 W, 2812 MHz, 85
1791409869.840, 513.45 W, 2812 MHz, 85
1791409870.373, 513.35 W, 2812 MHz, 85
1791409870.904, 513.65 W, 2812 MHz, 85
1791409871.435, 513.83 W, 2812 MHz, 85
1791409871.968, 513.54 W, 2812 MHz, 85
1791409872.501, 513.57 W, 2812 MHz, 85
1791409873.032, 512.46 W, 2812 MHz, 85
1791409873.567, 512.37 W, 2812 MHz, 85
1791409874.100, 513.98 W, 2812 MHz, 85
1791409874.632, 514.99 W, 2812 MHz, 85
1791409875.163, 515.62 W, 2812 MHz, 85
1791409875.695, 514.86 W, 2812 MHz, 85
1791409876.228, 515.41 W, 2812 MHz, 85
1791409876.760, 515.78 W, 2812 MHz, 85
1791409877.294, 515.59 W, 2812 MHz, 85
1791409877.827, 515.06 W, 2812 MHz, 85
1791409878.361, 515.00 W, 2812 MHz, 85
1791409878.893, 515.26 W, 2812 MHz, 85
1791409879.426, 515.38 W, 2812 MHz, 85
1791409879.957, 515.95 W, 2812 MHz, 85
1791409880.489, 515.77 W, 2812 MHz, 85
1791409881.020, 515.37 W, 2812 MHz, 86
1791409881.551, 516.06 W, 2812 MHz, 85
1791409882.083, 516.56 W, 2812 MHz, 86
1791409882.615, 516.18 W, 2812 MHz, 85
1791409883.148, 516.65 W, 2812 MHz, 86
1791409883.681, 516.85 W, 2812 MHz, 86
1791409884.214, 516.49 W, 2812 MHz, 86
1791409884.748, 516.21 W, 2812 MHz, 85
1791409885.284, 517.01 W, 2812 MHz, 86
1791409885.817, 517.42 W, 2812 MHz, 85
1791409886.352, 517.13 W, 2812 MHz, 85
1791409886.884, 516.43 W, 2812 MHz, 85
1791409887.419, 517.03 W, 2812 MHz, 85
1791409887.952, 517.34 W, 2812 MHz, 86
1791409888.485, 517.07 W, 2812 MHz, 86
1791409889.017, 516.49 W, 2812 MHz, 86
1791409889.548, 516.46 W, 2812 MHz, 86
1791409890.079, 516.32 W, 2812 MHz, 86
1791409890.612, 515.34 W, 2812 MHz, 85
1791409891.146, 515.20 W, 2812 MHz, 86
1791409891.677, 515.66 W, 2812 MHz, 85
1791409892.209, 516.59 W, 2812 MHz, 86
1791409892.741, 517.23 W, 2812 MHz, 86
1791409893.274, 517.62 W, 2812 MHz, 86
1791409893.807, 517.75 W, 2812 MHz, 86
1791409894.340, 516.55 W, 2812 MHz, 86
1791409894.873, 515.80 W, 2812 MHz, 86
1791409895.407, 516.22 W, 2812 MHz, 86
1791409895.939, 516.67 W, 2812 MHz, 86
1791409896.473, 516.92 W, 2812 MHz, 86
1791409897.007, 517.11 W, 2812 MHz, 86
1791409897.541, 517.35 W, 2812 MHz, 86
1791409898.074, 517.42 W, 2812 MHz, 86
1791409898.607, 516.95 W, 2812 MHz, 86
1791409899.138, 517.10 W, 2812 MHz, 86
1791409899.672, 517.32 W, 2812 MHz, 86
1791409900.205, 517.33 W, 2812 MHz, 86
1791409900.737, 517.59 W, 2812 MHz, 86
1791409901.273, 516.98 W, 2812 MHz, 86
1791409901.807, 516.99 W, 2812 MHz, 86
1791409902.341, 517.32 W, 2812 MHz, 86
1791409902.874, 517.52 W, 2812 MHz, 86
1791409903.408, 517.89 W, 2812 MHz, 86
1791409903.940, 516.61 W, 2812 MHz, 86
1791409904.472, 516.72 W, 2812 MHz, 86
1791409905.005, 517.52 W, 2812 MHz, 86
1791409905.538, 517.33 W, 2812 MHz, 86
1791409906.070, 517.38 W, 2812 MHz, 86
1791409906.606, 518.17 W, 2812 MHz, 86
1791409907.139, 518.55 W, 2812 MHz, 86
1791409907.671, 518.41 W, 2812 MHz, 86
1791409908.203, 517.92 W, 2812 MHz, 86
1791409908.737, 518.05 W, 2812 MHz, 86
1791409909.269, 518.28 W, 2812 MHz, 86
1791409909.803, 517.75 W, 2812 MHz, 86
1791409910.336, 517.24 W, 2812 MHz, 86
1791409910.867, 517.65 W, 2812 MHz, 86
1791409911.400, 518.54 W, 2812 MHz, 86
1791409911.932, 518.76 W, 2812 MHz, 86
1791409912.466, 518.63 W, 2812 MHz, 86
1791409912.999, 518.60 W, 2812 MHz, 86
1791409913.532, 518.73 W, 2812 MHz, 86
1791409914.066, 518.95 W, 2812 MHz, 86
1791409914.598, 519.49 W, 2812 MHz, 86
1791409915.129, 519.92 W, 2812 MHz, 86
1791409915.663, 519.90 W, 2812 MHz, 86
1791409916.196, 519.71 W, 2812 MHz, 86
1791409916.730, 519.37 W, 2812 MHz, 86
1791409917.262, 519.27 W, 2812 MHz, 86
1791409917.796, 519.32 W, 2812 MHz, 86
1791409918.329, 518.97 W, 2812 MHz, 86
1791409918.860, 519.34 W, 2812 MHz, 86
1791409919.392, 519.73 W, 2812 MHz, 86
1791409919.924, 519.42 W, 2812 MHz, 86
1791409920.457, 519.08 W, 2812 MHz, 86
1791409920.989, 518.36 W, 2812 MHz, 86
1791409921.523, 518.02 W, 2812 MHz, 86
1791409922.055, 518.10 W, 2812 MHz, 86
1791409922.586, 518.02 W, 2812 MHz, 86
1791409923.119, 518.08 W, 2812 MHz, 86
1791409923.651, 518.33 W, 2812 MHz, 86
1791409924.185, 518.72 W, 2812 MHz, 86
1791409924.717, 519.05 W, 2812 MHz, 86
1791409925.250, 518.90 W, 2812 MHz, 87
1791409925.782, 518.69 W, 2812 MHz, 86
1791409926.315, 518.58 W, 2812 MHz, 87
1791409926.846, 518.77 W, 2812 MHz, 86
1791409927.381, 518.50 W, 2812 MHz, 86
1791409927.914, 518.81 W, 2812 MHz, 86
1791409928.446, 518.80 W, 2812 MHz, 86
1791409928.977, 519.03 W, 2812 MHz, 87
1791409929.510, 519.20 W, 2812 MHz, 87
1791409930.042, 518.92 W, 2812 MHz, 87
1791409930.573, 518.62 W, 2812 MHz, 86
1791409931.106, 518.51 W, 2812 MHz, 86
1791409931.638, 518.98 W, 2812 MHz, 87
1791409932.172, 519.28 W, 2812 MHz, 87
1791409932.705, 518.60 W, 2812 MHz, 87
1791409933.239, 519.10 W, 2812 MHz, 87
1791409933.772, 519.65 W, 2812 MHz, 87
1791409934.306, 519.53 W, 2812 MHz, 87
1791409934.834, 427.54 W, 2827 MHz, 86
1791409935.361, 257.59 W, 2835 MHz, 78
1791409935.891, 189.54 W, 2835 MHz, 77
1791409936.421, 189.54 W, 2835 MHz, 77
1791409936.951, 137.35 W, 2662 MHz, 76
1791409937.480, 137.35 W, 2662 MHz, 76
1791409938.009, 111.19 W, 2610 MHz, 75
1791409938.539, 110.59 W, 2610 MHz, 75
1791409939.069, 110.59 W, 2610 MHz, 74
1791409939.598, 109.58 W, 2610 MHz, 73
1791409940.128, 109.58 W, 2610 MHz, 73
1791409940.656, 108.82 W, 2610 MHz, 73
1791409941.184, 108.82 W, 2610 MHz, 73
1791409941.713, 108.67 W, 2610 MHz, 72
1791409942.242, 108.67 W, 2610 MHz, 72
1791409942.771, 108.21 W, 2610 MHz, 72
1791409943.300, 108.21 W, 2610 MHz, 72
1791409943.830, 108.09 W, 2610 MHz, 71
1791409944.359, 108.09 W, 2610 MHz, 71
1791409944.888, 107.61 W, 2610 MHz, 71
1791409945.416, 107.61 W, 2610 MHz, 71
1791409945.946, 107.43 W, 2610 MHz, 70
1791409946.476, 107.43 W, 2610 MHz, 70
1791409947.005, 107.30 W, 2610 MHz, 70
1791409947.533, 106.80 W, 2610 MHz, 70
1791409948.061, 106.80 W, 2610 MHz, 69
1791409948.590, 106.63 W, 2610 MHz, 69
1791409949.119, 106.63 W, 2610 MHz, 69
1791409949.648, 106.14 W, 2610 MHz, 68
1791409950.177, 106.14 W, 2610 MHz, 68
1791409950.706, 105.80 W, 2610 MHz, 68
1791409951.237, 105.80 W, 2610 MHz, 68
1791409951.768, 100.14 W, 502 MHz, 67
1791409952.298, 100.14 W, 502 MHz, 67
1791409952.828, 67.05 W, 315 MHz, 66
1791409953.358, 67.05 W, 315 MHz, 66
1791409953.891, 66.02 W, 202 MHz, 66
1791409954.423, 66.02 W, 202 MHz, 66
1791409954.958, 50.37 W, 180 MHz, 65
1791409955.489, 50.37 W, 180 MHz, 65
1791409956.024, 48.41 W, 180 MHz, 65
1791409956.559, 45.95 W, 180 MHz, 64
1791409957.094, 45.95 W, 180 MHz, 64
1791409957.628, 44.78 W, 180 MHz, 64
1791409958.163, 44.78 W, 180 MHz, 64
1791409958.699, 44.62 W, 180 MHz, 63
1791409959.234, 44.62 W, 180 MHz, 63
1791409959.769, 44.26 W, 180 MHz, 63
1791409960.304, 44.26 W, 180 MHz, 63
1791409960.841, 44.18 W, 180 MHz, 63
1791409961.376, 44.18 W, 180 MHz, 63
1791409961.910, 43.92 W, 180 MHz, 62
1791409962.445, 43.92 W, 180 MHz, 62
1791409962.980, 43.62 W, 180 MHz, 62
1791409963.514, 43.62 W, 180 MHz, 62
1791409964.052, 43.24 W, 172 MHz, 61
1791409964.588, 42.80 W, 180 MHz, 61
1791409965.117, 42.80 W, 180 MHz, 61
1791409965.647, 48.84 W, 2197 MHz, 61
1791409966.178, 48.84 W, 2197 MHz, 61
1791409966.708, 54.07 W, 2197 MHz, 61
1791409967.238, 54.07 W, 2197 MHz, 61
1791409967.768, 53.93 W, 2197 MHz, 61
1791409968.300, 53.93 W, 2197 MHz, 61
1791409968.831, 53.58 W, 2197 MHz, 60
1791409969.362, 53.58 W, 2197 MHz, 60
1791409969.891, 53.43 W, 2197 MHz, 60
1791409970.422, 53.43 W, 2197 MHz, 60
1791409970.952, 53.24 W, 2197 MHz, 60
1791409971.482, 53.24 W, 2197 MHz, 60
1791409972.014, 53.15 W, 2197 MHz, 59
1791409972.543, 52.96 W, 2197 MHz, 59
1791409973.073, 52.96 W, 2197 MHz, 59
1791409973.603, 52.64 W, 2197 MHz, 59
1791409974.133, 52.64 W, 2197 MHz, 59
1791409974.663, 52.18 W, 2197 MHz, 59
1791409975.192, 52.18 W, 2197 MHz, 59
1791409975.722, 51.95 W, 2197 MHz, 58
1791409976.252, 51.95 W, 2197 MHz, 58
1791409976.782, 51.73 W, 2197 MHz, 58
1791409977.312, 51.73 W, 2197 MHz, 58
1791409977.842, 51.41 W, 2197 MHz, 58
1791409978.371, 51.41 W, 2197 MHz, 58
1791409978.901, 51.25 W, 2197 MHz, 58
1791409979.433, 51.25 W, 2197 MHz, 58
1791409979.962, 51.09 W, 2197 MHz, 57
1791409980.492, 51.09 W, 2197 MHz, 57
1791409981.023, 50.73 W, 2197 MHz, 57
1791409981.553, 50.71 W, 2197 MHz, 57
1791409982.083, 50.71 W, 2197 MHz, 57
1791409982.613, 50.26 W, 2197 MHz, 57
1791409983.144, 50.26 W, 2197 MHz, 57
1791409983.674, 50.28 W, 2197 MHz, 56
1791409984.203, 50.28 W, 2197 MHz, 56
1791409984.735, 50.47 W, 2197 MHz, 56
1791409985.264, 50.47 W, 2197 MHz, 56
1791409985.795, 50.31 W, 2197 MHz, 56
1791409986.325, 50.31 W, 2197 MHz, 56
1791409986.854, 50.18 W, 2197 MHz, 56
1791409987.386, 50.18 W, 2197 MHz, 56
1791409987.915, 49.93 W, 2197 MHz, 56
1791409988.446, 49.93 W, 2197 MHz, 56
1791409988.977, 49.61 W, 2197 MHz, 55
1791409989.506, 49.61 W, 2197 MHz, 55
1791409990.036, 49.58 W, 2197 MHz, 55
1791409990.567, 49.12 W, 2197 MHz, 55
1791409991.098, 49.12 W, 2197 MHz, 55
1791409991.630, 48.99 W, 2197 MHz, 55
1791409992.160, 48.99 W, 2197 MHz, 55
1791409992.689, 48.63 W, 2197 MHz, 55
1791409993.219, 48.63 W, 2197 MHz, 55
1791409993.750, 48.71 W, 2197 MHz, 54
1791409994.279, 48.71 W, 2197 MHz, 54
1791409994.810, 48.34 W, 2197 MHz, 54
1791409995.340, 48.34 W, 2197 MHz, 54
1791409995.871, 48.38 W, 2197 MHz, 54
1791409996.401, 48.38 W, 2197 MHz, 54
1791409996.930, 48.00 W, 2197 MHz, 54
1791409997.460, 48.00 W, 2197 MHz, 54
1791409997.992, 47.97 W, 2197 MHz, 54
1791409998.522, 47.97 W, 2197 MHz, 54
1791409999.053, 48.13 W, 2197 MHz, 53
1791409999.583, 47.94 W, 2197 MHz, 53
1791410000.113, 47.94 W, 2197 MHz, 53
1791410000.642, 47.62 W, 2197 MHz, 53
1791410001.172, 47.62 W, 2197 MHz, 53
1791410001.702, 47.49 W, 2197 MHz, 53
1791410002.231, 47.49 W, 2197 MHz, 53
1791410002.761, 47.38 W, 2197 MHz, 53
1791410003.292, 47.38 W, 2197 MHz, 53
1791410003.821, 47.25 W, 2197 MHz, 53
1791410004.351, 47.25 W, 2197 MHz, 53
1791410004.882, 47.06 W, 2197 MHz, 52
1791410005.412, 47.06 W, 2197 MHz, 52
1791410005.941, 46.81 W, 2197 MHz, 52
1791410006.473, 46.81 W, 2197 MHz, 52
1791410007.004, 46.82 W, 2197 MHz, 52
1791410007.533, 46.70 W, 2197 MHz, 52
1791410008.063, 46.70 W, 2197 MHz, 52
1791410008.593, 46.40 W, 2197 MHz, 52
1791410009.122, 46.40 W, 2197 MHz, 52
1791410009.652, 46.32 W, 2197 MHz, 52
1791410010.184, 46.32 W, 2197 MHz, 52
1791410010.715, 46.35 W, 2197 MHz, 51
1791410011.244, 46.35 W, 2197 MHz, 51
1791410011.775, 46.31 W, 2197 MHz, 51
1791410012.305, 46.31 W, 2197 MHz, 51
1791410012.836, 45.93 W, 2197 MHz, 51
1791410013.366, 45.93 W, 2197 MHz, 51
1791410013.896, 45.98 W, 2197 MHz, 51
1791410014.425, 45.98 W, 2197 MHz, 51
1791410014.956, 45.88 W, 2197 MHz, 51
1791410015.486, 45.88 W, 2197 MHz, 51
1791410016.016, 45.51 W, 2197 MHz, 51
1791410016.545, 45.57 W, 2197 MHz, 51
1791410017.075, 45.57 W, 2197 MHz, 51
1791410017.605, 45.94 W, 2197 MHz, 50
1791410018.134, 45.94 W, 2197 MHz, 50
1791410018.663, 45.61 W, 2197 MHz, 50
1791410019.192, 45.61 W, 2197 MHz, 50
1791410019.722, 45.52 W, 2197 MHz, 50
1791410020.252, 45.52 W, 2197 MHz, 50
1791410020.782, 45.49 W, 2197 MHz, 50
1791410021.312, 45.49 W, 2197 MHz, 50
1791410021.841, 45.44 W, 2197 MHz, 50
1791410022.372, 45.44 W, 2197 MHz, 50
1791410022.903, 45.61 W, 2197 MHz, 50
1791410023.433, 45.61 W, 2197 MHz, 50
1791410023.962, 45.27 W, 2197 MHz, 50
1791410024.493, 45.27 W, 2197 MHz, 50
1791410025.023, 45.17 W, 2197 MHz, 49
1791410025.553, 45.24 W, 2197 MHz, 49
1791410026.084, 45.24 W, 2197 MHz, 49
1791410026.614, 45.25 W, 2197 MHz, 49
1791410027.144, 45.25 W, 2197 MHz, 49
1791410027.673, 45.19 W, 2197 MHz, 49
1791410028.202, 45.19 W, 2197 MHz, 49
1791410028.734, 45.04 W, 2197 MHz, 49
1791410029.263, 45.04 W, 2197 MHz, 49
1791410029.792, 45.03 W, 2197 MHz, 49
1791410030.323, 45.03 W, 2197 MHz, 49
1791410030.854, 45.02 W, 2197 MHz, 49
1791410031.384, 45.02 W, 2197 MHz, 49
1791410031.914, 44.97 W, 2197 MHz, 49
1791410032.444, 44.97 W, 2197 MHz, 49
1791410032.975, 44.95 W, 2197 MHz, 49
1791410033.504, 44.95 W, 2197 MHz, 49
1791410034.034, 44.97 W, 2197 MHz, 48
1791410034.563, 44.93 W, 2197 MHz, 48
1791410035.093, 44.93 W, 2197 MHz, 48
1791410035.623, 44.97 W, 2197 MHz, 48
1791410036.153, 44.97 W, 2197 MHz, 48
1791410036.682, 44.83 W, 2197 MHz, 48
1791410037.212, 44.83 W, 2197 MHz, 48
1791410037.742, 44.86 W, 2197 MHz, 48
1791410038.272, 44.86 W, 2197 MHz, 48
1791410038.802, 44.99 W, 2197 MHz, 48
1791410039.332, 44.99 W, 2197 MHz, 48
1791410039.862, 44.89 W, 2197 MHz, 48
1791410040.392, 44.89 W, 2197 MHz, 48
1791410040.921, 44.86 W, 2197 MHz, 48
1791410041.451, 44.86 W, 2197 MHz, 48
1791410041.982, 44.85 W, 2197 MHz, 48
1791410042.512, 44.85 W, 2197 MHz, 48
1791410043.042, 44.85 W, 2197 MHz, 47
1791410043.573, 44.82 W, 2197 MHz, 47
1791410044.105, 44.82 W, 2197 MHz, 47
1791410044.635, 44.66 W, 2197 MHz, 47
1791410045.164, 44.66 W, 2197 MHz, 47
1791410045.694, 44.63 W, 2197 MHz, 47
1791410046.223, 44.63 W, 2197 MHz, 47
1791410046.753, 44.64 W, 2197 MHz, 47
1791410047.283, 44.64 W, 2197 MHz, 47
1791410047.813, 44.66 W, 2197 MHz, 47
1791410048.343, 44.66 W, 2197 MHz, 47
1791410048.873, 44.78 W, 2197 MHz, 47
1791410049.404, 44.78 W, 2197 MHz, 47
1791410049.935, 44.80 W, 2197 MHz, 47
1791410050.465, 44.80 W, 2197 MHz, 47
1791410050.994, 44.73 W, 2197 MHz, 47
1791410051.525, 44.73 W, 2197 MHz, 47
1791410052.055, 44.69 W, 2197 MHz, 47
1791410052.586, 44.74 W, 2197 MHz, 46
1791410053.116, 44.74 W, 2197 MHz, 46
1791410053.646, 44.71 W, 2197 MHz, 46
1791410054.175, 44.71 W, 2197 MHz, 46
1791410054.705, 44.65 W, 2197 MHz, 46
1791410055.233, 44.65 W, 2197 MHz, 46
1791410055.762, 118.22 W, 2197 MHz, 46
1791410056.293, 230.85 W, 2130 MHz, 58
1791410056.824, 505.72 W, 2130 MHz, 60
1791410057.354, 511.20 W, 2122 MHz, 61
1791410057.886, 509.71 W, 2122 MHz, 60
1791410058.417, 512.58 W, 2122 MHz, 62
1791410058.947, 513.74 W, 2122 MHz, 61
1791410059.479, 513.24 W, 2122 MHz, 62
1791410060.009, 515.19 W, 2122 MHz, 63
1791410060.539, 512.53 W, 2122 MHz, 63
1791410061.070, 512.08 W, 2122 MHz, 63
1791410061.601, 513.28 W, 2115 MHz, 64
1791410062.131, 513.00 W, 2122 MHz, 64
1791410062.664, 514.44 W, 2115 MHz, 64
1791410063.196, 514.76 W, 2122 MHz, 65
1791410063.728, 515.78 W, 2115 MHz, 65
1791410064.259, 517.74 W, 2115 MHz, 65
1791410064.788, 516.22 W, 2115 MHz, 65
1791410065.320, 516.33 W, 2130 MHz, 66
1791410065.851, 517.09 W, 2115 MHz, 66
1791410066.382, 513.99 W, 2130 MHz, 66
1791410066.914, 514.31 W, 2115 MHz, 67
1791410067.446, 512.57 W, 2130 MHz, 66
1791410067.979, 514.67 W, 2115 MHz, 66
1791410068.511, 514.09 W, 2130 MHz, 67
1791410069.041, 512.75 W, 2115 MHz, 67
1791410069.573, 431.77 W, 2190 MHz, 61
1791410070.106, 338.91 W, 2190 MHz, 60
1791410070.636, 240.69 W, 2197 MHz, 56
1791410071.164, 135.35 W, 2197 MHz, 55
1791410071.692, 114.24 W, 2197 MHz, 55
1791410072.221, 114.24 W, 2197 MHz, 55
1791410072.749, 81.84 W, 2197 MHz, 54
1791410073.276, 81.10 W, 2197 MHz, 54
1791410073.805, 81.10 W, 2197 MHz, 54
1791410074.332, 80.98 W, 2197 MHz, 54
1791410074.859, 80.58 W, 2197 MHz, 54
1791410075.390, 230.10 W, 2115 MHz, 60
1791410075.922, 319.08 W, 2122 MHz, 65
1791410076.454, 514.80 W, 2115 MHz, 66
1791410076.985, 516.14 W, 2122 MHz, 67
1791410077.516, 517.06 W, 2115 MHz, 67
1791410078.047, 520.26 W, 2115 MHz, 67
1791410078.580, 517.37 W, 2115 MHz, 68
1791410079.111, 520.16 W, 2115 MHz, 69
1791410079.642, 521.55 W, 2115 MHz, 69
1791410080.173, 519.36 W, 2122 MHz, 69
1791410080.704, 520.54 W, 2115 MHz, 68
1791410081.238, 519.95 W, 2122 MHz, 70
1791410081.769, 520.76 W, 2115 MHz, 68
1791410082.298, 522.46 W, 2107 MHz, 70
1791410082.830, 522.40 W, 2115 MHz, 69
1791410083.358, 523.58 W, 2115 MHz, 71
1791410083.891, 521.64 W, 2107 MHz, 69
1791410084.423, 524.22 W, 2107 MHz, 71
1791410084.955, 524.15 W, 2107 MHz, 70
1791410085.487, 521.04 W, 2115 MHz, 71
1791410086.018, 519.08 W, 2115 MHz, 70
1791410086.550, 519.45 W, 2115 MHz, 71
1791410087.080, 519.92 W, 2122 MHz, 71
1791410087.609, 518.70 W, 2115 MHz, 72
1791410088.143, 519.36 W, 2115 MHz, 72
1791410088.674, 519.27 W, 2115 MHz, 72
1791410089.207, 518.82 W, 2115 MHz, 73
1791410089.737, 521.11 W, 2107 MHz, 73
1791410090.266, 520.03 W, 2115 MHz, 73
1791410090.797, 521.30 W, 2115 MHz, 72
1791410091.327, 521.15 W, 2115 MHz, 73
1791410091.858, 520.57 W, 2115 MHz, 73
1791410092.388, 519.88 W, 2107 MHz, 72
1791410092.919, 521.77 W, 2115 MHz, 72
1791410093.449, 522.43 W, 2115 MHz, 73
1791410093.981, 521.59 W, 2107 MHz, 74
1791410094.511, 522.18 W, 2115 MHz, 74
1791410095.041, 523.95 W, 2107 MHz, 74
1791410095.571, 522.98 W, 2107 MHz, 75
1791410096.101, 522.83 W, 2115 MHz, 74
1791410096.631, 521.85 W, 2107 MHz, 73
1791410097.160, 522.77 W, 2122 MHz, 75
1791410097.689, 520.50 W, 2107 MHz, 73
1791410098.220, 520.65 W, 2115 MHz, 75
1791410098.750, 521.92 W, 2107 MHz, 75
1791410099.282, 521.91 W, 2107 MHz, 75
1791410099.815, 522.09 W, 2115 MHz, 75
1791410100.346, 520.84 W, 2107 MHz, 75
1791410100.877, 523.61 W, 2107 MHz, 76
1791410101.410, 522.91 W, 2115 MHz, 76
1791410101.942, 522.55 W, 2107 MHz, 76
1791410102.473, 523.05 W, 2115 MHz, 75
1791410103.004, 521.57 W, 2107 MHz, 76
1791410103.533, 522.44 W, 2107 MHz, 77
1791410104.063, 523.15 W, 2107 MHz, 77
1791410104.595, 523.71 W, 2115 MHz, 77
1791410105.125, 522.11 W, 2107 MHz, 76
1791410105.656, 522.87 W, 2122 MHz, 77
1791410106.189, 521.85 W, 2107 MHz, 77
1791410106.722, 521.87 W, 2107 MHz, 78
1791410107.254, 522.34 W, 2115 MHz, 77
1791410107.785, 520.45 W, 2107 MHz, 77
1791410108.319, 520.03 W, 2107 MHz, 78
1791410108.851, 521.29 W, 2122 MHz, 78
1791410109.382, 520.41 W, 2107 MHz, 78
1791410109.913, 522.86 W, 2107 MHz, 78
1791410110.445, 520.42 W, 2115 MHz, 78
1791410110.976, 522.05 W, 2107 MHz, 79
1791410111.507, 521.04 W, 2115 MHz, 78
1791410112.041, 522.65 W, 2115 MHz, 77
1791410112.571, 521.63 W, 2107 MHz, 78
1791410113.102, 521.54 W, 2107 MHz, 77
1791410113.632, 521.88 W, 2122 MHz, 79
1791410114.163, 520.69 W, 2107 MHz, 79
1791410114.693, 522.81 W, 2107 MHz, 79
1791410115.222, 522.95 W, 2115 MHz, 79
1791410115.752, 524.31 W, 2107 MHz, 79
1791410116.282, 524.02 W, 2107 MHz, 79
1791410116.813, 523.55 W, 2107 MHz, 78
1791410117.346, 523.63 W, 2115 MHz, 78
1791410117.879, 523.32 W, 2107 MHz, 80
1791410118.409, 523.56 W, 2107 MHz, 79
1791410118.942, 518.78 W, 2115 MHz, 79
1791410119.473, 521.31 W, 2107 MHz, 80
1791410120.003, 521.39 W, 2107 MHz, 79
1791410120.534, 519.87 W, 2115 MHz, 78
1791410121.065, 520.80 W, 2115 MHz, 79
1791410121.598, 519.50 W, 2107 MHz, 80
1791410122.129, 520.25 W, 2107 MHz, 80
1791410122.659, 522.07 W, 2115 MHz, 78
1791410123.192, 520.69 W, 2107 MHz, 80
1791410123.724, 520.08 W, 2107 MHz, 81
1791410124.255, 521.27 W, 2115 MHz, 80
1791410124.788, 522.57 W, 2107 MHz, 80
1791410125.320, 523.29 W, 2107 MHz, 81
1791410125.850, 523.49 W, 2107 MHz, 80
1791410126.383, 523.55 W, 2115 MHz, 81
1791410126.913, 521.59 W, 2107 MHz, 81
1791410127.446, 522.98 W, 2107 MHz, 81
1791410127.977, 521.97 W, 2115 MHz, 80
1791410128.508, 520.48 W, 2115 MHz, 81
1791410129.041, 522.24 W, 2115 MHz, 81
1791410129.572, 521.10 W, 2107 MHz, 81
1791410130.104, 521.00 W, 2107 MHz, 82
1791410130.635, 518.89 W, 2115 MHz, 82
1791410131.166, 516.90 W, 2107 MHz, 81
1791410131.699, 519.36 W, 2107 MHz, 82
1791410132.231, 518.47 W, 2115 MHz, 82
1791410132.762, 517.70 W, 2115 MHz, 81
1791410133.296, 515.83 W, 2107 MHz, 82
1791410133.830, 425.83 W, 2190 MHz, 75
1791410134.365, 337.64 W, 2190 MHz, 74
1791410134.893, 245.38 W, 2197 MHz, 72
1791410135.420, 143.41 W, 2197 MHz, 69
1791410135.949, 121.43 W, 2197 MHz, 69
1791410136.476, 91.29 W, 2197 MHz, 69
1791410137.004, 91.29 W, 2197 MHz, 68
1791410137.533, 90.57 W, 2197 MHz, 68
1791410138.062, 90.57 W, 2197 MHz, 67
1791410138.590, 89.50 W, 2197 MHz, 66
1791410139.121, 136.92 W, 2137 MHz, 76
1791410139.652, 373.24 W, 2100 MHz, 78
1791410140.183, 531.81 W, 2107 MHz, 79
1791410140.713, 535.71 W, 2100 MHz, 78
1791410141.243, 534.99 W, 2107 MHz, 80
1791410141.773, 535.62 W, 2100 MHz, 80
1791410142.305, 536.73 W, 2092 MHz, 80
1791410142.836, 536.00 W, 2092 MHz, 80
1791410143.369, 536.68 W, 2092 MHz, 80
1791410143.898, 537.85 W, 2092 MHz, 81
1791410144.431, 536.92 W, 2092 MHz, 79
1791410144.962, 537.40 W, 2092 MHz, 81
1791410145.493, 538.41 W, 2092 MHz, 80
1791410146.023, 539.82 W, 2092 MHz, 81
1791410146.553, 537.87 W, 2092 MHz, 80
1791410147.084, 539.10 W, 2100 MHz, 81
1791410147.614, 538.80 W, 2100 MHz, 81
1791410148.144, 539.40 W, 2100 MHz, 82
1791410148.674, 539.03 W, 2092 MHz, 81
1791410149.204, 538.70 W, 2100 MHz, 82
1791410149.733, 538.03 W, 2100 MHz, 79
1791410150.263, 534.82 W, 2100 MHz, 82
1791410150.793, 534.84 W, 2092 MHz, 82
1791410151.324, 534.84 W, 2092 MHz, 83
1791410151.854, 537.00 W, 2100 MHz, 82
1791410152.384, 537.48 W, 2100 MHz, 83
1791410152.914, 534.87 W, 2107 MHz, 82
1791410153.445, 537.40 W, 2100 MHz, 82
1791410153.976, 536.84 W, 2100 MHz, 82
1791410154.507, 535.36 W, 2092 MHz, 83
1791410155.038, 534.82 W, 2092 MHz, 82
1791410155.569, 536.42 W, 2100 MHz, 83
1791410156.102, 536.83 W, 2092 MHz, 83
1791410156.634, 536.91 W, 2092 MHz, 82
1791410157.165, 537.76 W, 2092 MHz, 83
1791410157.697, 536.61 W, 2092 MHz, 84
1791410158.228, 536.42 W, 2100 MHz, 83
1791410158.759, 538.00 W, 2092 MHz, 84
1791410159.291, 537.35 W, 2107 MHz, 84
1791410159.822, 537.55 W, 2100 MHz, 82
1791410160.354, 535.71 W, 2100 MHz, 84
1791410160.885, 535.98 W, 2107 MHz, 84
1791410161.420, 535.94 W, 2092 MHz, 84
1791410161.950, 536.46 W, 2100 MHz, 83
1791410162.481, 536.63 W, 2092 MHz, 83
1791410163.014, 535.27 W, 2092 MHz, 83
1791410163.544, 536.22 W, 2092 MHz, 84
1791410164.076, 535.78 W, 2100 MHz, 84
1791410164.607, 535.16 W, 2100 MHz, 84
1791410165.139, 536.49 W, 2107 MHz, 84
1791410165.672, 534.81 W, 2092 MHz, 84
1791410166.202, 535.29 W, 2092 MHz, 84
1791410166.733, 536.90 W, 2100 MHz, 84
1791410167.263, 536.25 W, 2100 MHz, 84
1791410167.794, 534.22 W, 2100 MHz, 84
1791410168.324, 536.92 W, 2107 MHz, 85
1791410168.855, 534.59 W, 2092 MHz, 85
1791410169.387, 535.99 W, 2092 MHz, 84
1791410169.920, 535.79 W, 2100 MHz, 84
1791410170.453, 535.19 W, 2092 MHz, 85
1791410170.984, 534.41 W, 2100 MHz, 85
1791410171.516, 535.21 W, 2092 MHz, 84
1791410172.047, 533.08 W, 2092 MHz, 85
1791410172.577, 533.45 W, 2092 MHz, 85
1791410173.108, 532.92 W, 2100 MHz, 85
1791410173.639, 533.03 W, 2100 MHz, 82
1791410174.169, 533.72 W, 2100 MHz, 85
1791410174.702, 532.64 W, 2100 MHz, 85
1791410175.234, 533.15 W, 2100 MHz, 84
1791410175.767, 532.83 W, 2100 MHz, 85
1791410176.299, 533.38 W, 2107 MHz, 86
1791410176.831, 533.83 W, 2092 MHz, 85
1791410177.362, 533.35 W, 2092 MHz, 86
1791410177.893, 533.76 W, 2107 MHz, 86
1791410178.422, 534.41 W, 2092 MHz, 86
1791410178.952, 535.06 W, 2092 MHz, 86
1791410179.483, 535.40 W, 2100 MHz, 85
1791410180.014, 537.22 W, 2100 MHz, 86
1791410180.545, 534.96 W, 2092 MHz, 86
1791410181.077, 535.87 W, 2092 MHz, 86
1791410181.609, 535.77 W, 2100 MHz, 85
1791410182.141, 534.64 W, 2100 MHz, 86
1791410182.673, 533.68 W, 2100 MHz, 86
1791410183.205, 532.90 W, 2100 MHz, 85
1791410183.736, 531.14 W, 2100 MHz, 86
1791410184.268, 531.93 W, 2092 MHz, 85
1791410184.802, 530.47 W, 2092 MHz, 85
1791410185.333, 531.26 W, 2107 MHz, 86
1791410185.865, 530.18 W, 2092 MHz, 86
1791410186.397, 531.35 W, 2092 MHz, 86
1791410186.928, 531.34 W, 2107 MHz, 85
1791410187.459, 531.60 W, 2092 MHz, 86
1791410187.991, 531.31 W, 2100 MHz, 86
1791410188.524, 533.27 W, 2100 MHz, 85
1791410189.053, 533.66 W, 2100 MHz, 86
1791410189.583, 532.07 W, 2100 MHz, 86
1791410190.115, 530.86 W, 2100 MHz, 86
1791410190.644, 533.31 W, 2100 MHz, 86
1791410191.176, 533.74 W, 2100 MHz, 86
1791410191.707, 531.82 W, 2100 MHz, 87
1791410192.240, 531.88 W, 2100 MHz, 85
1791410192.771, 529.17 W, 2107 MHz, 86
1791410193.302, 531.75 W, 2107 MHz, 86
1791410193.833, 533.05 W, 2100 MHz, 87
1791410194.364, 530.83 W, 2100 MHz, 87
1791410194.897, 530.31 W, 2100 MHz, 86
1791410195.428, 528.29 W, 2107 MHz, 87
1791410195.962, 528.15 W, 2092 MHz, 87
1791410196.493, 529.40 W, 2092 MHz, 86
1791410197.025, 530.79 W, 2100 MHz, 87
1791410197.558, 530.62 W, 2092 MHz, 86
1791410198.090, 452.22 W, 2190 MHz, 80
1791410198.622, 370.14 W, 2190 MHz, 79
1791410199.150, 274.35 W, 2197 MHz, 75
1791410199.683, 163.50 W, 2197 MHz, 74
1791410200.214, 319.79 W, 2085 MHz, 85
1791410200.745, 545.28 W, 2092 MHz, 83
1791410201.276, 545.99 W, 2085 MHz, 86
1791410201.807, 547.12 W, 2085 MHz, 86
1791410202.336, 547.51 W, 2077 MHz, 87
1791410202.868, 547.32 W, 2085 MHz, 86
1791410203.401, 546.91 W, 2085 MHz, 87
1791410203.931, 549.38 W, 2085 MHz, 86
1791410204.464, 549.99 W, 2085 MHz, 86
1791410204.994, 548.98 W, 2085 MHz, 87
1791410205.528, 547.79 W, 2077 MHz, 87
1791410206.059, 547.73 W, 2085 MHz, 85
1791410206.590, 549.34 W, 2092 MHz, 86
1791410207.121, 548.76 W, 2085 MHz, 87
1791410207.652, 550.56 W, 2092 MHz, 88
1791410208.182, 551.11 W, 2085 MHz, 87
1791410208.712, 549.88 W, 2092 MHz, 88
1791410209.242, 549.32 W, 2085 MHz, 86
1791410209.772, 549.21 W, 2085 MHz, 87
1791410210.302, 547.92 W, 2085 MHz, 87
1791410210.832, 546.10 W, 2085 MHz, 88
1791410211.362, 546.66 W, 2092 MHz, 88
1791410211.892, 547.29 W, 2085 MHz, 88
1791410212.423, 546.49 W, 2092 MHz, 88
1791410212.954, 547.27 W, 2085 MHz, 87
1791410213.490, 545.93 W, 2085 MHz, 88
1791410214.023, 457.17 W, 2190 MHz, 83
1791410214.557, 348.16 W, 2190 MHz, 80
1791410215.087, 256.67 W, 2197 MHz, 75
1791410215.617, 161.82 W, 2175 MHz, 80
1791410216.149, 392.62 W, 2092 MHz, 85
1791410216.682, 545.24 W, 2085 MHz, 87
1791410217.214, 546.66 W, 2085 MHz, 86
1791410217.747, 548.07 W, 2085 MHz, 87
1791410218.278, 548.85 W, 2085 MHz, 87
1791410218.807, 549.19 W, 2077 MHz, 87
1791410219.339, 548.87 W, 2077 MHz, 87
1791410219.870, 548.95 W, 2077 MHz, 88
1791410220.400, 549.66 W, 2077 MHz, 86
1791410220.931, 548.72 W, 2077 MHz, 88
1791410221.463, 550.04 W, 2077 MHz, 86
1791410221.993, 551.11 W, 2077 MHz, 87
1791410222.523, 550.93 W, 2077 MHz, 87
1791410223.055, 550.75 W, 2092 MHz, 88
1791410223.586, 550.79 W, 2077 MHz, 87
1791410224.116, 550.04 W, 2092 MHz, 89
1791410224.646, 552.06 W, 2077 MHz, 87
1791410225.179, 551.63 W, 2085 MHz, 88
1791410225.710, 552.12 W, 2077 MHz, 88
1791410226.243, 548.60 W, 2085 MHz, 89
1791410226.774, 548.03 W, 2077 MHz, 88
1791410227.306, 546.06 W, 2085 MHz, 89
1791410227.838, 545.45 W, 2092 MHz, 88
1791410228.370, 546.81 W, 2085 MHz, 88
1791410228.902, 547.03 W, 2085 MHz, 88
1791410229.434, 519.66 W, 2077 MHz, 89
1791410229.967, 429.68 W, 2190 MHz, 82
1791410230.500, 348.45 W, 2190 MHz, 81
1791410231.032, 329.68 W, 2190 MHz, 80
1791410231.565, 327.38 W, 2190 MHz, 80
1791410232.098, 338.27 W, 2190 MHz, 79
1791410232.631, 337.69 W, 2190 MHz, 79
1791410233.163, 336.70 W, 2190 MHz, 79
1791410233.695, 336.59 W, 2190 MHz, 79
1791410234.227, 336.71 W, 2190 MHz, 79
1791410234.759, 335.98 W, 2190 MHz, 78
1791410235.292, 335.47 W, 2190 MHz, 78
1791410235.823, 335.13 W, 2190 MHz, 78
1791410236.355, 334.25 W, 2190 MHz, 78
1791410236.888, 334.48 W, 2190 MHz, 78
1791410237.421, 334.10 W, 2190 MHz, 78
1791410237.955, 333.65 W, 2190 MHz, 78
1791410238.487, 334.02 W, 2190 MHz, 78
1791410239.020, 333.76 W, 2190 MHz, 77
1791410239.553, 333.09 W, 2190 MHz, 77
1791410240.086, 333.06 W, 2190 MHz, 77
1791410240.619, 332.60 W, 2190 MHz, 77
1791410241.153, 333.05 W, 2190 MHz, 77
1791410241.686, 332.85 W, 2190 MHz, 77
1791410242.216, 332.64 W, 2190 MHz, 77
1791410242.747, 332.23 W, 2190 MHz, 77
1791410243.278, 332.20 W, 2190 MHz, 76
1791410243.810, 332.71 W, 2190 MHz, 76
1791410244.344, 332.57 W, 2190 MHz, 76
1791410244.875, 332.29 W, 2190 MHz, 76
1791410245.406, 332.76 W, 2190 MHz, 76
1791410245.937, 332.14 W, 2190 MHz, 76
1791410246.471, 330.94 W, 2190 MHz, 76
1791410247.003, 330.88 W, 2190 MHz, 76
1791410247.536, 330.65 W, 2190 MHz, 76
1791410248.068, 330.02 W, 2190 MHz, 76
1791410248.601, 329.31 W, 2190 MHz, 75
1791410249.134, 329.37 W, 2190 MHz, 75
1791410249.667, 329.10 W, 2190 MHz, 75
1791410250.200, 328.75 W, 2190 MHz, 75
1791410250.732, 329.04 W, 2190 MHz, 75
1791410251.266, 328.53 W, 2190 MHz, 75
1791410251.799, 328.14 W, 2190 MHz, 75
1791410252.330, 327.80 W, 2190 MHz, 75
1791410252.863, 327.27 W, 2190 MHz, 75
1791410253.396, 326.97 W, 2190 MHz, 75
1791410253.928, 327.12 W, 2190 MHz, 75
1791410254.461, 327.00 W, 2190 MHz, 74
1791410254.993, 326.86 W, 2190 MHz, 75
1791410255.524, 326.73 W, 2190 MHz, 74
1791410256.055, 326.93 W, 2190 MHz, 74
1791410256.589, 326.93 W, 2190 MHz, 74
1791410257.121, 327.07 W, 2190 MHz, 74
1791410257.652, 327.23 W, 2190 MHz, 74
1791410258.186, 327.05 W, 2190 MHz, 74
1791410258.717, 326.73 W, 2190 MHz, 74
1791410259.249, 325.99 W, 2190 MHz, 74
1791410259.781, 326.01 W, 2190 MHz, 74
1791410260.314, 325.76 W, 2190 MHz, 74
1791410260.847, 325.76 W, 2190 MHz, 74
1791410261.381, 325.93 W, 2190 MHz, 74
1791410261.916, 325.19 W, 2190 MHz, 74
1791410262.450, 325.18 W, 2190 MHz, 74
1791410262.983, 325.87 W, 2190 MHz, 74
1791410263.517, 326.02 W, 2190 MHz, 73
1791410264.050, 325.29 W, 2190 MHz, 73
1791410264.582, 325.07 W, 2190 MHz, 73
1791410265.115, 326.09 W, 2190 MHz, 73
1791410265.648, 326.88 W, 2190 MHz, 73
1791410266.181, 326.78 W, 2190 MHz, 73
1791410266.716, 326.74 W, 2190 MHz, 73
1791410267.248, 326.51 W, 2190 MHz, 73
1791410267.780, 327.10 W, 2190 MHz, 73
1791410268.314, 326.80 W, 2190 MHz, 73
1791410268.848, 326.27 W, 2190 MHz, 73
1791410269.381, 325.81 W, 2190 MHz, 73
1791410269.914, 325.54 W, 2190 MHz, 73
1791410270.447, 326.00 W, 2190 MHz, 73
1791410270.981, 325.90 W, 2190 MHz, 73
1791410271.514, 325.46 W, 2190 MHz, 72
1791410272.047, 325.95 W, 2190 MHz, 72
1791410272.581, 325.74 W, 2190 MHz, 72
1791410273.116, 324.88 W, 2190 MHz, 72
1791410273.648, 324.48 W, 2190 MHz, 72
1791410274.181, 324.82 W, 2190 MHz, 72
1791410274.714, 325.75 W, 2190 MHz, 72
1791410275.246, 325.32 W, 2190 MHz, 72
1791410275.777, 324.88 W, 2190 MHz, 72
1791410276.311, 324.95 W, 2190 MHz, 72
1791410276.844, 324.67 W, 2190 MHz, 72
1791410277.377, 325.27 W, 2190 MHz, 72
1791410277.910, 325.41 W, 2190 MHz, 72
1791410278.441, 324.61 W, 2190 MHz, 72
1791410278.975, 325.14 W, 2190 MHz, 72
1791410279.509, 324.60 W, 2190 MHz, 72
1791410280.043, 323.75 W, 2190 MHz, 72
1791410280.575, 324.17 W, 2190 MHz, 72
1791410281.109, 324.30 W, 2190 MHz, 72
1791410281.643, 323.83 W, 2190 MHz, 72
1791410282.174, 323.20 W, 2190 MHz, 72
1791410282.706, 322.66 W, 2190 MHz, 72
1791410283.239, 322.49 W, 2190 MHz, 72
1791410283.772, 322.74 W, 2190 MHz, 72
1791410284.305, 322.28 W, 2190 MHz, 72
1791410284.836, 322.28 W, 2190 MHz, 71
1791410285.370, 322.74 W, 2190 MHz, 71
1791410285.903, 322.88 W, 2190 MHz, 71
1791410286.436, 322.35 W, 2190 MHz, 71
1791410286.966, 322.79 W, 2190 MHz, 71
1791410287.499, 322.42 W, 2190 MHz, 71
1791410288.033, 322.00 W, 2190 MHz, 71
1791410288.566, 322.47 W, 2190 MHz, 71
1791410289.099, 322.90 W, 2190 MHz, 71
1791410289.633, 322.50 W, 2190 MHz, 71
1791410290.167, 321.43 W, 2190 MHz, 71
1791410290.699, 321.37 W, 2190 MHz, 71
1791410291.231, 322.16 W, 2190 MHz, 71
1791410291.763, 322.22 W, 2190 MHz, 71
1791410292.294, 322.17 W, 2190 MHz, 71
1791410292.826, 322.07 W, 2190 MHz, 71
1791410293.360, 322.23 W, 2190 MHz, 71
1791410293.892, 321.98 W, 2190 MHz, 71
1791410294.426, 321.94 W, 2190 MHz, 71
1791410294.960, 321.61 W, 2190 MHz, 71
1791410295.493, 321.32 W, 2190 MHz, 71
1791410296.029, 321.38 W, 2190 MHz, 71
1791410296.563, 321.74 W, 2190 MHz, 71
1791410297.098, 321.59 W, 2190 MHz, 71
1791410297.630, 321.34 W, 2190 MHz, 71
1791410298.162, 320.30 W, 2190 MHz, 71
1791410298.696, 320.92 W, 2190 MHz, 71
1791410299.228, 322.75 W, 2190 MHz, 71
1791410299.762, 323.40 W, 2190 MHz, 71
1791410300.294, 323.14 W, 2190 MHz, 71
1791410300.828, 322.77 W, 2190 MHz, 71
1791410301.358, 323.27 W, 2190 MHz, 71
1791410301.891, 322.45 W, 2190 MHz, 70
1791410302.424, 322.55 W, 2190 MHz, 70
1791410302.956, 322.28 W, 2190 MHz, 70
1791410303.489, 322.20 W, 2190 MHz, 70
1791410304.022, 322.33 W, 2190 MHz, 70
1791410304.555, 321.93 W, 2190 MHz, 70
1791410305.088, 321.83 W, 2190 MHz, 70
1791410305.623, 322.49 W, 2190 MHz, 70
1791410306.157, 322.57 W, 2190 MHz, 70
1791410306.689, 321.98 W, 2190 MHz, 70
1791410307.223, 321.62 W, 2190 MHz, 70
1791410307.756, 322.28 W, 2190 MHz, 70
1791410308.289, 322.71 W, 2190 MHz, 70
1791410308.822, 322.49 W, 2190 MHz, 70
1791410309.355, 322.05 W, 2190 MHz, 70
1791410309.887, 321.57 W, 2190 MHz, 70
1791410310.419, 321.02 W, 2190 MHz, 70
1791410310.952, 321.86 W, 2190 MHz, 70
1791410311.486, 322.11 W, 2190 MHz, 70
1791410312.018, 321.46 W, 2190 MHz, 70
1791410312.551, 321.82 W, 2190 MHz, 70
1791410313.085, 322.16 W, 2190 MHz, 70
1791410313.618, 321.33 W, 2190 MHz, 70
1791410314.150, 321.03 W, 2190 MHz, 70
1791410314.682, 321.07 W, 2190 MHz, 70
1791410315.216, 320.51 W, 2190 MHz, 70
1791410315.749, 319.99 W, 2190 MHz, 70
1791410316.281, 319.91 W, 2190 MHz, 70
1791410316.813, 319.69 W, 2190 MHz, 70
1791410317.347, 319.70 W, 2190 MHz, 70
1791410317.879, 320.16 W, 2190 MHz, 70
1791410318.412, 319.97 W, 2190 MHz, 70
1791410318.945, 319.64 W, 2190 MHz, 70
1791410319.475, 319.26 W, 2190 MHz, 70
1791410320.009, 319.57 W, 2190 MHz, 70
1791410320.542, 319.11 W, 2190 MHz, 70
1791410321.075, 318.83 W, 2190 MHz, 70
1791410321.608, 318.81 W, 2190 MHz, 70
1791410322.140, 318.90 W, 2190 MHz, 70
1791410322.671, 319.42 W, 2190 MHz, 69
1791410323.203, 318.66 W, 2190 MHz, 70
1791410323.736, 318.03 W, 2190 MHz, 69
1791410324.271, 318.58 W, 2190 MHz, 69
1791410324.806, 319.05 W, 2190 MHz, 69
1791410325.339, 319.17 W, 2190 MHz, 70
1791410325.869, 319.08 W, 2190 MHz, 69
1791410326.401, 319.41 W, 2190 MHz, 69
1791410326.934, 318.74 W, 2190 MHz, 69
1791410327.465, 318.76 W, 2190 MHz, 69
1791410327.997, 318.93 W, 2190 MHz, 69
1791410328.528, 318.50 W, 2190 MHz, 69
1791410329.060, 318.01 W, 2190 MHz, 69
1791410329.590, 318.28 W, 2190 MHz, 69
1791410330.124, 318.97 W, 2190 MHz, 69
1791410330.658, 318.75 W, 2190 MHz, 69
1791410331.192, 316.95 W, 2190 MHz, 69
1791410331.724, 318.35 W, 2190 MHz, 69
1791410332.257, 320.25 W, 2190 MHz, 69
1791410332.789, 320.20 W, 2190 MHz, 69
1791410333.320, 320.10 W, 2190 MHz, 69
1791410333.852, 319.50 W, 2190 MHz, 69
1791410334.386, 320.35 W, 2190 MHz, 69
1791410334.919, 320.04 W, 2190 MHz, 69
1791410335.453, 319.44 W, 2190 MHz, 69
1791410335.985, 319.37 W, 2190 MHz, 69
1791410336.516, 319.40 W, 2190 MHz, 69
1791410337.049, 319.63 W, 2190 MHz, 69
1791410337.582, 319.16 W, 2190 MHz, 69
1791410338.115, 319.23 W, 2190 MHz, 69
1791410338.649, 319.77 W, 2190 MHz, 69
1791410339.182, 319.70 W, 2190 MHz, 69
1791410339.715, 319.27 W, 2190 MHz, 69
1791410340.248, 318.95 W, 2190 MHz, 69
1791410340.781, 319.63 W, 2190 MHz, 69
1791410341.315, 320.22 W, 2190 MHz, 69
1791410341.848, 319.43 W, 2190 MHz, 69
1791410342.380, 319.06 W, 2190 MHz, 69
1791410342.912, 318.95 W, 2190 MHz, 69
1791410343.445, 318.52 W, 2190 MHz, 69
1791410343.977, 319.14 W, 2190 MHz, 69
1791410344.508, 319.46 W, 2190 MHz, 69
1791410345.039, 318.94 W, 2190 MHz, 69
1791410345.574, 319.88 W, 2190 MHz, 69
1791410346.107, 319.13 W, 2190 MHz, 69
1791410346.640, 317.91 W, 2190 MHz, 69
1791410347.171, 318.28 W, 2190 MHz, 69
1791410347.705, 318.74 W, 2190 MHz, 69
1791410348.240, 318.51 W, 2190 MHz, 69
1791410348.773, 317.97 W, 2190 MHz, 69
1791410349.306, 317.53 W, 2190 MHz, 69
1791410349.838, 317.23 W, 2190 MHz, 69
1791410350.371, 317.63 W, 2190 MHz, 69
1791410350.903, 318.10 W, 2190 MHz, 69
1791410351.434, 317.47 W, 2190 MHz, 69
1791410351.966, 317.68 W, 2190 MHz, 69
1791410352.499, 318.34 W, 2190 MHz, 69
1791410353.030, 318.60 W, 2190 MHz, 69
1791410353.561, 318.13 W, 2190 MHz, 69
1791410354.091, 318.05 W, 2190 MHz, 69
1791410354.624, 317.97 W, 2190 MHz, 69
1791410355.156, 318.00 W, 2190 MHz, 69
1791410355.690, 318.48 W, 2190 MHz, 69
1791410356.223, 318.32 W, 2190 MHz, 69
1791410356.755, 317.96 W, 2190 MHz, 69
1791410357.288, 318.22 W, 2190 MHz, 68
1791410357.822, 318.11 W, 2190 MHz, 69
1791410358.356, 318.01 W, 2190 MHz, 68
1791410358.887, 317.56 W, 2190 MHz, 69
1791410359.422, 316.90 W, 2190 MHz, 68
1791410359.956, 316.52 W, 2190 MHz, 69
1791410360.489, 316.73 W, 2190 MHz, 69
1791410361.021, 316.56 W, 2190 MHz, 68
1791410361.553, 316.89 W, 2190 MHz, 68
1791410362.086, 317.17 W, 2190 MHz, 68
1791410362.619, 317.32 W, 2190 MHz, 68
1791410363.152, 317.74 W, 2190 MHz, 68
1791410363.686, 318.28 W, 2190 MHz, 68
1791410364.221, 318.47 W, 2190 MHz, 68
1791410364.754, 318.25 W, 2182 MHz, 68
1791410365.287, 318.94 W, 2190 MHz, 68
1791410365.819, 319.22 W, 2190 MHz, 68
1791410366.355, 318.85 W, 2190 MHz, 68
1791410366.887, 318.87 W, 2190 MHz, 68
1791410367.420, 318.91 W, 2190 MHz, 68
1791410367.953, 319.45 W, 2190 MHz, 68
1791410368.486, 319.20 W, 2190 MHz, 68
1791410369.018, 318.66 W, 2190 MHz, 68
1791410369.549, 318.43 W, 2190 MHz, 68
1791410370.083, 318.24 W, 2190 MHz, 68
1791410370.616, 318.54 W, 2190 MHz, 68
1791410371.146, 318.79 W, 2190 MHz, 68
1791410371.679, 319.01 W, 2190 MHz, 68
1791410372.212, 318.73 W, 2190 MHz, 68
1791410372.744, 318.40 W, 2190 MHz, 68
1791410373.275, 318.14 W, 2190 MHz, 68
1791410373.809, 318.30 W, 2190 MHz, 68
1791410374.342, 318.06 W, 2190 MHz, 68
1791410374.875, 318.80 W, 2190 MHz, 68
1791410375.407, 319.23 W, 2190 MHz, 68
1791410375.939, 318.24 W, 2190 MHz, 68
1791410376.473, 318.27 W, 2190 MHz, 68
1791410377.006, 318.47 W, 2190 MHz, 68
1791410377.537, 318.33 W, 2190 MHz, 68
1791410378.070, 318.33 W, 2190 MHz, 68
1791410378.603, 318.34 W, 2190 MHz, 68
1791410379.138, 318.13 W, 2190 MHz, 68
1791410379.672, 318.39 W, 2190 MHz, 68
1791410380.205, 317.98 W, 2190 MHz, 68
1791410380.737, 317.90 W, 2190 MHz, 68
1791410381.270, 318.45 W, 2190 MHz, 68
1791410381.804, 317.76 W, 2190 MHz, 68
1791410382.336, 317.62 W, 2190 MHz, 68
1791410382.869, 317.05 W, 2190 MHz, 68
1791410383.400, 316.67 W, 2190 MHz, 68
1791410383.933, 317.20 W, 2190 MHz, 68
1791410384.467, 317.03 W, 2190 MHz, 68
1791410385.000, 316.94 W, 2190 MHz, 68
1791410385.531, 317.12 W, 2190 MHz, 68
1791410386.063, 316.76 W, 2190 MHz, 68
1791410386.596, 316.60 W, 2190 MHz, 68
1791410387.130, 316.35 W, 2190 MHz, 68
1791410387.664, 316.45 W, 2190 MHz, 68
1791410388.198, 316.86 W, 2190 MHz, 68
1791410388.730, 317.27 W, 2190 MHz, 68
1791410389.263, 316.98 W, 2190 MHz, 68
1791410389.795, 316.37 W, 2190 MHz, 68
1791410390.327, 316.92 W, 2190 MHz, 68
1791410390.860, 316.93 W, 2190 MHz, 68
1791410391.393, 316.66 W, 2190 MHz, 68
1791410391.925, 316.28 W, 2190 MHz, 68
1791410392.457, 316.39 W, 2190 MHz, 68
1791410392.989, 316.83 W, 2190 MHz, 68
1791410393.522, 316.96 W, 2190 MHz, 68
1791410394.054, 317.04 W, 2190 MHz, 68
1791410394.585, 317.49 W, 2190 MHz, 68
1791410395.118, 317.51 W, 2190 MHz, 68
1791410395.651, 317.03 W, 2190 MHz, 68
1791410396.185, 317.11 W, 2190 MHz, 68
1791410396.716, 317.38 W, 2190 MHz, 68
1791410397.248, 317.00 W, 2190 MHz, 68
1791410397.778, 301.44 W, 2190 MHz, 68
1791410398.306, 185.56 W, 2197 MHz, 64
1791410398.836, 114.50 W, 2197 MHz, 63
1791410399.366, 114.50 W, 2197 MHz, 63
1791410399.895, 87.89 W, 2197 MHz, 63
1791410400.425, 87.89 W, 2197 MHz, 63
1791410400.955, 87.68 W, 2197 MHz, 63
1791410401.484, 87.68 W, 2197 MHz, 62
1791410402.014, 87.51 W, 2197 MHz, 62
1791410402.543, 87.51 W, 2197 MHz, 62
1791410403.074, 87.23 W, 2197 MHz, 62
1791410403.604, 87.23 W, 2197 MHz, 62
1791410404.133, 86.97 W, 2197 MHz, 61
1791410404.662, 86.77 W, 2197 MHz, 61
1791410405.193, 86.77 W, 2197 MHz, 61
1791410405.723, 86.69 W, 2197 MHz, 61
1791410406.252, 86.69 W, 2197 MHz, 61
1791410406.781, 86.37 W, 2197 MHz, 61
1791410407.311, 86.37 W, 2197 MHz, 60
1791410407.842, 86.07 W, 2197 MHz, 60
1791410408.372, 86.07 W, 2197 MHz, 60
1791410408.901, 86.01 W, 2197 MHz, 60
1791410409.430, 86.01 W, 2197 MHz, 60
1791410409.959, 85.98 W, 2197 MHz, 60
1791410410.489, 85.98 W, 2197 MHz, 60
1791410411.017, 85.93 W, 2197 MHz, 60
1791410411.548, 85.93 W, 2197 MHz, 59
1791410412.078, 85.74 W, 2197 MHz, 59
1791410412.607, 85.74 W, 2197 MHz, 59
1791410413.138, 85.59 W, 2197 MHz, 59
1791410413.669, 85.24 W, 2197 MHz, 59
1791410414.200, 85.24 W, 2197 MHz, 58
1791410414.729, 85.21 W, 2197 MHz, 58
1791410415.259, 85.21 W, 2197 MHz, 58
1791410415.788, 85.14 W, 2197 MHz, 58
1791410416.317, 85.14 W, 2197 MHz, 58
1791410416.847, 84.76 W, 2197 MHz, 58
1791410417.378, 84.76 W, 2197 MHz, 58
1791410417.909, 84.11 W, 2197 MHz, 58
1791410418.440, 84.11 W, 2197 MHz, 58
1791410418.970, 83.82 W, 2197 MHz, 58
1791410419.500, 83.82 W, 2197 MHz, 57
1791410420.030, 83.80 W, 2197 MHz, 57
1791410420.560, 83.80 W, 2197 MHz, 57
1791410421.091, 83.29 W, 2197 MHz, 57
1791410421.620, 83.29 W, 2197 MHz, 57
1791410422.148, 83.11 W, 2197 MHz, 57
1791410422.679, 82.71 W, 2197 MHz, 57
1791410423.207, 82.71 W, 2197 MHz, 57
1791410423.737, 82.64 W, 2197 MHz, 57
1791410424.267, 82.64 W, 2197 MHz, 56
1791410424.796, 82.49 W, 2197 MHz, 56
1791410425.324, 82.49 W, 2197 MHz, 56
1791410425.855, 82.14 W, 2197 MHz, 56
1791410426.385, 82.14 W, 2197 MHz, 56
1791410426.915, 82.14 W, 2197 MHz, 56
1791410427.443, 82.14 W, 2197 MHz, 56
1791410427.973, 82.19 W, 2197 MHz, 56
1791410428.502, 82.19 W, 2197 MHz, 56
1791410429.033, 79.15 W, 1897 MHz, 56
1791410429.563, 79.15 W, 1897 MHz, 55
1791410430.093, 75.21 W, 1897 MHz, 55
1791410430.624, 75.21 W, 1897 MHz, 55
1791410431.153, 75.43 W, 1897 MHz, 55
1791410431.683, 75.31 W, 1897 MHz, 55
1791410432.213, 75.31 W, 1897 MHz, 55
1791410432.743, 75.33 W, 1897 MHz, 55
1791410433.274, 75.33 W, 1897 MHz, 55
1791410433.804, 75.13 W, 1897 MHz, 55
1791410434.333, 75.13 W, 1897 MHz, 54
1791410434.864, 74.85 W, 1897 MHz, 54
1791410435.393, 74.85 W, 1897 MHz, 54
1791410435.923, 74.29 W, 1897 MHz, 54
1791410436.452, 74.29 W, 1897 MHz, 54
1791410436.982, 74.37 W, 1897 MHz, 54
1791410437.511, 74.37 W, 1897 MHz, 54
1791410438.040, 74.63 W, 1897 MHz, 54
1791410438.571, 74.63 W, 1897 MHz, 54
1791410439.100, 74.85 W, 1897 MHz, 54
1791410439.629, 74.61 W, 1897 MHz, 54
1791410440.160, 74.61 W, 1897 MHz, 53
1791410440.691, 74.06 W, 1897 MHz, 53
1791410441.221, 74.06 W, 1897 MHz, 53
1791410441.750, 74.23 W, 1897 MHz, 53
1791410442.280, 74.23 W, 1897 MHz, 53
1791410442.809, 73.96 W, 1897 MHz, 53
1791410443.339, 73.96 W, 1897 MHz, 53
1791410443.868, 73.71 W, 1897 MHz, 53
1791410444.397, 73.71 W, 1897 MHz, 53
1791410444.926, 73.58 W, 1897 MHz, 53
1791410445.454, 73.58 W, 1897 MHz, 53
1791410445.985, 73.42 W, 1897 MHz, 53
1791410446.514, 73.42 W, 1897 MHz, 53
1791410447.043, 73.37 W, 1897 MHz, 53
1791410447.573, 73.37 W, 1897 MHz, 52
1791410448.103, 73.11 W, 1897 MHz, 52
1791410448.634, 72.91 W, 1897 MHz, 52
1791410449.164, 72.91 W, 1897 MHz, 52
1791410449.693, 72.66 W, 1897 MHz, 52
1791410450.224, 72.66 W, 1897 MHz, 52
1791410450.753, 72.64 W, 1897 MHz, 52
1791410451.283, 72.64 W, 1897 MHz, 52
1791410451.812, 72.31 W, 1897 MHz, 52
1791410452.342, 72.31 W, 1897 MHz, 52
1791410452.872, 72.15 W, 1897 MHz, 52
1791410453.401, 72.15 W, 1897 MHz, 52
1791410453.931, 72.54 W, 1897 MHz, 52
1791410454.459, 72.54 W, 1897 MHz, 51
1791410454.989, 72.22 W, 1897 MHz, 51
1791410455.518, 72.22 W, 1897 MHz, 51
1791410456.048, 72.00 W, 1897 MHz, 51
1791410456.578, 72.00 W, 1897 MHz, 51
1791410457.107, 71.85 W, 1897 MHz, 51
1791410457.635, 71.45 W, 1897 MHz, 51
1791410458.165, 71.45 W, 1897 MHz, 51
1791410458.695, 71.42 W, 1897 MHz, 51
1791410459.225, 71.42 W, 1897 MHz, 51
1791410459.754, 71.28 W, 1897 MHz, 51
1791410460.285, 71.28 W, 1897 MHz, 51
1791410460.816, 71.40 W, 1897 MHz, 51
1791410461.347, 71.40 W, 1897 MHz, 51
1791410461.877, 71.07 W, 1897 MHz, 51
1791410462.406, 71.07 W, 1897 MHz, 51
1791410462.935, 71.18 W, 1897 MHz, 51
1791410463.465, 71.18 W, 1897 MHz, 50
1791410463.994, 71.19 W, 1897 MHz, 50
1791410464.524, 71.19 W, 1897 MHz, 50
1791410465.053, 70.57 W, 1897 MHz, 50
1791410465.582, 70.57 W, 1897 MHz, 50
1791410466.112, 70.76 W, 1897 MHz, 50
1791410466.642, 70.74 W, 1897 MHz, 50
1791410467.170, 70.74 W, 1897 MHz, 50
1791410467.699, 70.64 W, 1897 MHz, 50
1791410468.228, 70.64 W, 1897 MHz, 50
1791410468.758, 70.34 W, 1897 MHz, 50
1791410469.288, 70.34 W, 1897 MHz, 50
1791410469.818, 70.31 W, 1897 MHz, 50
1791410470.348, 70.31 W, 1897 MHz, 50
1791410470.878, 70.28 W, 1897 MHz, 50
1791410471.407, 70.28 W, 1897 MHz, 50
1791410471.935, 70.22 W, 1897 MHz, 50
1791410472.465, 70.22 W, 1897 MHz, 49
1791410472.995, 70.39 W, 1897 MHz, 49
1791410473.523, 70.39 W, 1897 MHz, 49
1791410474.053, 70.15 W, 1897 MHz, 49
1791410474.582, 70.15 W, 1897 MHz, 49
1791410475.112, 69.95 W, 1897 MHz, 49
1791410475.641, 69.86 W, 1897 MHz, 49
1791410476.171, 69.86 W, 1897 MHz, 49
1791410476.702, 69.76 W, 1897 MHz, 49
1791410477.231, 69.76 W, 1897 MHz, 49
1791410477.760, 69.90 W, 1897 MHz, 49
1791410478.289, 69.90 W, 1897 MHz, 49
1791410478.818, 69.78 W, 1897 MHz, 49
1791410479.347, 69.78 W, 1897 MHz, 49
1791410479.877, 69.76 W, 1897 MHz, 49
1791410480.407, 69.76 W, 1897 MHz, 49
1791410480.936, 69.54 W, 1897 MHz, 49
1791410481.466, 69.54 W, 1897 MHz, 49
1791410481.997, 69.47 W, 1897 MHz, 49
1791410482.525, 69.47 W, 1897 MHz, 49
1791410483.054, 69.40 W, 1897 MHz, 49
1791410483.583, 69.40 W, 1897 MHz, 49
1791410484.113, 69.36 W, 1897 MHz, 48
1791410484.643, 69.33 W, 1897 MHz, 48
1791410485.173, 69.33 W, 1897 MHz, 48
1791410485.701, 69.27 W, 1897 MHz, 48
1791410486.230, 69.27 W, 1897 MHz, 48
1791410486.760, 69.23 W, 1897 MHz, 48
1791410487.289, 69.23 W, 1897 MHz, 48
1791410487.819, 68.98 W, 1897 MHz, 48
1791410488.349, 68.98 W, 1897 MHz, 48
1791410488.879, 69.02 W, 1897 MHz, 48
1791410489.410, 69.02 W, 1897 MHz, 48
1791410489.939, 69.15 W, 1897 MHz, 48
1791410490.469, 69.15 W, 1897 MHz, 48
1791410490.999, 69.18 W, 1897 MHz, 48
1791410491.529, 69.18 W, 1897 MHz, 48
1791410492.058, 69.30 W, 1897 MHz, 48
1791410492.587, 69.30 W, 1897 MHz, 48
1791410493.116, 69.10 W, 1897 MHz, 48
1791410493.645, 69.03 W, 1897 MHz, 48
1791410494.175, 69.03 W, 1897 MHz, 48
1791410494.704, 68.90 W, 1897 MHz, 48
1791410495.235, 68.90 W, 1897 MHz, 48
1791410495.764, 68.68 W, 1897 MHz, 48
1791410496.294, 68.68 W, 1897 MHz, 47
1791410496.824, 68.67 W, 1897 MHz, 47
1791410497.353, 68.67 W, 1897 MHz, 47
1791410497.882, 68.69 W, 1897 MHz, 47
1791410498.411, 68.69 W, 1897 MHz, 47
1791410498.942, 68.74 W, 1897 MHz, 47
1791410499.471, 68.74 W, 1897 MHz, 47
1791410500.000, 68.66 W, 1897 MHz, 47
1791410500.530, 68.66 W, 1897 MHz, 47
1791410501.058, 68.74 W, 1897 MHz, 47
1791410501.589, 68.74 W, 1897 MHz, 47
1791410502.119, 68.74 W, 1897 MHz, 47
1791410502.649, 68.53 W, 1897 MHz, 47
1791410503.178, 68.53 W, 1897 MHz, 47
1791410503.706, 68.65 W, 1897 MHz, 47
1791410504.235, 68.65 W, 1897 MHz, 47
1791410504.764, 69.04 W, 1897 MHz, 47
1791410505.292, 69.04 W, 1897 MHz, 47
1791410505.821, 69.06 W, 1897 MHz, 47
1791410506.350, 69.06 W, 1897 MHz, 47
1791410506.879, 68.93 W, 1897 MHz, 47
1791410507.409, 68.93 W, 1897 MHz, 47
1791410507.939, 68.75 W, 1897 MHz, 47
1791410508.470, 68.75 W, 1897 MHz, 47
1791410509.000, 68.57 W, 1897 MHz, 47
1791410509.531, 68.57 W, 1897 MHz, 47
1791410510.059, 68.39 W, 1897 MHz, 47
1791410510.588, 68.39 W, 1897 MHz, 47
1791410511.119, 68.37 W, 1897 MHz, 47
1791410511.648, 68.23 W, 1897 MHz, 47
1791410512.178, 68.23 W, 1897 MHz, 46
1791410512.709, 68.29 W, 1897 MHz, 46
1791410513.238, 68.29 W, 1897 MHz, 46
1791410513.768, 68.19 W, 1897 MHz, 46
1791410514.298, 68.19 W, 1897 MHz, 46
1791410514.828, 67.97 W, 1897 MHz, 46
1791410515.360, 67.97 W, 1897 MHz, 46
1791410515.891, 68.00 W, 1897 MHz, 46
1791410516.421, 68.00 W, 1897 MHz, 46
1791410516.950, 68.00 W, 1897 MHz, 46
1791410517.478, 68.00 W, 1897 MHz, 46
1791410518.006, 68.13 W, 1897 MHz, 46
1791410518.535, 68.29 W, 1897 MHz, 46
1791410519.065, 196.97 W, 1875 MHz, 46
1791410519.597, 260.88 W, 1875 MHz, 57
1791410520.129, 443.18 W, 1875 MHz, 58
1791410520.660, 445.07 W, 1875 MHz, 59
1791410521.192, 446.08 W, 1875 MHz, 59
1791410521.724, 446.42 W, 1875 MHz, 59
1791410522.257, 446.40 W, 1875 MHz, 58
1791410522.788, 446.81 W, 1875 MHz, 58
1791410523.318, 447.20 W, 1875 MHz, 60
1791410523.848, 448.39 W, 1875 MHz, 60
1791410524.379, 447.48 W, 1875 MHz, 60
1791410524.908, 449.23 W, 1875 MHz, 61
1791410525.438, 448.52 W, 1882 MHz, 61
1791410525.968, 450.02 W, 1875 MHz, 61
1791410526.499, 450.61 W, 1875 MHz, 61
1791410527.028, 451.19 W, 1875 MHz, 61
1791410527.559, 452.09 W, 1875 MHz, 62
1791410528.090, 449.81 W, 1875 MHz, 62
1791410528.623, 452.23 W, 1882 MHz, 63
1791410529.155, 449.55 W, 1875 MHz, 63
1791410529.687, 452.37 W, 1875 MHz, 63
1791410530.217, 449.92 W, 1882 MHz, 63
1791410530.749, 449.01 W, 1875 MHz, 63
1791410531.281, 448.58 W, 1875 MHz, 63
1791410531.811, 448.85 W, 1875 MHz, 63
1791410532.342, 450.54 W, 1882 MHz, 64
1791410532.873, 449.86 W, 1875 MHz, 64
1791410533.405, 449.58 W, 1875 MHz, 63
1791410533.941, 378.97 W, 1890 MHz, 64
1791410534.474, 298.09 W, 1882 MHz, 58
1791410535.000, 264.05 W, 1882 MHz, 58
1791410535.528, 168.38 W, 1897 MHz, 55
1791410536.057, 111.00 W, 1897 MHz, 54
1791410536.584, 111.00 W, 1897 MHz, 53
1791410537.111, 73.29 W, 1897 MHz, 53
1791410537.639, 73.29 W, 1897 MHz, 53
1791410538.167, 72.93 W, 1897 MHz, 52
1791410538.695, 72.93 W, 1897 MHz, 52
1791410539.224, 72.52 W, 1897 MHz, 52
1791410539.753, 234.27 W, 1882 MHz, 62
1791410540.284, 423.56 W, 1875 MHz, 63
1791410540.817, 451.20 W, 1875 MHz, 63
1791410541.348, 452.53 W, 1875 MHz, 64
1791410541.881, 453.36 W, 1875 MHz, 64
1791410542.412, 454.23 W, 1875 MHz, 64
1791410542.943, 453.33 W, 1882 MHz, 65
1791410543.475, 455.73 W, 1875 MHz, 65
1791410544.006, 456.40 W, 1875 MHz, 65
1791410544.537, 455.80 W, 1875 MHz, 65
1791410545.068, 456.62 W, 1875 MHz, 66
1791410545.598, 454.46 W, 1875 MHz, 66
1791410546.127, 456.05 W, 1882 MHz, 66
1791410546.659, 455.41 W, 1875 MHz, 66
1791410547.190, 456.18 W, 1875 MHz, 67
1791410547.721, 457.00 W, 1875 MHz, 66
1791410548.254, 457.03 W, 1875 MHz, 66
1791410548.784, 457.47 W, 1875 MHz, 67
1791410549.316, 458.81 W, 1875 MHz, 67
1791410549.846, 457.01 W, 1875 MHz, 66
1791410550.377, 458.14 W, 1875 MHz, 67
1791410550.907, 457.16 W, 1882 MHz, 67
1791410551.438, 455.67 W, 1875 MHz, 68
1791410551.967, 455.23 W, 1875 MHz, 68
1791410552.497, 454.63 W, 1882 MHz, 68
1791410553.029, 456.04 W, 1875 MHz, 67
1791410553.559, 456.11 W, 1875 MHz, 67
1791410554.089, 456.21 W, 1875 MHz, 68
1791410554.619, 454.96 W, 1882 MHz, 69
1791410555.150, 455.03 W, 1875 MHz, 69
1791410555.681, 455.95 W, 1875 MHz, 68
1791410556.213, 456.60 W, 1882 MHz, 69
1791410556.745, 456.93 W, 1875 MHz, 69
1791410557.276, 456.96 W, 1875 MHz, 70
1791410557.808, 456.24 W, 1875 MHz, 70
1791410558.339, 456.89 W, 1882 MHz, 70
1791410558.869, 457.27 W, 1875 MHz, 69
1791410559.400, 457.47 W, 1875 MHz, 70
1791410559.931, 458.49 W, 1882 MHz, 69
1791410560.462, 457.16 W, 1875 MHz, 69
1791410560.993, 458.02 W, 1875 MHz, 70
1791410561.526, 459.45 W, 1882 MHz, 70
1791410562.058, 459.15 W, 1882 MHz, 70
1791410562.588, 458.28 W, 1875 MHz, 70
1791410563.118, 454.84 W, 1875 MHz, 71
1791410563.648, 455.64 W, 1875 MHz, 71
1791410564.179, 457.73 W, 1882 MHz, 71
1791410564.710, 456.18 W, 1875 MHz, 70
1791410565.240, 457.50 W, 1875 MHz, 70
1791410565.770, 455.59 W, 1882 MHz, 71
1791410566.302, 456.72 W, 1882 MHz, 69
1791410566.833, 458.87 W, 1882 MHz, 72
1791410567.363, 457.28 W, 1875 MHz, 70
1791410567.894, 458.86 W, 1875 MHz, 72
1791410568.426, 459.01 W, 1882 MHz, 72
1791410568.959, 457.51 W, 1875 MHz, 72
1791410569.492, 459.79 W, 1875 MHz, 72
1791410570.025, 459.30 W, 1882 MHz, 70
1791410570.556, 457.68 W, 1875 MHz, 71
1791410571.086, 457.76 W, 1882 MHz, 73
1791410571.618, 459.16 W, 1875 MHz, 72
1791410572.147, 459.32 W, 1875 MHz, 72
1791410572.678, 457.92 W, 1882 MHz, 72
1791410573.209, 458.65 W, 1882 MHz, 73
1791410573.740, 460.05 W, 1875 MHz, 72
1791410574.270, 459.43 W, 1875 MHz, 73
1791410574.799, 456.90 W, 1875 MHz, 73
1791410575.329, 457.08 W, 1882 MHz, 73
1791410575.861, 457.21 W, 1882 MHz, 73
1791410576.393, 456.38 W, 1875 MHz, 73
1791410576.925, 456.26 W, 1875 MHz, 72
1791410577.455, 457.51 W, 1882 MHz, 73
1791410577.985, 457.03 W, 1882 MHz, 74
1791410578.517, 458.10 W, 1875 MHz, 73
1791410579.048, 458.61 W, 1882 MHz, 74
1791410579.580, 456.02 W, 1875 MHz, 74
1791410580.111, 457.57 W, 1875 MHz, 74
1791410580.642, 458.65 W, 1882 MHz, 73
1791410581.175, 456.83 W, 1882 MHz, 74
1791410581.706, 457.64 W, 1875 MHz, 74
1791410582.238, 459.06 W, 1875 MHz, 75
1791410582.769, 460.15 W, 1882 MHz, 74
1791410583.300, 459.84 W, 1875 MHz, 74
1791410583.832, 460.52 W, 1882 MHz, 74
1791410584.364, 460.27 W, 1882 MHz, 75
1791410584.895, 460.17 W, 1875 MHz, 73
1791410585.428, 461.23 W, 1875 MHz, 75
1791410585.960, 461.39 W, 1882 MHz, 75
1791410586.489, 458.78 W, 1882 MHz, 75
1791410587.021, 459.35 W, 1875 MHz, 74
1791410587.551, 456.90 W, 1875 MHz, 75
1791410588.084, 456.71 W, 1875 MHz, 75
1791410588.617, 455.37 W, 1875 MHz, 74
1791410589.150, 456.14 W, 1882 MHz, 74
1791410589.681, 456.29 W, 1882 MHz, 75
1791410590.212, 456.15 W, 1875 MHz, 74
1791410590.743, 457.60 W, 1875 MHz, 75
1791410591.272, 456.99 W, 1875 MHz, 76
1791410591.803, 456.64 W, 1875 MHz, 73
1791410592.334, 456.80 W, 1875 MHz, 75
1791410592.866, 458.78 W, 1882 MHz, 75
1791410593.397, 458.55 W, 1882 MHz, 75
1791410593.928, 457.94 W, 1875 MHz, 75
1791410594.460, 458.40 W, 1875 MHz, 75
1791410594.992, 457.64 W, 1875 MHz, 76
1791410595.525, 457.97 W, 1882 MHz, 76
1791410596.056, 458.97 W, 1875 MHz, 75
1791410596.589, 458.99 W, 1882 MHz, 75
1791410597.120, 457.22 W, 1882 MHz, 77
1791410597.652, 457.25 W, 1875 MHz, 74
1791410598.182, 457.54 W, 1875 MHz, 76
1791410598.715, 458.03 W, 1875 MHz, 76
1791410599.246, 456.57 W, 1882 MHz, 76
1791410599.777, 456.21 W, 1882 MHz, 77
1791410600.309, 454.99 W, 1875 MHz, 77
1791410600.841, 453.49 W, 1882 MHz, 75
1791410601.371, 454.77 W, 1882 MHz, 77
1791410601.902, 454.24 W, 1875 MHz, 77
1791410602.433, 454.82 W, 1875 MHz, 76
1791410602.964, 456.59 W, 1875 MHz, 77
1791410603.516, 441.43 W, 1875 MHz, 76
1791410604.050, 359.23 W, 1890 MHz, 71
1791410604.584, 302.51 W, 1890 MHz, 71
1791410605.115, 227.52 W, 1897 MHz, 66
1791410605.643, 110.29 W, 1897 MHz, 66
1791410606.171, 110.29 W, 1897 MHz, 66
1791410606.699, 86.12 W, 1897 MHz, 65
1791410607.226, 86.12 W, 1897 MHz, 65
1791410607.754, 85.78 W, 1897 MHz, 64
1791410608.281, 85.78 W, 1897 MHz, 64
1791410608.809, 84.97 W, 1897 MHz, 64
1791410609.340, 134.84 W, 1882 MHz, 64
1791410609.871, 313.47 W, 1875 MHz, 73
1791410610.401, 468.49 W, 1875 MHz, 75
1791410610.932, 468.63 W, 1882 MHz, 75
1791410611.463, 470.61 W, 1875 MHz, 76
1791410611.994, 471.03 W, 1875 MHz, 75
1791410612.524, 471.38 W, 1875 MHz, 76
1791410613.054, 473.02 W, 1875 MHz, 76
1791410613.584, 471.02 W, 1875 MHz, 76
1791410614.113, 472.59 W, 1882 MHz, 76
1791410614.643, 471.49 W, 1875 MHz, 76
1791410615.174, 471.68 W, 1875 MHz, 76
1791410615.705, 471.62 W, 1875 MHz, 76
1791410616.238, 472.16 W, 1875 MHz, 77
1791410616.767, 472.89 W, 1875 MHz, 76
1791410617.298, 474.51 W, 1882 MHz, 76
1791410617.825, 474.86 W, 1875 MHz, 77
1791410618.356, 476.01 W, 1875 MHz, 77
1791410618.888, 475.20 W, 1882 MHz, 77
1791410619.418, 475.24 W, 1875 MHz, 77
1791410619.948, 476.32 W, 1875 MHz, 77
1791410620.477, 474.37 W, 1875 MHz, 78
1791410621.007, 472.46 W, 1875 MHz, 76
1791410621.537, 471.31 W, 1875 MHz, 77
1791410622.067, 471.67 W, 1875 MHz, 77
1791410622.596, 473.06 W, 1875 MHz, 77
1791410623.128, 472.09 W, 1875 MHz, 78
1791410623.658, 472.18 W, 1875 MHz, 77
1791410624.188, 470.66 W, 1875 MHz, 78
1791410624.721, 471.54 W, 1875 MHz, 78
1791410625.252, 472.80 W, 1875 MHz, 77
1791410625.784, 472.68 W, 1875 MHz, 78
1791410626.315, 472.24 W, 1875 MHz, 78
1791410626.846, 471.96 W, 1875 MHz, 77
1791410627.377, 473.32 W, 1875 MHz, 78
1791410627.907, 473.65 W, 1882 MHz, 78
1791410628.437, 473.61 W, 1875 MHz, 78
1791410628.967, 472.52 W, 1875 MHz, 78
1791410629.499, 471.25 W, 1882 MHz, 79
1791410630.029, 473.42 W, 1875 MHz, 79
1791410630.559, 474.41 W, 1875 MHz, 79
1791410631.089, 472.78 W, 1875 MHz, 79
1791410631.618, 473.87 W, 1882 MHz, 79
1791410632.148, 471.32 W, 1875 MHz, 79
1791410632.678, 472.41 W, 1875 MHz, 79
1791410633.208, 471.12 W, 1875 MHz, 78
1791410633.738, 470.87 W, 1875 MHz, 79
1791410634.267, 472.22 W, 1875 MHz, 79
1791410634.797, 472.58 W, 1875 MHz, 80
1791410635.326, 471.16 W, 1875 MHz, 79
1791410635.855, 470.32 W, 1882 MHz, 79
1791410636.384, 470.48 W, 1875 MHz, 80
1791410636.913, 471.62 W, 1875 MHz, 79
1791410637.444, 472.14 W, 1875 MHz, 79
1791410637.975, 470.73 W, 1875 MHz, 80
1791410638.506, 470.12 W, 1875 MHz, 80
1791410639.037, 470.57 W, 1875 MHz, 79
1791410639.570, 470.37 W, 1875 MHz, 79
1791410640.101, 472.33 W, 1875 MHz, 80
1791410640.631, 468.62 W, 1875 MHz, 80
1791410641.160, 470.09 W, 1875 MHz, 80
1791410641.690, 473.53 W, 1875 MHz, 79
1791410642.224, 471.30 W, 1882 MHz, 80
1791410642.754, 469.65 W, 1875 MHz, 78
1791410643.287, 471.33 W, 1875 MHz, 79
1791410643.819, 472.11 W, 1875 MHz, 80
1791410644.349, 471.47 W, 1875 MHz, 80
1791410644.882, 470.69 W, 1882 MHz, 80
1791410645.411, 469.96 W, 1875 MHz, 81
1791410645.941, 470.58 W, 1875 MHz, 80
1791410646.471, 469.95 W, 1875 MHz, 79
1791410647.001, 469.82 W, 1882 MHz, 80
1791410647.531, 469.98 W, 1875 MHz, 81
1791410648.063, 470.54 W, 1882 MHz, 80
1791410648.596, 471.23 W, 1875 MHz, 81
1791410649.128, 469.34 W, 1875 MHz, 81
1791410649.659, 470.60 W, 1875 MHz, 81
1791410650.193, 470.46 W, 1882 MHz, 81
1791410650.725, 468.83 W, 1875 MHz, 80
1791410651.256, 470.92 W, 1875 MHz, 81
1791410651.786, 470.27 W, 1875 MHz, 81
1791410652.319, 469.71 W, 1875 MHz, 81
1791410652.850, 472.98 W, 1875 MHz, 81
1791410653.383, 472.24 W, 1882 MHz, 81
1791410653.914, 469.82 W, 1875 MHz, 81
1791410654.445, 472.45 W, 1875 MHz, 81
1791410654.975, 472.01 W, 1875 MHz, 81
1791410655.507, 472.55 W, 1882 MHz, 80
1791410656.037, 470.83 W, 1875 MHz, 82
1791410656.566, 470.67 W, 1882 MHz, 80
1791410657.095, 469.82 W, 1875 MHz, 80
1791410657.625, 467.83 W, 1875 MHz, 81
1791410658.157, 467.93 W, 1875 MHz, 82
1791410658.689, 468.08 W, 1882 MHz, 81
1791410659.220, 466.74 W, 1882 MHz, 82
1791410659.750, 467.49 W, 1875 MHz, 81
1791410660.283, 468.33 W, 1875 MHz, 81
1791410660.815, 467.31 W, 1875 MHz, 82
1791410661.347, 466.95 W, 1875 MHz, 80
1791410661.877, 468.38 W, 1875 MHz, 81
1791410662.408, 467.68 W, 1882 MHz, 81
1791410662.940, 468.00 W, 1875 MHz, 81
1791410663.470, 468.20 W, 1875 MHz, 82
1791410664.001, 469.79 W, 1875 MHz, 81
1791410664.533, 468.79 W, 1875 MHz, 82
1791410665.063, 467.65 W, 1875 MHz, 81
1791410665.593, 470.05 W, 1875 MHz, 82
1791410666.122, 471.33 W, 1882 MHz, 81
1791410666.652, 469.22 W, 1875 MHz, 81
1791410667.183, 466.05 W, 1875 MHz, 81
1791410667.715, 466.48 W, 1875 MHz, 82
1791410668.249, 466.41 W, 1875 MHz, 82
1791410668.780, 467.33 W, 1882 MHz, 81
1791410669.310, 466.37 W, 1875 MHz, 81
1791410669.841, 467.69 W, 1882 MHz, 80
1791410670.373, 463.37 W, 1882 MHz, 82
1791410670.905, 464.13 W, 1875 MHz, 82
1791410671.435, 464.29 W, 1875 MHz, 82
1791410671.966, 465.06 W, 1875 MHz, 81
1791410672.498, 464.30 W, 1875 MHz, 82
1791410673.029, 462.34 W, 1875 MHz, 80
1791410673.561, 424.00 W, 1890 MHz, 82
1791410674.094, 353.95 W, 1890 MHz, 76
1791410674.623, 309.25 W, 1890 MHz, 73
1791410675.152, 193.38 W, 1897 MHz, 71
1791410675.683, 191.62 W, 1882 MHz, 79
1791410676.213, 384.78 W, 1875 MHz, 80
1791410676.742, 480.49 W, 1867 MHz, 81
1791410677.275, 482.21 W, 1875 MHz, 81
1791410677.806, 484.17 W, 1875 MHz, 82
1791410678.338, 482.51 W, 1867 MHz, 81
1791410678.868, 483.39 W, 1875 MHz, 81
1791410679.401, 483.83 W, 1875 MHz, 82
1791410679.934, 484.57 W, 1867 MHz, 82
1791410680.466, 484.39 W, 1875 MHz, 82
1791410680.998, 485.17 W, 1867 MHz, 82
1791410681.529, 484.77 W, 1875 MHz, 82
1791410682.059, 484.44 W, 1875 MHz, 82
1791410682.589, 485.19 W, 1875 MHz, 82
1791410683.118, 484.04 W, 1867 MHz, 83
1791410683.648, 485.86 W, 1875 MHz, 82
1791410684.177, 486.00 W, 1875 MHz, 82
1791410684.707, 485.88 W, 1867 MHz, 83
1791410685.239, 484.29 W, 1875 MHz, 82
1791410685.769, 485.30 W, 1867 MHz, 83
1791410686.302, 486.59 W, 1867 MHz, 83
1791410686.835, 484.12 W, 1867 MHz, 83
1791410687.366, 482.07 W, 1875 MHz, 82
1791410687.898, 481.29 W, 1867 MHz, 82
1791410688.429, 482.44 W, 1867 MHz, 83
1791410688.962, 481.97 W, 1875 MHz, 83
1791410689.494, 482.00 W, 1867 MHz, 83
1791410690.026, 481.94 W, 1875 MHz, 83
1791410690.558, 456.02 W, 1875 MHz, 83
1791410691.089, 380.31 W, 1890 MHz, 77
1791410691.622, 309.68 W, 1890 MHz, 76
1791410692.160, 210.94 W, 1897 MHz, 71
1791410692.689, 168.27 W, 1890 MHz, 80
1791410693.220, 361.40 W, 1875 MHz, 81
1791410693.754, 481.41 W, 1867 MHz, 82
1791410694.285, 482.64 W, 1875 MHz, 82
1791410694.816, 484.58 W, 1875 MHz, 81
1791410695.349, 483.71 W, 1867 MHz, 82
1791410695.882, 484.66 W, 1867 MHz, 82
1791410696.413, 484.90 W, 1875 MHz, 82
1791410696.943, 485.33 W, 1867 MHz, 83
1791410697.474, 486.50 W, 1875 MHz, 83
1791410698.004, 484.44 W, 1875 MHz, 83
1791410698.534, 485.33 W, 1875 MHz, 82
1791410699.065, 484.89 W, 1867 MHz, 82
1791410699.594, 485.60 W, 1875 MHz, 83
1791410700.126, 486.11 W, 1867 MHz, 83
1791410700.656, 486.55 W, 1867 MHz, 83
1791410701.187, 487.52 W, 1875 MHz, 83
1791410701.717, 485.89 W, 1867 MHz, 82
1791410702.250, 487.31 W, 1875 MHz, 82
1791410702.782, 485.64 W, 1875 MHz, 83
1791410703.314, 485.64 W, 1875 MHz, 83
1791410703.844, 483.92 W, 1867 MHz, 82
1791410704.375, 482.04 W, 1875 MHz, 80
1791410704.905, 482.85 W, 1875 MHz, 83
1791410705.436, 483.42 W, 1867 MHz, 83
1791410705.969, 483.52 W, 1875 MHz, 82
1791410706.502, 482.29 W, 1875 MHz, 83
1791410707.034, 482.32 W, 1875 MHz, 82
1791410707.568, 469.14 W, 1875 MHz, 82
1791410708.100, 390.49 W, 1890 MHz, 77
1791410708.631, 310.25 W, 1890 MHz, 76
1791410709.164, 297.22 W, 1890 MHz, 75
1791410709.695, 293.36 W, 1890 MHz, 75
1791410710.227, 300.69 W, 1890 MHz, 75
1791410710.759, 300.51 W, 1890 MHz, 75
1791410711.291, 300.58 W, 1890 MHz, 75
1791410711.823, 300.37 W, 1890 MHz, 75
1791410712.356, 300.01 W, 1890 MHz, 74
1791410712.891, 299.96 W, 1890 MHz, 74
1791410713.424, 299.51 W, 1890 MHz, 74
1791410713.957, 298.82 W, 1890 MHz, 74
1791410714.491, 298.16 W, 1890 MHz, 74
1791410715.023, 298.19 W, 1890 MHz, 74
1791410715.557, 298.52 W, 1890 MHz, 74
1791410716.089, 297.63 W, 1890 MHz, 74
1791410716.621, 297.51 W, 1890 MHz, 73
1791410717.154, 297.89 W, 1890 MHz, 73
1791410717.688, 297.72 W, 1890 MHz, 73
1791410718.221, 297.19 W, 1890 MHz, 73
1791410718.753, 297.20 W, 1890 MHz, 73
1791410719.286, 296.83 W, 1890 MHz, 73
1791410719.819, 297.38 W, 1890 MHz, 73
1791410720.349, 297.15 W, 1890 MHz, 73
1791410720.880, 296.62 W, 1890 MHz, 73
1791410721.411, 296.72 W, 1890 MHz, 73
1791410721.942, 296.48 W, 1890 MHz, 72
1791410722.475, 296.01 W, 1890 MHz, 72
1791410723.009, 296.05 W, 1890 MHz, 72
1791410723.542, 296.04 W, 1890 MHz, 72
1791410724.074, 295.67 W, 1890 MHz, 72
1791410724.606, 296.00 W, 1890 MHz, 72
1791410725.141, 295.83 W, 1890 MHz, 72
1791410725.674, 294.97 W, 1890 MHz, 72
1791410726.210, 295.32 W, 1890 MHz, 72
1791410726.741, 295.53 W, 1890 MHz, 72
1791410727.273, 294.65 W, 1890 MHz, 72
1791410727.804, 294.24 W, 1890 MHz, 71
1791410728.334, 294.13 W, 1890 MHz, 71
1791410728.866, 294.03 W, 1890 MHz, 71
1791410729.400, 293.88 W, 1890 MHz, 71
1791410729.930, 293.70 W, 1890 MHz, 71
1791410730.463, 293.22 W, 1890 MHz, 71
1791410730.997, 293.06 W, 1890 MHz, 71
1791410731.530, 293.59 W, 1890 MHz, 71
1791410732.061, 293.20 W, 1890 MHz, 71
1791410732.594, 293.57 W, 1890 MHz, 71
1791410733.127, 293.64 W, 1890 MHz, 71
1791410733.663, 292.97 W, 1890 MHz, 71
1791410734.194, 293.23 W, 1890 MHz, 70
1791410734.725, 292.84 W, 1890 MHz, 71
1791410735.257, 292.44 W, 1890 MHz, 70
1791410735.792, 291.94 W, 1890 MHz, 70
1791410736.323, 292.39 W, 1890 MHz, 70
1791410736.857, 292.65 W, 1890 MHz, 70
1791410737.389, 292.23 W, 1890 MHz, 70
1791410737.922, 292.49 W, 1890 MHz, 70
1791410738.454, 292.86 W, 1890 MHz, 70
1791410738.985, 292.39 W, 1890 MHz, 70
1791410739.517, 292.15 W, 1890 MHz, 70
1791410740.049, 292.92 W, 1890 MHz, 70
1791410740.580, 292.77 W, 1890 MHz, 70
1791410741.112, 292.91 W, 1890 MHz, 70
1791410741.645, 293.10 W, 1890 MHz, 70
1791410742.178, 293.36 W, 1890 MHz, 70
1791410742.710, 292.84 W, 1890 MHz, 69
1791410743.242, 292.74 W, 1890 MHz, 69
1791410743.773, 293.18 W, 1890 MHz, 70
1791410744.305, 293.11 W, 1890 MHz, 69
1791410744.837, 292.60 W, 1890 MHz, 69
1791410745.373, 292.58 W, 1890 MHz, 69
1791410745.907, 292.84 W, 1890 MHz, 69
1791410746.438, 292.62 W, 1890 MHz, 69
1791410746.969, 292.40 W, 1890 MHz, 69
1791410747.502, 292.43 W, 1890 MHz, 69
1791410748.032, 292.12 W, 1890 MHz, 69
1791410748.564, 291.94 W, 1890 MHz, 69
1791410749.098, 291.61 W, 1890 MHz, 69
1791410749.629, 291.68 W, 1890 MHz, 69
1791410750.161, 291.86 W, 1890 MHz, 69
1791410750.693, 291.52 W, 1890 MHz, 69
1791410751.226, 291.21 W, 1890 MHz, 69
1791410751.757, 291.27 W, 1890 MHz, 69
1791410752.290, 291.69 W, 1890 MHz, 69
1791410752.823, 291.24 W, 1890 MHz, 69
1791410753.356, 290.86 W, 1890 MHz, 69
1791410753.889, 291.05 W, 1890 MHz, 69
1791410754.422, 291.27 W, 1890 MHz, 68
1791410754.957, 291.59 W, 1890 MHz, 68
1791410755.489, 291.04 W, 1890 MHz, 68
1791410756.020, 290.99 W, 1890 MHz, 68
1791410756.553, 291.27 W, 1890 MHz, 68
1791410757.085, 290.61 W, 1890 MHz, 68
1791410757.617, 290.96 W, 1890 MHz, 68
1791410758.149, 291.03 W, 1890 MHz, 68
1791410758.683, 290.44 W, 1890 MHz, 68
1791410759.216, 290.62 W, 1890 MHz, 68
1791410759.749, 290.74 W, 1890 MHz, 68
1791410760.281, 289.88 W, 1890 MHz, 68
1791410760.813, 289.36 W, 1890 MHz, 68
1791410761.345, 289.75 W, 1890 MHz, 68
1791410761.878, 289.58 W, 1890 MHz, 68
1791410762.411, 289.79 W, 1890 MHz, 68
1791410762.944, 289.01 W, 1890 MHz, 68
1791410763.477, 288.62 W, 1890 MHz, 68
1791410764.009, 288.77 W, 1890 MHz, 68
1791410764.541, 288.34 W, 1890 MHz, 68
1791410765.075, 288.53 W, 1890 MHz, 68
1791410765.607, 288.10 W, 1890 MHz, 68
1791410766.139, 288.04 W, 1890 MHz, 68
1791410766.670, 288.52 W, 1890 MHz, 68
1791410767.202, 288.49 W, 1890 MHz, 68
1791410767.733, 288.71 W, 1890 MHz, 68
1791410768.266, 288.77 W, 1890 MHz, 68
1791410768.799, 288.51 W, 1890 MHz, 67
1791410769.331, 288.58 W, 1890 MHz, 67
1791410769.864, 288.77 W, 1890 MHz, 67
1791410770.397, 288.76 W, 1890 MHz, 67
1791410770.929, 288.24 W, 1890 MHz, 67
1791410771.461, 288.01 W, 1890 MHz, 67
1791410771.993, 288.32 W, 1890 MHz, 67
1791410772.525, 288.08 W, 1890 MHz, 67
1791410773.057, 288.41 W, 1890 MHz, 67
1791410773.589, 289.24 W, 1890 MHz, 67
1791410774.122, 288.96 W, 1890 MHz, 67
1791410774.656, 288.41 W, 1890 MHz, 67
1791410775.188, 288.45 W, 1890 MHz, 67
1791410775.720, 288.67 W, 1890 MHz, 67
1791410776.252, 288.65 W, 1890 MHz, 67
1791410776.784, 288.20 W, 1890 MHz, 67
1791410777.316, 287.68 W, 1890 MHz, 67
1791410777.849, 287.64 W, 1890 MHz, 67
1791410778.381, 288.34 W, 1890 MHz, 67
1791410778.913, 288.37 W, 1890 MHz, 67
1791410779.447, 287.46 W, 1890 MHz, 67
1791410779.981, 288.10 W, 1890 MHz, 67
1791410780.513, 289.05 W, 1890 MHz, 67
1791410781.044, 288.80 W, 1890 MHz, 67
1791410781.575, 288.46 W, 1890 MHz, 67
1791410782.106, 288.81 W, 1890 MHz, 67
1791410782.640, 288.74 W, 1890 MHz, 67
1791410783.173, 288.82 W, 1890 MHz, 67
1791410783.706, 288.86 W, 1890 MHz, 67
1791410784.239, 288.29 W, 1890 MHz, 67
1791410784.770, 288.39 W, 1890 MHz, 67
1791410785.303, 287.90 W, 1890 MHz, 67
1791410785.835, 287.39 W, 1890 MHz, 67
1791410786.368, 287.66 W, 1890 MHz, 67
1791410786.901, 287.87 W, 1890 MHz, 67
1791410787.434, 287.49 W, 1890 MHz, 67
1791410787.966, 288.08 W, 1890 MHz, 66
1791410788.501, 288.04 W, 1890 MHz, 67
1791410789.033, 287.68 W, 1890 MHz, 66
1791410789.566, 287.84 W, 1890 MHz, 66
1791410790.100, 287.51 W, 1890 MHz, 67
1791410790.633, 288.56 W, 1890 MHz, 66
1791410791.165, 288.49 W, 1890 MHz, 66
1791410791.698, 287.71 W, 1890 MHz, 66
1791410792.232, 287.84 W, 1890 MHz, 66
1791410792.763, 287.58 W, 1890 MHz, 66
1791410793.297, 287.40 W, 1890 MHz, 66
1791410793.828, 288.02 W, 1890 MHz, 66
1791410794.361, 288.06 W, 1890 MHz, 66
1791410794.892, 287.55 W, 1890 MHz, 66
1791410795.423, 287.85 W, 1890 MHz, 66
1791410795.955, 287.63 W, 1890 MHz, 66
1791410796.486, 286.90 W, 1890 MHz, 66
1791410797.017, 287.15 W, 1890 MHz, 66
1791410797.551, 287.18 W, 1890 MHz, 66
1791410798.082, 287.04 W, 1890 MHz, 66
1791410798.614, 286.58 W, 1890 MHz, 66
1791410799.149, 286.62 W, 1890 MHz, 66
1791410799.683, 286.98 W, 1890 MHz, 66
1791410800.215, 286.86 W, 1890 MHz, 66
1791410800.749, 286.95 W, 1890 MHz, 66
1791410801.282, 286.93 W, 1890 MHz, 66
1791410801.814, 286.87 W, 1890 MHz, 66
1791410802.346, 287.00 W, 1890 MHz, 66
1791410802.880, 287.39 W, 1890 MHz, 66
1791410803.412, 287.67 W, 1890 MHz, 66
1791410803.946, 287.28 W, 1890 MHz, 66
1791410804.478, 287.10 W, 1890 MHz, 66
1791410805.011, 286.82 W, 1890 MHz, 66
1791410805.543, 286.83 W, 1890 MHz, 66
1791410806.074, 286.94 W, 1890 MHz, 66
1791410806.606, 286.99 W, 1890 MHz, 66
1791410807.139, 286.65 W, 1890 MHz, 66
1791410807.672, 286.52 W, 1890 MHz, 66
1791410808.203, 287.07 W, 1890 MHz, 66
1791410808.735, 287.29 W, 1890 MHz, 66
1791410809.267, 286.87 W, 1890 MHz, 66
1791410809.798, 286.57 W, 1890 MHz, 66
1791410810.330, 286.55 W, 1890 MHz, 66
1791410810.861, 286.45 W, 1890 MHz, 66
1791410811.392, 286.68 W, 1890 MHz, 66
1791410811.924, 286.44 W, 1890 MHz, 66
1791410812.457, 285.84 W, 1890 MHz, 66
1791410812.989, 286.11 W, 1890 MHz, 66
1791410813.522, 286.42 W, 1890 MHz, 66
1791410814.053, 286.18 W, 1890 MHz, 66
1791410814.587, 286.36 W, 1890 MHz, 66
1791410815.120, 286.70 W, 1890 MHz, 66
1791410815.651, 285.52 W, 1890 MHz, 65
1791410816.180, 286.26 W, 1890 MHz, 66
1791410816.713, 286.88 W, 1890 MHz, 66
1791410817.244, 287.93 W, 1890 MHz, 66
1791410817.776, 287.89 W, 1890 MHz, 66
1791410818.308, 287.70 W, 1890 MHz, 65
1791410818.839, 288.02 W, 1890 MHz, 66
1791410819.373, 288.38 W, 1890 MHz, 66
1791410819.906, 287.73 W, 1890 MHz, 66
1791410820.440, 287.25 W, 1890 MHz, 65
1791410820.973, 286.99 W, 1890 MHz, 66
1791410821.505, 287.38 W, 1890 MHz, 65
1791410822.037, 287.50 W, 1890 MHz, 66
1791410822.571, 287.24 W, 1890 MHz, 66
1791410823.103, 287.35 W, 1890 MHz, 65
1791410823.635, 287.38 W, 1890 MHz, 66
1791410824.165, 287.78 W, 1890 MHz, 66
1791410824.696, 287.33 W, 1890 MHz, 65
1791410825.229, 287.14 W, 1890 MHz, 66
1791410825.762, 287.00 W, 1890 MHz, 65
1791410826.294, 287.18 W, 1890 MHz, 65
1791410826.827, 287.76 W, 1890 MHz, 65
1791410827.358, 287.48 W, 1890 MHz, 65
1791410827.891, 287.40 W, 1890 MHz, 65
1791410828.424, 287.52 W, 1890 MHz, 65
1791410828.957, 287.02 W, 1890 MHz, 65
1791410829.491, 287.61 W, 1890 MHz, 65
1791410830.024, 287.52 W, 1890 MHz, 65
1791410830.553, 287.26 W, 1890 MHz, 65
1791410831.085, 287.29 W, 1890 MHz, 65
1791410831.618, 287.76 W, 1890 MHz, 65
1791410832.150, 287.36 W, 1890 MHz, 65
1791410832.683, 287.19 W, 1890 MHz, 65
1791410833.217, 287.28 W, 1890 MHz, 65
1791410833.749, 286.80 W, 1890 MHz, 65
1791410834.282, 286.86 W, 1890 MHz, 65
1791410834.815, 286.47 W, 1890 MHz, 65
1791410835.347, 286.35 W, 1890 MHz, 65
1791410835.880, 286.49 W, 1890 MHz, 65
1791410836.413, 286.46 W, 1890 MHz, 65
1791410836.944, 286.05 W, 1890 MHz, 65
1791410837.477, 285.79 W, 1890 MHz, 65
1791410838.012, 285.62 W, 1890 MHz, 65
1791410838.545, 285.50 W, 1890 MHz, 65
1791410839.077, 285.56 W, 1890 MHz, 65
1791410839.610, 285.79 W, 1890 MHz, 65
1791410840.143, 285.52 W, 1890 MHz, 65
1791410840.676, 285.28 W, 1890 MHz, 65
1791410841.209, 285.43 W, 1890 MHz, 65
1791410841.739, 285.89 W, 1890 MHz, 65
1791410842.269, 285.05 W, 1890 MHz, 65
1791410842.801, 284.61 W, 1890 MHz, 65
1791410843.335, 285.52 W, 1890 MHz, 65
1791410843.867, 285.90 W, 1890 MHz, 65
1791410844.401, 286.11 W, 1890 MHz, 65
1791410844.933, 285.31 W, 1890 MHz, 65
1791410845.467, 284.61 W, 1890 MHz, 65
1791410846.000, 284.62 W, 1890 MHz, 65
1791410846.532, 284.78 W, 1890 MHz, 65
1791410847.065, 284.94 W, 1890 MHz, 65
1791410847.597, 284.76 W, 1890 MHz, 65
1791410848.130, 284.78 W, 1890 MHz, 65
1791410848.664, 285.10 W, 1890 MHz, 65
1791410849.196, 285.12 W, 1890 MHz, 65
1791410849.729, 284.90 W, 1890 MHz, 65
1791410850.260, 284.95 W, 1890 MHz, 65
1791410850.793, 284.90 W, 1890 MHz, 65
1791410851.326, 285.57 W, 1882 MHz, 65
1791410851.860, 286.00 W, 1890 MHz, 65
1791410852.392, 285.75 W, 1882 MHz, 65
1791410852.924, 285.85 W, 1890 MHz, 65
1791410853.456, 286.37 W, 1890 MHz, 65
1791410853.989, 286.16 W, 1890 MHz, 65
1791410854.520, 285.94 W, 1890 MHz, 65
1791410855.052, 286.00 W, 1890 MHz, 65
1791410855.585, 285.83 W, 1890 MHz, 65
1791410856.117, 285.41 W, 1890 MHz, 65
1791410856.648, 285.29 W, 1890 MHz, 65
1791410857.179, 285.49 W, 1890 MHz, 65
1791410857.710, 285.99 W, 1890 MHz, 65
1791410858.241, 285.95 W, 1890 MHz, 65
1791410858.773, 285.90 W, 1890 MHz, 65
1791410859.306, 285.76 W, 1890 MHz, 65
1791410859.838, 285.96 W, 1890 MHz, 65
1791410860.371, 285.59 W, 1890 MHz, 65
1791410860.902, 286.07 W, 1890 MHz, 65
1791410861.434, 285.70 W, 1890 MHz, 65
1791410861.966, 285.67 W, 1890 MHz, 65
1791410862.498, 286.37 W, 1890 MHz, 65
1791410863.031, 285.43 W, 1890 MHz, 65
1791410863.561, 285.77 W, 1890 MHz, 65
1791410864.093, 285.79 W, 1890 MHz, 65
1791410864.627, 285.37 W, 1890 MHz, 65
1791410865.162, 286.16 W, 1890 MHz, 65
1791410865.695, 286.49 W, 1890 MHz, 65
1791410866.228, 285.58 W, 1890 MHz, 65
1791410866.761, 286.14 W, 1890 MHz, 65
1791410867.292, 286.29 W, 1882 MHz, 65
1791410867.826, 285.01 W, 1890 MHz, 65
1791410868.359, 285.23 W, 1890 MHz, 65
1791410868.891, 285.83 W, 1890 MHz, 65
1791410869.422, 285.04 W, 1890 MHz, 65
1791410869.954, 284.47 W, 1890 MHz, 65
1791410870.487, 284.21 W, 1890 MHz, 65
1791410871.018, 284.23 W, 1890 MHz, 65
1791410871.550, 284.68 W, 1890 MHz, 65
1791410872.084, 284.71 W, 1890 MHz, 65
1791410872.616, 284.02 W, 1890 MHz, 65
1791410873.149, 284.07 W, 1890 MHz, 65
1791410873.682, 284.89 W, 1890 MHz, 65
1791410874.215, 284.54 W, 1890 MHz, 65
1791410874.750, 284.16 W, 1890 MHz, 65
1791410875.283, 283.82 W, 1890 MHz, 65
1791410875.815, 283.95 W, 1890 MHz, 65
1791410876.348, 284.37 W, 1890 MHz, 65
1791410876.881, 284.52 W, 1890 MHz, 65
1791410877.413, 284.19 W, 1890 MHz, 65
1791410877.946, 284.24 W, 1890 MHz, 65
1791410878.479, 283.98 W, 1890 MHz, 65
1791410879.013, 284.16 W, 1890 MHz, 65
1791410879.545, 284.36 W, 1882 MHz, 65
1791410880.078, 284.08 W, 1882 MHz, 65
1791410880.611, 284.75 W, 1882 MHz, 65
1791410881.143, 284.78 W, 1890 MHz, 65
1791410881.676, 284.68 W, 1890 MHz, 65
1791410882.208, 285.05 W, 1890 MHz, 65
1791410882.743, 285.09 W, 1890 MHz, 65
1791410883.277, 284.94 W, 1890 MHz, 65
1791410883.809, 285.43 W, 1890 MHz, 65
1791410884.342, 285.16 W, 1890 MHz, 65
1791410884.874, 284.57 W, 1890 MHz, 65
1791410885.408, 286.04 W, 1890 MHz, 65
1791410885.937, 200.36 W, 1897 MHz, 62
1791410886.465, 106.84 W, 1897 MHz, 61
1791410886.995, 106.84 W, 1897 MHz, 61
1791410887.525, 80.89 W, 1897 MHz, 61
1791410888.055, 80.89 W, 1897 MHz, 60
1791410888.584, 80.72 W, 1897 MHz, 60
1791410889.114, 80.72 W, 1897 MHz, 60
1791410889.643, 80.02 W, 1897 MHz, 59
1791410890.173, 80.02 W, 1897 MHz, 59
1791410890.703, 79.33 W, 1897 MHz, 59
1791410891.232, 79.33 W, 1897 MHz, 59
1791410891.762, 79.18 W, 1897 MHz, 59
1791410892.292, 79.18 W, 1897 MHz, 59
1791410892.821, 78.71 W, 1897 MHz, 58
1791410893.350, 78.71 W, 1897 MHz, 58
1791410893.878, 78.45 W, 1897 MHz, 58
1791410894.409, 78.45 W, 1897 MHz, 58
1791410894.937, 77.66 W, 1897 MHz, 58
1791410895.467, 77.49 W, 1897 MHz, 58
1791410895.998, 77.49 W, 1897 MHz, 58
1791410896.529, 77.19 W, 1897 MHz, 58
1791410897.058, 77.19 W, 1897 MHz, 57
1791410897.587, 76.91 W, 1897 MHz, 57
1791410898.118, 76.91 W, 1897 MHz, 57
1791410898.648, 76.84 W, 1897 MHz, 57
1791410899.177, 76.84 W, 1897 MHz, 57
1791410899.706, 76.39 W, 1897 MHz, 57
1791410900.236, 76.39 W, 1897 MHz, 57
1791410900.765, 76.26 W, 1897 MHz, 56
1791410901.294, 76.26 W, 1897 MHz, 56
1791410901.824, 76.20 W, 1897 MHz, 56
1791410902.354, 76.20 W, 1897 MHz, 56
1791410902.884, 76.12 W, 1897 MHz, 56
1791410903.414, 76.12 W, 1897 MHz, 56
1791410903.946, 76.04 W, 1897 MHz, 56
1791410904.475, 75.95 W, 1897 MHz, 56
1791410905.005, 75.95 W, 1897 MHz, 56
1791410905.534, 75.63 W, 1897 MHz, 56
1791410906.065, 75.63 W, 1897 MHz, 55
1791410906.594, 75.46 W, 1897 MHz, 55
1791410907.123, 75.46 W, 1897 MHz, 55
1791410907.654, 75.14 W, 1897 MHz, 55
1791410908.183, 75.14 W, 1897 MHz, 55
1791410908.712, 74.87 W, 1897 MHz, 55
1791410909.242, 74.87 W, 1897 MHz, 55
1791410909.770, 74.47 W, 1897 MHz, 55
1791410910.301, 74.47 W, 1897 MHz, 55
1791410910.830, 74.09 W, 1897 MHz, 55
1791410911.360, 74.09 W, 1897 MHz, 55
1791410911.890, 73.68 W, 1897 MHz, 54
1791410912.418, 73.68 W, 1897 MHz, 54
1791410912.948, 73.64 W, 1897 MHz, 54
1791410913.478, 73.53 W, 1897 MHz, 54
1791410914.009, 73.53 W, 1897 MHz, 54
1791410914.538, 73.53 W, 1897 MHz, 54
1791410915.067, 73.53 W, 1897 MHz, 54
1791410915.598, 73.45 W, 1897 MHz, 54
1791410916.127, 73.45 W, 1897 MHz, 54
1791410916.656, 83.64 W, 2445 MHz, 54
1791410917.187, 83.64 W, 2445 MHz, 54
1791410917.716, 84.32 W, 2445 MHz, 54
1791410918.246, 84.32 W, 2445 MHz, 54
1791410918.776, 84.28 W, 2445 MHz, 53
1791410919.307, 84.28 W, 2445 MHz, 53
1791410919.836, 84.28 W, 2445 MHz, 53
1791410920.365, 84.28 W, 2445 MHz, 53
1791410920.894, 84.44 W, 2445 MHz, 53
1791410921.423, 84.25 W, 2445 MHz, 53
1791410921.952, 84.25 W, 2445 MHz, 53
1791410922.481, 83.92 W, 2445 MHz, 53
1791410923.009, 83.92 W, 2445 MHz, 53
1791410923.538, 83.68 W, 2445 MHz, 53
1791410924.067, 83.68 W, 2445 MHz, 53
1791410924.595, 83.54 W, 2445 MHz, 53
1791410925.125, 83.54 W, 2445 MHz, 53
1791410925.653, 83.55 W, 2445 MHz, 53
1791410926.182, 83.55 W, 2445 MHz, 53
1791410926.712, 83.46 W, 2445 MHz, 52
1791410927.242, 83.46 W, 2445 MHz, 52
1791410927.771, 83.38 W, 2445 MHz, 52
1791410928.300, 83.38 W, 2445 MHz, 52
1791410928.828, 82.83 W, 2445 MHz, 52
1791410929.356, 82.83 W, 2445 MHz, 52
1791410929.886, 82.87 W, 2445 MHz, 52
1791410930.414, 82.87 W, 2445 MHz, 52
1791410930.945, 82.84 W, 2445 MHz, 52
1791410931.474, 82.36 W, 2445 MHz, 52
1791410932.005, 82.36 W, 2445 MHz, 52
1791410932.536, 82.51 W, 2445 MHz, 52
1791410933.065, 82.51 W, 2445 MHz, 52
1791410933.595, 82.56 W, 2445 MHz, 52
1791410934.126, 82.56 W, 2445 MHz, 52
1791410934.655, 82.61 W, 2445 MHz, 51
1791410935.184, 82.61 W, 2445 MHz, 51
1791410935.712, 82.11 W, 2445 MHz, 51
1791410936.241, 82.11 W, 2445 MHz, 51
1791410936.769, 82.38 W, 2445 MHz, 51
1791410937.298, 82.38 W, 2445 MHz, 51
1791410937.826, 81.94 W, 2445 MHz, 51
1791410938.354, 81.94 W, 2445 MHz, 51
1791410938.883, 81.90 W, 2445 MHz, 51
1791410939.412, 81.90 W, 2445 MHz, 51
1791410939.943, 81.86 W, 2445 MHz, 51
1791410940.472, 81.77 W, 2445 MHz, 51
1791410941.002, 81.77 W, 2445 MHz, 51
1791410941.531, 81.19 W, 2445 MHz, 51
1791410942.060, 81.19 W, 2445 MHz, 51
1791410942.590, 81.31 W, 2445 MHz, 51
1791410943.119, 81.31 W, 2445 MHz, 51
1791410943.648, 81.21 W, 2445 MHz, 51
1791410944.176, 81.21 W, 2445 MHz, 51
1791410944.705, 81.64 W, 2445 MHz, 50
1791410945.232, 81.64 W, 2445 MHz, 50
1791410945.763, 81.53 W, 2445 MHz, 50
1791410946.294, 81.53 W, 2445 MHz, 50
1791410946.824, 81.25 W, 2445 MHz, 50
1791410947.355, 81.25 W, 2445 MHz, 50
1791410947.885, 80.97 W, 2445 MHz, 50
1791410948.416, 80.97 W, 2445 MHz, 50
1791410948.946, 80.61 W, 2445 MHz, 50
1791410949.475, 80.91 W, 2445 MHz, 50
1791410950.003, 80.91 W, 2445 MHz, 50
1791410950.531, 80.62 W, 2445 MHz, 50
1791410951.062, 80.62 W, 2445 MHz, 50
1791410951.591, 80.54 W, 2445 MHz, 50
1791410952.121, 80.54 W, 2445 MHz, 50
1791410952.650, 80.58 W, 2445 MHz, 50
1791410953.178, 80.58 W, 2445 MHz, 50
1791410953.707, 80.15 W, 2445 MHz, 50
1791410954.236, 80.15 W, 2445 MHz, 50
1791410954.765, 80.08 W, 2445 MHz, 49
1791410955.294, 80.08 W, 2445 MHz, 49
1791410955.823, 79.93 W, 2445 MHz, 49
1791410956.353, 79.93 W, 2445 MHz, 49
1791410956.881, 80.02 W, 2445 MHz, 49
1791410957.411, 80.02 W, 2445 MHz, 49
1791410957.940, 79.90 W, 2445 MHz, 49
1791410958.471, 79.91 W, 2445 MHz, 49
1791410959.002, 79.91 W, 2445 MHz, 49
1791410959.531, 79.97 W, 2445 MHz, 49
1791410960.060, 79.97 W, 2445 MHz, 49
1791410960.590, 79.89 W, 2445 MHz, 49
1791410961.118, 79.89 W, 2445 MHz, 49
1791410961.647, 79.67 W, 2445 MHz, 49
1791410962.177, 79.67 W, 2445 MHz, 49
1791410962.706, 80.08 W, 2445 MHz, 49
1791410963.235, 80.08 W, 2445 MHz, 49
1791410963.765, 80.00 W, 2445 MHz, 49
1791410964.294, 80.00 W, 2445 MHz, 49
1791410964.824, 79.64 W, 2445 MHz, 49
1791410965.354, 79.64 W, 2445 MHz, 49
1791410965.883, 79.41 W, 2445 MHz, 49
1791410966.411, 79.41 W, 2445 MHz, 49
1791410966.940, 79.32 W, 2445 MHz, 49
1791410967.469, 79.43 W, 2445 MHz, 49
1791410967.998, 79.43 W, 2445 MHz, 48
1791410968.527, 79.58 W, 2445 MHz, 48
1791410969.056, 79.58 W, 2445 MHz, 48
1791410969.585, 79.67 W, 2445 MHz, 48
1791410970.114, 79.67 W, 2445 MHz, 48
1791410970.642, 79.06 W, 2445 MHz, 48
1791410971.171, 79.06 W, 2445 MHz, 48
1791410971.701, 78.98 W, 2445 MHz, 48
1791410972.230, 78.98 W, 2445 MHz, 48
1791410972.759, 79.19 W, 2445 MHz, 48
1791410973.288, 79.19 W, 2445 MHz, 48
1791410973.818, 79.61 W, 2445 MHz, 48
1791410974.349, 79.61 W, 2445 MHz, 48
1791410974.879, 79.62 W, 2445 MHz, 48
1791410975.408, 79.62 W, 2445 MHz, 48
1791410975.937, 79.69 W, 2445 MHz, 48
1791410976.467, 79.41 W, 2445 MHz, 48
1791410976.997, 79.41 W, 2445 MHz, 48
1791410977.527, 79.45 W, 2445 MHz, 48
1791410978.055, 79.45 W, 2445 MHz, 48
1791410978.585, 79.32 W, 2445 MHz, 48
1791410979.114, 79.32 W, 2445 MHz, 48
1791410979.641, 79.00 W, 2445 MHz, 48
1791410980.170, 79.00 W, 2445 MHz, 48
1791410980.698, 79.00 W, 2445 MHz, 48
1791410981.228, 79.00 W, 2445 MHz, 48
1791410981.758, 79.32 W, 2445 MHz, 48
1791410982.289, 79.32 W, 2445 MHz, 48
1791410982.820, 78.68 W, 2445 MHz, 48
1791410983.350, 78.68 W, 2445 MHz, 48
1791410983.880, 78.60 W, 2445 MHz, 47
1791410984.410, 78.60 W, 2445 MHz, 47
1791410984.941, 79.43 W, 2445 MHz, 47
1791410985.470, 79.15 W, 2445 MHz, 47
1791410985.999, 79.15 W, 2445 MHz, 47
1791410986.530, 79.19 W, 2445 MHz, 47
1791410987.058, 79.19 W, 2445 MHz, 47
1791410987.588, 79.19 W, 2445 MHz, 47
1791410988.117, 79.19 W, 2445 MHz, 47
1791410988.645, 78.97 W, 2445 MHz, 47
1791410989.173, 78.97 W, 2445 MHz, 47
1791410989.702, 78.76 W, 2445 MHz, 47
1791410990.230, 78.76 W, 2445 MHz, 47
1791410990.760, 78.65 W, 2445 MHz, 47
1791410991.290, 78.65 W, 2445 MHz, 47
1791410991.819, 78.65 W, 2445 MHz, 47
1791410992.347, 78.65 W, 2445 MHz, 47
1791410992.877, 78.03 W, 2445 MHz, 47
1791410993.405, 78.03 W, 2445 MHz, 47
1791410993.935, 78.32 W, 2445 MHz, 47
1791410994.465, 77.91 W, 2445 MHz, 47
1791410994.994, 77.91 W, 2445 MHz, 47
1791410995.523, 78.14 W, 2445 MHz, 47
1791410996.051, 78.14 W, 2445 MHz, 47
1791410996.582, 78.47 W, 2445 MHz, 47
1791410997.108, 78.47 W, 2445 MHz, 47
1791410997.637, 77.84 W, 2445 MHz, 47
1791410998.166, 77.84 W, 2445 MHz, 47
1791410998.694, 77.78 W, 2445 MHz, 47
1791410999.224, 77.78 W, 2445 MHz, 47
1791410999.752, 77.84 W, 2445 MHz, 47
1791411000.282, 77.84 W, 2445 MHz, 47
1791411000.811, 77.83 W, 2445 MHz, 46
1791411001.341, 77.83 W, 2445 MHz, 46
1791411001.870, 77.74 W, 2445 MHz, 46
1791411002.401, 77.74 W, 2445 MHz, 46
1791411002.930, 77.79 W, 2445 MHz, 46
1791411003.460, 77.81 W, 2445 MHz, 46
1791411003.989, 77.81 W, 2445 MHz, 46
1791411004.517, 77.89 W, 2445 MHz, 46
1791411005.046, 77.89 W, 2445 MHz, 46
1791411005.574, 78.03 W, 2445 MHz, 46
1791411006.103, 78.03 W, 2445 MHz, 46
1791411006.633, 189.02 W, 2317 MHz, 46
1791411007.164, 291.15 W, 2272 MHz, 60
1791411007.697, 538.23 W, 2272 MHz, 60
1791411008.227, 538.62 W, 2265 MHz, 61
1791411008.757, 542.12 W, 2272 MHz, 62
1791411009.290, 542.40 W, 2265 MHz, 62
1791411009.820, 544.21 W, 2265 MHz, 63
1791411010.350, 544.58 W, 2280 MHz, 63
1791411010.881, 545.82 W, 2272 MHz, 63
1791411011.411, 542.90 W, 2265 MHz, 64
1791411011.939, 544.62 W, 2265 MHz, 64
1791411012.469, 547.15 W, 2265 MHz, 65
1791411012.998, 545.03 W, 2272 MHz, 65
1791411013.529, 545.54 W, 2265 MHz, 65
1791411014.060, 546.06 W, 2272 MHz, 65
1791411014.591, 547.00 W, 2265 MHz, 66
1791411015.122, 547.33 W, 2265 MHz, 66
1791411015.654, 545.88 W, 2257 MHz, 65
1791411016.184, 546.51 W, 2265 MHz, 66
1791411016.716, 545.37 W, 2265 MHz, 67
1791411017.249, 543.67 W, 2272 MHz, 67
1791411017.780, 545.91 W, 2272 MHz, 67
1791411018.312, 545.69 W, 2265 MHz, 68
1791411018.843, 544.29 W, 2265 MHz, 68
1791411019.377, 527.86 W, 2287 MHz, 68
1791411019.911, 432.90 W, 2422 MHz, 61
1791411020.439, 328.52 W, 2422 MHz, 60
1791411020.968, 217.19 W, 2445 MHz, 56
1791411021.495, 127.35 W, 2445 MHz, 55
1791411022.023, 127.35 W, 2445 MHz, 55
1791411022.551, 84.79 W, 2445 MHz, 55
1791411023.079, 84.79 W, 2445 MHz, 54
1791411023.608, 84.38 W, 2445 MHz, 54
1791411024.136, 84.38 W, 2445 MHz, 54
1791411024.664, 84.40 W, 2445 MHz, 53
1791411025.197, 89.61 W, 2445 MHz, 53
1791411025.726, 288.28 W, 2265 MHz, 63
1791411026.256, 544.94 W, 2265 MHz, 66
1791411026.790, 547.14 W, 2272 MHz, 68
1791411027.320, 548.74 W, 2257 MHz, 68
1791411027.851, 549.50 W, 2265 MHz, 67
1791411028.381, 550.65 W, 2265 MHz, 68
1791411028.911, 549.99 W, 2265 MHz, 69
1791411029.440, 550.64 W, 2257 MHz, 69
1791411029.970, 551.65 W, 2257 MHz, 69
1791411030.501, 549.22 W, 2265 MHz, 69
1791411031.031, 551.96 W, 2250 MHz, 67
1791411031.560, 553.93 W, 2257 MHz, 70
1791411032.090, 551.26 W, 2257 MHz, 70
1791411032.620, 552.23 W, 2265 MHz, 71
1791411033.150, 553.23 W, 2257 MHz, 71
1791411033.680, 553.62 W, 2257 MHz, 71
1791411034.211, 554.16 W, 2250 MHz, 71
1791411034.742, 554.64 W, 2257 MHz, 72
1791411035.272, 552.34 W, 2257 MHz, 72
1791411035.804, 550.71 W, 2257 MHz, 71
1791411036.335, 552.79 W, 2250 MHz, 72
1791411036.866, 551.55 W, 2250 MHz, 72
1791411037.399, 550.98 W, 2257 MHz, 73
1791411037.929, 554.08 W, 2257 MHz, 73
1791411038.460, 549.99 W, 2265 MHz, 72
1791411038.992, 551.40 W, 2257 MHz, 73
1791411039.521, 551.73 W, 2265 MHz, 73
1791411040.053, 552.78 W, 2250 MHz, 73
1791411040.582, 554.62 W, 2250 MHz, 74
1791411041.113, 552.76 W, 2250 MHz, 74
1791411041.644, 552.63 W, 2250 MHz, 74
1791411042.175, 553.72 W, 2257 MHz, 74
1791411042.710, 552.70 W, 2250 MHz, 75
1791411043.240, 553.37 W, 2257 MHz, 75
1791411043.771, 553.69 W, 2257 MHz, 75
1791411044.301, 555.17 W, 2250 MHz, 75
1791411044.831, 555.21 W, 2250 MHz, 75
1791411045.361, 554.17 W, 2250 MHz, 76
1791411045.890, 552.66 W, 2250 MHz, 76
1791411046.421, 553.58 W, 2250 MHz, 76
1791411046.954, 552.09 W, 2250 MHz, 76
1791411047.484, 553.23 W, 2257 MHz, 75
1791411048.016, 552.92 W, 2257 MHz, 76
1791411048.547, 554.27 W, 2250 MHz, 76
1791411049.078, 553.33 W, 2250 MHz, 76
1791411049.608, 553.61 W, 2250 MHz, 77
1791411050.138, 554.01 W, 2250 MHz, 77
1791411050.670, 552.89 W, 2250 MHz, 77
1791411051.200, 552.92 W, 2250 MHz, 77
1791411051.729, 555.74 W, 2250 MHz, 76
1791411052.261, 555.84 W, 2250 MHz, 76
1791411052.791, 554.73 W, 2257 MHz, 78
1791411053.321, 555.58 W, 2250 MHz, 78
1791411053.851, 556.10 W, 2250 MHz, 78
1791411054.382, 556.52 W, 2250 MHz, 78
1791411054.914, 554.39 W, 2250 MHz, 79
1791411055.445, 555.14 W, 2250 MHz, 78
1791411055.976, 554.34 W, 2257 MHz, 79
1791411056.506, 552.59 W, 2257 MHz, 78
1791411057.038, 552.61 W, 2250 MHz, 79
1791411057.570, 552.81 W, 2250 MHz, 78
1791411058.102, 552.89 W, 2257 MHz, 78
1791411058.632, 554.29 W, 2265 MHz, 79
1791411059.163, 553.72 W, 2257 MHz, 79
1791411059.693, 553.18 W, 2257 MHz, 78
1791411060.224, 554.04 W, 2250 MHz, 79
1791411060.757, 554.51 W, 2242 MHz, 77
1791411061.286, 554.79 W, 2250 MHz, 79
1791411061.817, 553.70 W, 2242 MHz, 80
1791411062.347, 555.34 W, 2250 MHz, 80
1791411062.879, 557.06 W, 2250 MHz, 80
1791411063.409, 555.69 W, 2257 MHz, 80
1791411063.941, 556.11 W, 2265 MHz, 79
1791411064.472, 557.78 W, 2257 MHz, 81
1791411065.003, 557.24 W, 2250 MHz, 81
1791411065.533, 556.48 W, 2257 MHz, 80
1791411066.064, 556.27 W, 2250 MHz, 80
1791411066.596, 555.27 W, 2250 MHz, 81
1791411067.129, 553.11 W, 2257 MHz, 79
1791411067.660, 553.60 W, 2257 MHz, 80
1791411068.192, 552.96 W, 2257 MHz, 81
1791411068.724, 552.51 W, 2250 MHz, 81
1791411069.257, 552.68 W, 2250 MHz, 82
1791411069.789, 553.24 W, 2250 MHz, 81
1791411070.321, 552.08 W, 2257 MHz, 82
1791411070.851, 552.52 W, 2257 MHz, 81
1791411071.383, 553.63 W, 2250 MHz, 81
1791411071.914, 553.90 W, 2250 MHz, 82
1791411072.445, 554.67 W, 2242 MHz, 81
1791411072.976, 555.09 W, 2257 MHz, 82
1791411073.509, 556.57 W, 2257 MHz, 82
1791411074.040, 555.59 W, 2257 MHz, 82
1791411074.572, 557.27 W, 2250 MHz, 81
1791411075.102, 555.83 W, 2250 MHz, 82
1791411075.633, 556.00 W, 2257 MHz, 82
1791411076.165, 556.20 W, 2265 MHz, 82
1791411076.698, 554.86 W, 2250 MHz, 83
1791411077.229, 555.77 W, 2250 MHz, 83
1791411077.763, 553.64 W, 2265 MHz, 83
1791411078.294, 552.64 W, 2265 MHz, 83
1791411078.826, 549.97 W, 2257 MHz, 83
1791411079.358, 551.65 W, 2250 MHz, 83
1791411079.891, 552.06 W, 2257 MHz, 83
1791411080.424, 550.58 W, 2257 MHz, 83
1791411080.969, 534.20 W, 2242 MHz, 83
1791411081.503, 447.60 W, 2422 MHz, 76
1791411082.033, 352.99 W, 2422 MHz, 76
1791411082.560, 236.36 W, 2445 MHz, 72
1791411083.089, 120.81 W, 2445 MHz, 70
1791411083.617, 120.81 W, 2445 MHz, 69
1791411084.146, 97.98 W, 2445 MHz, 69
1791411084.674, 97.98 W, 2445 MHz, 68
1791411085.202, 97.12 W, 2445 MHz, 68
1791411085.731, 97.12 W, 2445 MHz, 68
1791411086.258, 94.98 W, 2445 MHz, 67
1791411086.788, 190.74 W, 2302 MHz, 78
1791411087.319, 407.17 W, 2227 MHz, 80
1791411087.851, 563.20 W, 2227 MHz, 80
1791411088.383, 566.01 W, 2227 MHz, 81
1791411088.914, 567.30 W, 2235 MHz, 81
1791411089.445, 567.79 W, 2227 MHz, 81
1791411089.978, 569.14 W, 2220 MHz, 82
1791411090.509, 569.82 W, 2220 MHz, 82
1791411091.039, 569.23 W, 2235 MHz, 82
1791411091.572, 569.60 W, 2227 MHz, 81
1791411092.102, 569.70 W, 2220 MHz, 83
1791411092.632, 569.58 W, 2220 MHz, 82
1791411093.164, 569.67 W, 2220 MHz, 83
1791411093.696, 570.33 W, 2227 MHz, 83
1791411094.228, 571.79 W, 2227 MHz, 83
1791411094.758, 571.06 W, 2235 MHz, 83
1791411095.289, 571.18 W, 2220 MHz, 84
1791411095.821, 572.10 W, 2220 MHz, 82
1791411096.353, 571.15 W, 2227 MHz, 84
1791411096.883, 568.40 W, 2235 MHz, 83
1791411097.416, 566.74 W, 2227 MHz, 83
1791411097.948, 567.27 W, 2235 MHz, 84
1791411098.479, 567.20 W, 2227 MHz, 83
1791411099.011, 568.36 W, 2235 MHz, 84
1791411099.544, 568.41 W, 2227 MHz, 84
1791411100.075, 569.19 W, 2227 MHz, 84
1791411100.607, 566.90 W, 2227 MHz, 84
1791411101.139, 568.00 W, 2227 MHz, 84
1791411101.670, 570.00 W, 2227 MHz, 85
1791411102.201, 569.02 W, 2227 MHz, 84
1791411102.734, 569.14 W, 2227 MHz, 85
1791411103.266, 569.66 W, 2227 MHz, 85
1791411103.799, 569.21 W, 2227 MHz, 85
1791411104.330, 569.53 W, 2235 MHz, 85
1791411104.861, 569.75 W, 2227 MHz, 85
1791411105.393, 571.42 W, 2235 MHz, 85
1791411105.924, 571.11 W, 2227 MHz, 86
1791411106.452, 570.55 W, 2227 MHz, 85
1791411106.983, 569.12 W, 2235 MHz, 85
1791411107.515, 567.18 W, 2235 MHz, 85
1791411108.044, 568.73 W, 2227 MHz, 85
1791411108.575, 567.91 W, 2227 MHz, 85
1791411109.108, 569.02 W, 2227 MHz, 85
1791411109.639, 566.33 W, 2227 MHz, 84
1791411110.171, 568.00 W, 2235 MHz, 86
1791411110.701, 567.23 W, 2235 MHz, 86
1791411111.233, 568.74 W, 2235 MHz, 86
1791411111.763, 569.65 W, 2242 MHz, 86
1791411112.294, 567.16 W, 2227 MHz, 87
1791411112.825, 569.06 W, 2227 MHz, 86
1791411113.358, 569.46 W, 2235 MHz, 87
1791411113.891, 567.66 W, 2235 MHz, 86
1791411114.423, 567.23 W, 2242 MHz, 87
1791411114.956, 571.05 W, 2235 MHz, 86
1791411115.488, 569.08 W, 2235 MHz, 86
1791411116.019, 569.89 W, 2227 MHz, 87
1791411116.549, 569.18 W, 2235 MHz, 87
1791411117.079, 568.46 W, 2242 MHz, 87
1791411117.612, 567.92 W, 2235 MHz, 87
1791411118.143, 567.75 W, 2227 MHz, 87
1791411118.673, 567.40 W, 2227 MHz, 87
1791411119.203, 566.34 W, 2227 MHz, 87
1791411119.733, 565.93 W, 2235 MHz, 87
1791411120.264, 566.21 W, 2235 MHz, 87
1791411120.794, 567.51 W, 2227 MHz, 87
1791411121.327, 567.00 W, 2235 MHz, 88
1791411121.857, 566.55 W, 2235 MHz, 87
1791411122.389, 566.00 W, 2227 MHz, 86
1791411122.920, 566.34 W, 2220 MHz, 88
1791411123.450, 567.02 W, 2227 MHz, 88
1791411123.983, 567.33 W, 2235 MHz, 87
1791411124.512, 567.40 W, 2235 MHz, 87
1791411125.041, 568.58 W, 2227 MHz, 87
1791411125.572, 567.92 W, 2235 MHz, 88
1791411126.103, 568.61 W, 2235 MHz, 88
1791411126.636, 568.39 W, 2227 MHz, 88
1791411127.170, 569.08 W, 2227 MHz, 88
1791411127.702, 568.63 W, 2227 MHz, 88
1791411128.234, 566.96 W, 2235 MHz, 88
1791411128.764, 565.12 W, 2235 MHz, 87
1791411129.295, 563.99 W, 2235 MHz, 88
1791411129.825, 563.64 W, 2235 MHz, 87
1791411130.356, 563.02 W, 2227 MHz, 88
1791411130.887, 565.00 W, 2235 MHz, 88
1791411131.419, 565.93 W, 2250 MHz, 88
1791411131.949, 565.40 W, 2235 MHz, 88
1791411132.482, 565.00 W, 2235 MHz, 88
1791411133.014, 565.43 W, 2235 MHz, 88
1791411133.547, 565.92 W, 2235 MHz, 88
1791411134.076, 565.03 W, 2235 MHz, 87
1791411134.608, 567.47 W, 2235 MHz, 89
1791411135.140, 566.94 W, 2227 MHz, 89
1791411135.670, 566.92 W, 2235 MHz, 89
1791411136.202, 568.57 W, 2250 MHz, 89
1791411136.732, 567.78 W, 2235 MHz, 88
1791411137.263, 568.08 W, 2227 MHz, 89
1791411137.794, 565.47 W, 2235 MHz, 89
1791411138.327, 566.14 W, 2242 MHz, 89
1791411138.857, 566.19 W, 2242 MHz, 88
1791411139.389, 566.87 W, 2235 MHz, 89
1791411139.920, 564.72 W, 2242 MHz, 88
1791411140.453, 562.73 W, 2242 MHz, 87
1791411140.982, 562.30 W, 2235 MHz, 88
1791411141.514, 561.48 W, 2242 MHz, 88
1791411142.046, 563.86 W, 2242 MHz, 87
1791411142.576, 561.12 W, 2242 MHz, 89
1791411143.110, 504.47 W, 2422 MHz, 89
1791411143.643, 401.06 W, 2422 MHz, 82
1791411144.172, 313.24 W, 2437 MHz, 77
1791411144.702, 199.84 W, 2445 MHz, 75
1791411145.233, 341.89 W, 2205 MHz, 87
1791411145.765, 575.13 W, 2205 MHz, 88
1791411146.298, 577.28 W, 2197 MHz, 89
1791411146.830, 577.83 W, 2197 MHz, 89
1791411147.362, 579.25 W, 2205 MHz, 89
1791411147.894, 579.58 W, 2212 MHz, 88
1791411148.424, 580.38 W, 2205 MHz, 88
1791411148.955, 580.35 W, 2212 MHz, 89
1791411149.485, 581.09 W, 2205 MHz, 89
1791411150.016, 580.74 W, 2205 MHz, 90
1791411150.546, 579.70 W, 2205 MHz, 90
1791411151.077, 580.44 W, 2212 MHz, 90
1791411151.608, 580.29 W, 2205 MHz, 90
1791411152.141, 581.25 W, 2212 MHz, 90
1791411152.671, 581.42 W, 2205 MHz, 89
1791411153.203, 581.46 W, 2205 MHz, 89
1791411153.735, 582.44 W, 2205 MHz, 89
1791411154.268, 583.77 W, 2197 MHz, 90
1791411154.799, 580.10 W, 2212 MHz, 89
1791411155.330, 579.31 W, 2220 MHz, 90
1791411155.863, 578.14 W, 2212 MHz, 90
1791411156.394, 577.72 W, 2212 MHz, 90
1791411156.925, 578.44 W, 2212 MHz, 90
1791411157.457, 579.07 W, 2212 MHz, 90
1791411157.988, 577.60 W, 2212 MHz, 89
1791411158.520, 499.82 W, 2422 MHz, 84
1791411159.052, 387.43 W, 2422 MHz, 82
1791411159.580, 286.80 W, 2445 MHz, 82
1791411160.112, 166.69 W, 2407 MHz, 76
1791411160.644, 406.48 W, 2220 MHz, 86
1791411161.177, 577.31 W, 2212 MHz, 89
1791411161.708, 578.33 W, 2197 MHz, 89
1791411162.241, 578.46 W, 2197 MHz, 88
1791411162.771, 579.05 W, 2205 MHz, 89
1791411163.302, 580.54 W, 2205 MHz, 89
1791411163.833, 579.72 W, 2197 MHz, 89
1791411164.364, 582.84 W, 2190 MHz, 90
1791411164.896, 582.39 W, 2197 MHz, 90
1791411165.427, 581.16 W, 2197 MHz, 89
1791411165.958, 582.13 W, 2205 MHz, 90
1791411166.491, 581.25 W, 2212 MHz, 89
1791411167.024, 583.33 W, 2205 MHz, 89
1791411167.556, 583.86 W, 2197 MHz, 90
1791411168.089, 581.95 W, 2197 MHz, 90
1791411168.621, 584.04 W, 2197 MHz, 90
1791411169.153, 584.78 W, 2205 MHz, 90
1791411169.686, 582.73 W, 2212 MHz, 90
1791411170.218, 582.55 W, 2205 MHz, 90
1791411170.749, 579.88 W, 2212 MHz, 90
1791411171.281, 579.68 W, 2205 MHz, 90
1791411171.811, 579.21 W, 2197 MHz, 90
1791411172.343, 579.58 W, 2197 MHz, 91
1791411172.873, 579.61 W, 2197 MHz, 90
1791411173.408, 570.45 W, 2205 MHz, 90
1791411173.941, 457.98 W, 2422 MHz, 83
1791411174.470, 372.83 W, 2422 MHz, 82
1791411175.004, 349.23 W, 2422 MHz, 81
1791411175.537, 345.95 W, 2430 MHz, 81
1791411176.071, 361.49 W, 2430 MHz, 81
1791411176.604, 360.97 W, 2422 MHz, 81
1791411177.137, 360.29 W, 2430 MHz, 80
1791411177.670, 359.86 W, 2430 MHz, 80
1791411178.202, 359.95 W, 2422 MHz, 80
1791411178.734, 359.11 W, 2430 MHz, 80
1791411179.266, 358.42 W, 2430 MHz, 80
1791411179.798, 357.90 W, 2430 MHz, 79
1791411180.331, 357.40 W, 2430 MHz, 79
1791411180.863, 357.45 W, 2430 MHz, 79
1791411181.397, 356.53 W, 2430 MHz, 79
1791411181.930, 355.96 W, 2430 MHz, 79
1791411182.465, 356.39 W, 2430 MHz, 79
1791411182.998, 355.63 W, 2430 MHz, 79
1791411183.534, 354.94 W, 2430 MHz, 78
1791411184.066, 354.93 W, 2430 MHz, 78
1791411184.598, 354.97 W, 2430 MHz, 78
1791411185.130, 355.01 W, 2430 MHz, 78
1791411185.664, 353.79 W, 2430 MHz, 78
1791411186.197, 353.88 W, 2430 MHz, 78
1791411186.729, 353.49 W, 2430 MHz, 78
1791411187.260, 353.14 W, 2430 MHz, 77
1791411187.793, 353.35 W, 2430 MHz, 77
1791411188.328, 352.64 W, 2430 MHz, 77
1791411188.862, 352.48 W, 2422 MHz, 77
1791411189.395, 352.62 W, 2430 MHz, 77
1791411189.928, 351.69 W, 2430 MHz, 77
1791411190.460, 351.62 W, 2430 MHz, 77
1791411190.993, 351.63 W, 2430 MHz, 77
1791411191.526, 351.17 W, 2430 MHz, 76
1791411192.057, 350.07 W, 2430 MHz, 77
1791411192.591, 349.59 W, 2422 MHz, 76
1791411193.123, 349.92 W, 2422 MHz, 76
1791411193.655, 349.57 W, 2430 MHz, 76
1791411194.188, 349.41 W, 2430 MHz, 76
1791411194.721, 349.48 W, 2430 MHz, 76
1791411195.257, 349.32 W, 2430 MHz, 76
1791411195.788, 349.95 W, 2422 MHz, 76
1791411196.320, 349.07 W, 2430 MHz, 76
1791411196.852, 349.01 W, 2422 MHz, 76
1791411197.383, 349.16 W, 2422 MHz, 76
1791411197.915, 348.90 W, 2422 MHz, 76
1791411198.446, 349.35 W, 2422 MHz, 76
1791411198.978, 348.86 W, 2430 MHz, 76
1791411199.509, 348.61 W, 2422 MHz, 75
1791411200.041, 348.09 W, 2422 MHz, 75
1791411200.575, 347.81 W, 2430 MHz, 75
1791411201.108, 348.14 W, 2430 MHz, 75
1791411201.640, 348.00 W, 2430 MHz, 75
1791411202.173, 347.78 W, 2430 MHz, 75
1791411202.705, 348.06 W, 2422 MHz, 75
1791411203.238, 348.99 W, 2422 MHz, 75
1791411203.770, 348.43 W, 2422 MHz, 75
1791411204.303, 347.50 W, 2422 MHz, 75
1791411204.837, 347.33 W, 2422 MHz, 75
1791411205.370, 347.32 W, 2422 MHz, 75
1791411205.903, 347.35 W, 2422 MHz, 75
1791411206.434, 347.48 W, 2422 MHz, 75
1791411206.966, 347.54 W, 2422 MHz, 74
1791411207.498, 344.64 W, 2422 MHz, 74
1791411208.032, 345.02 W, 2422 MHz, 74
1791411208.565, 348.18 W, 2422 MHz, 74
1791411209.098, 348.10 W, 2422 MHz, 74
1791411209.630, 348.34 W, 2422 MHz, 74
1791411210.161, 348.55 W, 2422 MHz, 74
1791411210.695, 348.43 W, 2422 MHz, 74
1791411211.229, 348.10 W, 2430 MHz, 74
1791411211.763, 347.70 W, 2422 MHz, 74
1791411212.297, 346.95 W, 2422 MHz, 74
1791411212.832, 346.87 W, 2430 MHz, 74
1791411213.363, 346.83 W, 2422 MHz, 74
1791411213.895, 346.79 W, 2422 MHz, 74
1791411214.429, 346.67 W, 2422 MHz, 74
1791411214.962, 346.89 W, 2422 MHz, 74
1791411215.497, 347.00 W, 2422 MHz, 74
1791411216.031, 346.72 W, 2422 MHz, 74
1791411216.564, 346.35 W, 2422 MHz, 74
1791411217.098, 346.44 W, 2422 MHz, 74
1791411217.633, 347.00 W, 2422 MHz, 74
1791411218.167, 346.87 W, 2422 MHz, 73
1791411218.701, 346.14 W, 2422 MHz, 73
1791411219.235, 346.00 W, 2422 MHz, 73
1791411219.767, 345.49 W, 2422 MHz, 73
1791411220.299, 346.08 W, 2422 MHz, 73
1791411220.830, 346.45 W, 2430 MHz, 73
1791411221.362, 346.29 W, 2422 MHz, 73
1791411221.896, 346.66 W, 2422 MHz, 73
1791411222.429, 345.59 W, 2430 MHz, 73
1791411222.963, 345.31 W, 2430 MHz, 73
1791411223.496, 345.36 W, 2422 MHz, 73
1791411224.029, 344.90 W, 2430 MHz, 73
1791411224.563, 344.71 W, 2422 MHz, 73
1791411225.095, 344.47 W, 2422 MHz, 73
1791411225.627, 344.08 W, 2422 MHz, 73
1791411226.160, 343.91 W, 2422 MHz, 73
1791411226.691, 343.91 W, 2422 MHz, 73
1791411227.223, 343.78 W, 2430 MHz, 73
1791411227.755, 343.72 W, 2422 MHz, 73
1791411228.288, 344.22 W, 2430 MHz, 73
1791411228.822, 343.67 W, 2422 MHz, 73
1791411229.356, 343.36 W, 2422 MHz, 73
1791411229.888, 342.95 W, 2422 MHz, 73
1791411230.420, 343.35 W, 2422 MHz, 73
1791411230.953, 343.31 W, 2422 MHz, 73
1791411231.487, 343.68 W, 2422 MHz, 73
1791411232.020, 344.23 W, 2422 MHz, 73
1791411232.553, 343.11 W, 2430 MHz, 72
1791411233.085, 343.15 W, 2422 MHz, 72
1791411233.617, 343.28 W, 2430 MHz, 72
1791411234.150, 343.41 W, 2422 MHz, 72
1791411234.683, 343.40 W, 2430 MHz, 72
1791411235.218, 342.75 W, 2430 MHz, 72
1791411235.752, 342.91 W, 2422 MHz, 72
1791411236.285, 342.88 W, 2422 MHz, 72
1791411236.819, 343.39 W, 2430 MHz, 72
1791411237.352, 343.83 W, 2430 MHz, 72
1791411237.886, 343.59 W, 2422 MHz, 72
1791411238.418, 343.86 W, 2422 MHz, 72
1791411238.951, 343.61 W, 2422 MHz, 72
1791411239.483, 343.44 W, 2422 MHz, 72
1791411240.017, 341.36 W, 2430 MHz, 72
1791411240.551, 342.50 W, 2422 MHz, 72
1791411241.082, 344.24 W, 2422 MHz, 72
1791411241.615, 343.71 W, 2422 MHz, 72
1791411242.147, 343.75 W, 2422 MHz, 72
1791411242.681, 343.75 W, 2422 MHz, 72
1791411243.216, 343.63 W, 2422 MHz, 72
1791411243.749, 343.52 W, 2422 MHz, 72
1791411244.282, 343.58 W, 2422 MHz, 72
1791411244.816, 343.41 W, 2430 MHz, 72
1791411245.348, 343.08 W, 2422 MHz, 72
1791411245.881, 343.73 W, 2422 MHz, 72
1791411246.412, 343.38 W, 2430 MHz, 72
1791411246.947, 343.09 W, 2422 MHz, 72
1791411247.480, 343.16 W, 2422 MHz, 72
1791411248.014, 343.23 W, 2422 MHz, 72
1791411248.547, 342.76 W, 2422 MHz, 72
1791411249.080, 342.73 W, 2422 MHz, 72
1791411249.614, 342.70 W, 2422 MHz, 72
1791411250.145, 343.43 W, 2422 MHz, 72
1791411250.679, 343.74 W, 2422 MHz, 72
1791411251.212, 343.22 W, 2422 MHz, 72
1791411251.745, 343.13 W, 2422 MHz, 72
1791411252.278, 342.69 W, 2422 MHz, 72
1791411252.810, 343.04 W, 2422 MHz, 72
1791411253.342, 342.89 W, 2422 MHz, 71
1791411253.875, 343.02 W, 2422 MHz, 72
1791411254.409, 343.58 W, 2422 MHz, 72
1791411254.941, 342.89 W, 2422 MHz, 72
1791411255.475, 342.18 W, 2430 MHz, 72
1791411256.007, 342.50 W, 2422 MHz, 71
1791411256.539, 342.44 W, 2430 MHz, 71
1791411257.070, 342.57 W, 2422 MHz, 72
1791411257.602, 341.89 W, 2422 MHz, 71
1791411258.134, 341.08 W, 2422 MHz, 71
1791411258.667, 341.20 W, 2422 MHz, 71
1791411259.202, 341.23 W, 2422 MHz, 71
1791411259.734, 341.89 W, 2422 MHz, 71
1791411260.269, 341.88 W, 2422 MHz, 71
1791411260.802, 341.79 W, 2422 MHz, 71
1791411261.336, 341.33 W, 2422 MHz, 71
1791411261.868, 341.28 W, 2422 MHz, 71
1791411262.402, 341.01 W, 2422 MHz, 71
1791411262.933, 341.45 W, 2422 MHz, 71
1791411263.464, 341.83 W, 2422 MHz, 71
1791411263.997, 341.60 W, 2422 MHz, 71
1791411264.529, 341.21 W, 2422 MHz, 71
1791411265.061, 341.18 W, 2422 MHz, 71
1791411265.593, 341.45 W, 2422 MHz, 71
1791411266.128, 341.13 W, 2422 MHz, 71
1791411266.661, 340.84 W, 2422 MHz, 71
1791411267.193, 341.47 W, 2422 MHz, 71
1791411267.727, 341.39 W, 2422 MHz, 71
1791411268.260, 341.30 W, 2422 MHz, 71
1791411268.793, 341.16 W, 2422 MHz, 71
1791411269.327, 341.00 W, 2422 MHz, 71
1791411269.859, 340.82 W, 2422 MHz, 71
1791411270.391, 341.23 W, 2422 MHz, 71
1791411270.922, 340.85 W, 2422 MHz, 71
1791411271.455, 340.54 W, 2422 MHz, 71
1791411271.990, 340.60 W, 2422 MHz, 71
1791411272.524, 340.73 W, 2422 MHz, 71
1791411273.058, 341.20 W, 2422 MHz, 71
1791411273.589, 341.93 W, 2422 MHz, 71
1791411274.120, 342.58 W, 2422 MHz, 71
1791411274.653, 342.46 W, 2422 MHz, 71
1791411275.185, 342.21 W, 2422 MHz, 71
1791411275.718, 342.10 W, 2422 MHz, 71
1791411276.249, 342.17 W, 2422 MHz, 71
1791411276.781, 341.82 W, 2422 MHz, 71
1791411277.314, 341.27 W, 2422 MHz, 71
1791411277.848, 340.72 W, 2422 MHz, 71
1791411278.381, 340.83 W, 2422 MHz, 71
1791411278.914, 341.12 W, 2422 MHz, 71
1791411279.447, 340.69 W, 2422 MHz, 71
1791411279.981, 341.38 W, 2422 MHz, 71
1791411280.514, 341.80 W, 2430 MHz, 71
1791411281.047, 340.94 W, 2422 MHz, 71
1791411281.578, 340.69 W, 2422 MHz, 71
1791411282.110, 341.22 W, 2422 MHz, 71
1791411282.642, 341.19 W, 2422 MHz, 71
1791411283.176, 341.35 W, 2422 MHz, 71
1791411283.710, 341.12 W, 2422 MHz, 71
1791411284.244, 341.05 W, 2422 MHz, 71
1791411284.777, 341.14 W, 2422 MHz, 71
1791411285.308, 340.55 W, 2422 MHz, 71
1791411285.841, 340.72 W, 2422 MHz, 71
1791411286.374, 340.91 W, 2422 MHz, 71
1791411286.905, 340.75 W, 2422 MHz, 71
1791411287.439, 341.06 W, 2430 MHz, 71
1791411287.973, 340.23 W, 2422 MHz, 71
1791411288.505, 339.98 W, 2422 MHz, 71
1791411289.038, 340.29 W, 2422 MHz, 71
1791411289.571, 339.83 W, 2422 MHz, 71
1791411290.102, 339.06 W, 2422 MHz, 71
1791411290.634, 338.26 W, 2422 MHz, 71
1791411291.167, 338.62 W, 2430 MHz, 71
1791411291.701, 339.06 W, 2422 MHz, 71
1791411292.234, 339.17 W, 2422 MHz, 71
1791411292.766, 339.08 W, 2422 MHz, 70
1791411293.298, 339.02 W, 2422 MHz, 71
1791411293.830, 339.67 W, 2422 MHz, 71
1791411294.362, 340.28 W, 2422 MHz, 71
1791411294.894, 340.01 W, 2422 MHz, 71
1791411295.425, 339.64 W, 2422 MHz, 70
1791411295.957, 339.58 W, 2422 MHz, 71
1791411296.489, 339.42 W, 2422 MHz, 71
1791411297.022, 339.19 W, 2422 MHz, 70
1791411297.555, 339.14 W, 2422 MHz, 71
1791411298.090, 339.52 W, 2422 MHz, 70
1791411298.624, 339.96 W, 2422 MHz, 71
1791411299.157, 339.68 W, 2422 MHz, 71
1791411299.690, 339.52 W, 2422 MHz, 71
1791411300.221, 340.00 W, 2422 MHz, 71
1791411300.753, 339.55 W, 2422 MHz, 71
1791411301.285, 338.86 W, 2422 MHz, 71
1791411301.818, 338.89 W, 2422 MHz, 70
1791411302.351, 339.14 W, 2422 MHz, 71
1791411302.885, 339.33 W, 2422 MHz, 70
1791411303.418, 339.54 W, 2422 MHz, 71
1791411303.952, 339.07 W, 2422 MHz, 70
1791411304.485, 339.10 W, 2422 MHz, 70
1791411305.016, 339.43 W, 2422 MHz, 70
1791411305.548, 339.36 W, 2422 MHz, 70
1791411306.082, 339.85 W, 2422 MHz, 71
1791411306.615, 340.42 W, 2422 MHz, 70
1791411307.148, 340.90 W, 2422 MHz, 71
1791411307.682, 340.47 W, 2422 MHz, 70
1791411308.214, 340.00 W, 2422 MHz, 70
1791411308.746, 340.42 W, 2422 MHz, 70
1791411309.279, 340.00 W, 2422 MHz, 70
1791411309.814, 339.95 W, 2422 MHz, 70
1791411310.346, 340.02 W, 2422 MHz, 70
1791411310.877, 339.71 W, 2422 MHz, 70
1791411311.410, 339.51 W, 2422 MHz, 70
1791411311.941, 339.49 W, 2422 MHz, 70
1791411312.474, 339.56 W, 2422 MHz, 70
1791411313.006, 339.86 W, 2422 MHz, 70
1791411313.540, 339.01 W, 2422 MHz, 70
1791411314.073, 338.98 W, 2422 MHz, 70
1791411314.605, 339.15 W, 2422 MHz, 70
1791411315.138, 340.34 W, 2422 MHz, 70
1791411315.670, 340.47 W, 2422 MHz, 70
1791411316.201, 339.92 W, 2422 MHz, 70
1791411316.733, 340.05 W, 2422 MHz, 70
1791411317.266, 339.93 W, 2422 MHz, 70
1791411317.799, 340.52 W, 2422 MHz, 70
1791411318.333, 340.86 W, 2422 MHz, 70
1791411318.867, 340.41 W, 2422 MHz, 70
1791411319.400, 340.92 W, 2422 MHz, 70
1791411319.931, 340.47 W, 2422 MHz, 70
1791411320.462, 339.49 W, 2422 MHz, 70
1791411320.995, 339.85 W, 2422 MHz, 70
1791411321.527, 339.63 W, 2422 MHz, 70
1791411322.061, 339.66 W, 2422 MHz, 70
1791411322.594, 339.24 W, 2422 MHz, 70
1791411323.126, 338.52 W, 2422 MHz, 70
1791411323.658, 338.48 W, 2422 MHz, 70
1791411324.191, 338.82 W, 2422 MHz, 70
1791411324.722, 339.43 W, 2422 MHz, 70
1791411325.253, 339.11 W, 2422 MHz, 70
1791411325.785, 339.09 W, 2422 MHz, 70
1791411326.316, 338.44 W, 2422 MHz, 70
1791411326.848, 338.45 W, 2422 MHz, 70
1791411327.384, 338.63 W, 2422 MHz, 70
1791411327.916, 337.82 W, 2422 MHz, 70
1791411328.450, 338.52 W, 2422 MHz, 70
1791411328.983, 338.61 W, 2422 MHz, 70
1791411329.516, 338.05 W, 2422 MHz, 70
1791411330.049, 338.24 W, 2422 MHz, 70
1791411330.582, 338.28 W, 2422 MHz, 70
1791411331.116, 338.83 W, 2422 MHz, 70
1791411331.649, 338.63 W, 2422 MHz, 70
1791411332.182, 338.09 W, 2422 MHz, 70
1791411332.716, 338.53 W, 2422 MHz, 70
1791411333.247, 339.33 W, 2422 MHz, 70
1791411333.779, 340.33 W, 2422 MHz, 70
1791411334.312, 341.79 W, 2422 MHz, 70
1791411334.845, 342.01 W, 2422 MHz, 70
1791411335.378, 342.17 W, 2422 MHz, 70
1791411335.905, 264.20 W, 2445 MHz, 67
1791411336.433, 128.25 W, 2445 MHz, 65
1791411336.963, 128.25 W, 2445 MHz, 65
1791411337.494, 91.29 W, 2445 MHz, 65
1791411338.023, 91.29 W, 2445 MHz, 64
1791411338.551, 90.67 W, 2445 MHz, 64
1791411339.079, 90.67 W, 2445 MHz, 64
1791411339.611, 90.50 W, 2445 MHz, 64
1791411340.141, 90.50 W, 2445 MHz, 64
1791411340.670, 90.14 W, 2445 MHz, 64
1791411341.201, 90.14 W, 2445 MHz, 63
1791411341.730, 89.85 W, 2445 MHz, 63
1791411342.259, 89.85 W, 2445 MHz, 63
1791411342.789, 89.57 W, 2445 MHz, 62
1791411343.318, 89.57 W, 2445 MHz, 62
1791411343.848, 88.96 W, 2445 MHz, 62
1791411344.377, 88.96 W, 2445 MHz, 62
1791411344.907, 88.75 W, 2445 MHz, 62
1791411345.437, 88.49 W, 2445 MHz, 62
1791411345.969, 88.49 W, 2445 MHz, 62
1791411346.497, 88.41 W, 2445 MHz, 62
1791411347.027, 88.41 W, 2445 MHz, 61
1791411347.555, 88.21 W, 2445 MHz, 61
1791411348.086, 88.21 W, 2445 MHz, 61
1791411348.615, 88.16 W, 2445 MHz, 61
1791411349.145, 88.16 W, 2445 MHz, 61
1791411349.673, 88.01 W, 2445 MHz, 61
1791411350.202, 88.01 W, 2445 MHz, 60
1791411350.732, 87.83 W, 2445 MHz, 60
1791411351.263, 87.83 W, 2445 MHz, 60
1791411351.792, 87.78 W, 2445 MHz, 60
1791411352.320, 87.78 W, 2445 MHz, 60
1791411352.851, 87.68 W, 2445 MHz, 60
1791411353.380, 87.68 W, 2445 MHz, 60
1791411353.909, 87.65 W, 2445 MHz, 60
1791411354.437, 87.41 W, 2445 MHz, 60
1791411354.966, 87.41 W, 2445 MHz, 59
1791411355.495, 87.36 W, 2445 MHz, 59
1791411356.026, 87.36 W, 2445 MHz, 59
1791411356.555, 87.27 W, 2445 MHz, 59
1791411357.085, 87.27 W, 2445 MHz, 59
1791411357.614, 87.23 W, 2445 MHz, 59
1791411358.143, 87.23 W, 2445 MHz, 58
1791411358.673, 87.21 W, 2445 MHz, 58
1791411359.202, 87.21 W, 2445 MHz, 58
1791411359.734, 87.04 W, 2445 MHz, 58
1791411360.263, 87.04 W, 2445 MHz, 58
1791411360.792, 86.96 W, 2445 MHz, 58
1791411361.321, 86.96 W, 2445 MHz, 58
1791411361.851, 86.75 W, 2445 MHz, 58
1791411362.382, 86.75 W, 2445 MHz, 58
1791411362.910, 86.73 W, 2445 MHz, 57
1791411363.440, 86.64 W, 2445 MHz, 57
1791411363.969, 86.64 W, 2445 MHz, 57
1791411364.499, 86.43 W, 2445 MHz, 57
1791411365.027, 86.43 W, 2445 MHz, 57
1791411365.555, 86.25 W, 2445 MHz, 57
1791411366.084, 86.25 W, 2445 MHz, 57
1791411366.612, 78.87 W, 1597 MHz, 57
1791411367.141, 78.87 W, 1597 MHz, 56
1791411367.670, 70.54 W, 1597 MHz, 56
1791411368.199, 70.54 W, 1597 MHz, 56
1791411368.728, 69.67 W, 1597 MHz, 56
1791411369.257, 69.67 W, 1597 MHz, 56
1791411369.787, 69.76 W, 1597 MHz, 56
1791411370.317, 69.76 W, 1597 MHz, 56
1791411370.846, 69.66 W, 1597 MHz, 56
1791411371.376, 69.66 W, 1597 MHz, 56
1791411371.905, 69.33 W, 1597 MHz, 55
1791411372.436, 69.21 W, 1597 MHz, 55
1791411372.965, 69.21 W, 1597 MHz, 55
1791411373.496, 68.68 W, 1597 MHz, 55
1791411374.025, 68.68 W, 1597 MHz, 55
1791411374.556, 68.75 W, 1597 MHz, 55
1791411375.085, 68.75 W, 1597 MHz, 55
1791411375.616, 68.84 W, 1597 MHz, 55
1791411376.144, 68.84 W, 1597 MHz, 55
1791411376.675, 68.92 W, 1597 MHz, 55
1791411377.207, 68.92 W, 1597 MHz, 54
1791411377.735, 68.78 W, 1597 MHz, 54
1791411378.267, 68.78 W, 1597 MHz, 54
1791411378.797, 68.52 W, 1597 MHz, 54
1791411379.327, 68.52 W, 1597 MHz, 54
1791411379.856, 68.51 W, 1597 MHz, 54
1791411380.386, 68.51 W, 1597 MHz, 54
1791411380.917, 68.46 W, 1597 MHz, 54
1791411381.448, 68.36 W, 1597 MHz, 54
1791411381.978, 68.36 W, 1597 MHz, 53
1791411382.508, 68.25 W, 1597 MHz, 53
1791411383.037, 68.25 W, 1597 MHz, 53
1791411383.566, 68.22 W, 1597 MHz, 53
1791411384.095, 68.22 W, 1597 MHz, 53
1791411384.624, 68.18 W, 1597 MHz, 53
1791411385.154, 68.18 W, 1597 MHz, 53
1791411385.683, 68.10 W, 1597 MHz, 53
1791411386.213, 68.10 W, 1597 MHz, 53
1791411386.744, 68.02 W, 1597 MHz, 53
1791411387.274, 68.02 W, 1597 MHz, 53
1791411387.805, 67.87 W, 1597 MHz, 53
1791411388.336, 67.87 W, 1597 MHz, 53
1791411388.866, 67.80 W, 1597 MHz, 53
1791411389.395, 67.80 W, 1597 MHz, 53
1791411389.925, 67.85 W, 1597 MHz, 52
1791411390.454, 67.79 W, 1597 MHz, 52
1791411390.984, 67.79 W, 1597 MHz, 52
1791411391.514, 67.65 W, 1597 MHz, 52
1791411392.043, 67.65 W, 1597 MHz, 52
1791411392.572, 67.56 W, 1597 MHz, 52
1791411393.102, 67.56 W, 1597 MHz, 52
1791411393.631, 67.46 W, 1597 MHz, 52
1791411394.160, 67.46 W, 1597 MHz, 52
1791411394.690, 67.67 W, 1597 MHz, 52
1791411395.219, 67.67 W, 1597 MHz, 52
1791411395.749, 67.36 W, 1597 MHz, 52
1791411396.278, 67.36 W, 1597 MHz, 52
1791411396.807, 67.25 W, 1597 MHz, 51
1791411397.337, 67.25 W, 1597 MHz, 51
1791411397.867, 66.98 W, 1597 MHz, 51
1791411398.396, 66.98 W, 1597 MHz, 51
1791411398.926, 67.05 W, 1597 MHz, 51
1791411399.454, 66.89 W, 1597 MHz, 51
1791411399.983, 66.89 W, 1597 MHz, 51
1791411400.515, 66.87 W, 1597 MHz, 51
1791411401.045, 66.87 W, 1597 MHz, 51
1791411401.575, 66.78 W, 1597 MHz, 51
1791411402.105, 66.78 W, 1597 MHz, 51
1791411402.634, 66.71 W, 1597 MHz, 51
1791411403.165, 66.71 W, 1597 MHz, 51
1791411403.693, 66.71 W, 1597 MHz, 51
1791411404.224, 66.71 W, 1597 MHz, 51
1791411404.754, 66.56 W, 1597 MHz, 50
1791411405.284, 66.56 W, 1597 MHz, 50
1791411405.814, 66.49 W, 1597 MHz, 50
1791411406.343, 66.49 W, 1597 MHz, 50
1791411406.873, 66.49 W, 1597 MHz, 50
1791411407.402, 66.49 W, 1597 MHz, 50
1791411407.931, 66.49 W, 1597 MHz, 50
1791411408.461, 66.26 W, 1597 MHz, 50
1791411408.991, 66.26 W, 1597 MHz, 50
1791411409.520, 65.89 W, 1597 MHz, 50
1791411410.051, 65.89 W, 1597 MHz, 50
1791411410.582, 65.92 W, 1597 MHz, 50
1791411411.111, 65.92 W, 1597 MHz, 50
1791411411.640, 66.03 W, 1597 MHz, 50
1791411412.170, 66.03 W, 1597 MHz, 50
1791411412.699, 66.15 W, 1597 MHz, 50
1791411413.230, 66.15 W, 1597 MHz, 50
1791411413.759, 66.27 W, 1597 MHz, 49
1791411414.289, 66.27 W, 1597 MHz, 49
1791411414.819, 66.26 W, 1597 MHz, 49
1791411415.349, 66.26 W, 1597 MHz, 49
1791411415.879, 66.21 W, 1597 MHz, 49
1791411416.409, 66.21 W, 1597 MHz, 49
1791411416.938, 65.96 W, 1597 MHz, 49
1791411417.468, 65.88 W, 1597 MHz, 49
1791411417.997, 65.88 W, 1597 MHz, 49
1791411418.527, 65.92 W, 1597 MHz, 49
1791411419.057, 65.92 W, 1597 MHz, 49
1791411419.587, 65.92 W, 1597 MHz, 49
1791411420.116, 65.92 W, 1597 MHz, 49
1791411420.646, 65.77 W, 1597 MHz, 49
1791411421.176, 65.77 W, 1597 MHz, 49
1791411421.706, 65.79 W, 1597 MHz, 49
1791411422.236, 65.79 W, 1597 MHz, 49
1791411422.766, 65.73 W, 1597 MHz, 49
1791411423.295, 65.73 W, 1597 MHz, 49
1791411423.826, 65.86 W, 1597 MHz, 48
1791411424.358, 65.86 W, 1597 MHz, 48
1791411424.889, 65.86 W, 1597 MHz, 48
1791411425.420, 65.69 W, 1597 MHz, 48
1791411425.950, 65.69 W, 1597 MHz, 48
1791411426.480, 65.46 W, 1597 MHz, 48
1791411427.008, 65.46 W, 1597 MHz, 48
1791411427.539, 65.51 W, 1597 MHz, 48
1791411428.069, 65.51 W, 1597 MHz, 48
1791411428.598, 65.43 W, 1597 MHz, 48
1791411429.127, 65.43 W, 1597 MHz, 48
1791411429.657, 65.50 W, 1597 MHz, 48
1791411430.187, 65.50 W, 1597 MHz, 48
1791411430.716, 65.44 W, 1597 MHz, 48
1791411431.247, 65.44 W, 1597 MHz, 48
1791411431.777, 65.14 W, 1597 MHz, 48
1791411432.306, 65.14 W, 1597 MHz, 48
1791411432.834, 64.77 W, 1597 MHz, 48
1791411433.364, 64.77 W, 1597 MHz, 48
1791411433.893, 65.04 W, 1597 MHz, 48
1791411434.422, 64.99 W, 1597 MHz, 48
1791411434.952, 64.99 W, 1597 MHz, 47
1791411435.482, 64.61 W, 1597 MHz, 47
1791411436.012, 64.61 W, 1597 MHz, 47
1791411436.543, 64.53 W, 1597 MHz, 47
1791411437.074, 64.53 W, 1597 MHz, 47
1791411437.605, 64.42 W, 1597 MHz, 47
1791411438.134, 64.42 W, 1597 MHz, 47
1791411438.665, 64.55 W, 1597 MHz, 47
1791411439.197, 64.55 W, 1597 MHz, 47
1791411439.729, 64.44 W, 1597 MHz, 47
1791411440.258, 64.44 W, 1597 MHz, 47
1791411440.788, 64.14 W, 1597 MHz, 47
1791411441.317, 64.14 W, 1597 MHz, 47
1791411441.846, 64.03 W, 1597 MHz, 47
1791411442.377, 64.03 W, 1597 MHz, 47
1791411442.907, 64.00 W, 1597 MHz, 47
1791411443.436, 64.11 W, 1597 MHz, 47
1791411443.966, 64.11 W, 1597 MHz, 47
1791411444.493, 64.22 W, 1597 MHz, 47
1791411445.022, 64.22 W, 1597 MHz, 47
1791411445.552, 64.13 W, 1597 MHz, 47
1791411446.081, 64.13 W, 1597 MHz, 47
1791411446.611, 63.85 W, 1597 MHz, 47
1791411447.141, 63.85 W, 1597 MHz, 47
1791411447.669, 64.16 W, 1597 MHz, 47
1791411448.198, 64.16 W, 1597 MHz, 47
1791411448.729, 64.04 W, 1597 MHz, 46
1791411449.259, 64.04 W, 1597 MHz, 46
1791411449.789, 63.56 W, 1597 MHz, 46
1791411450.320, 63.56 W, 1597 MHz, 46
1791411450.852, 63.59 W, 1597 MHz, 46
1791411451.383, 63.59 W, 1597 MHz, 46
1791411451.912, 63.54 W, 1597 MHz, 46
1791411452.442, 63.46 W, 1597 MHz, 46
1791411452.972, 63.46 W, 1597 MHz, 46
1791411453.502, 63.38 W, 1597 MHz, 46
1791411454.031, 63.38 W, 1597 MHz, 46
1791411454.562, 63.28 W, 1597 MHz, 46
1791411455.091, 63.28 W, 1597 MHz, 46
1791411455.621, 63.24 W, 1597 MHz, 46
1791411456.149, 63.24 W, 1597 MHz, 46
1791411456.680, 127.92 W, 1590 MHz, 46
1791411457.211, 199.16 W, 1590 MHz, 54
1791411457.742, 370.88 W, 1590 MHz, 56
1791411458.272, 372.69 W, 1582 MHz, 56
1791411458.805, 372.77 W, 1590 MHz, 56
1791411459.336, 372.37 W, 1582 MHz, 57
1791411459.870, 373.29 W, 1582 MHz, 57
1791411460.402, 375.43 W, 1590 MHz, 57
1791411460.935, 374.29 W, 1590 MHz, 57
1791411461.467, 374.26 W, 1590 MHz, 57
1791411461.998, 375.10 W, 1590 MHz, 58
1791411462.530, 375.12 W, 1590 MHz, 58
1791411463.061, 375.07 W, 1590 MHz, 58
1791411463.591, 373.84 W, 1590 MHz, 58
1791411464.123, 375.56 W, 1590 MHz, 58
1791411464.655, 376.15 W, 1590 MHz, 58
1791411465.186, 376.18 W, 1590 MHz, 58
1791411465.716, 376.62 W, 1590 MHz, 59
1791411466.248, 378.07 W, 1582 MHz, 59
1791411466.779, 376.87 W, 1590 MHz, 60
1791411467.310, 376.73 W, 1590 MHz, 60
1791411467.844, 376.53 W, 1590 MHz, 60
1791411468.377, 378.51 W, 1590 MHz, 60
1791411468.908, 377.92 W, 1590 MHz, 60
1791411469.439, 375.68 W, 1590 MHz, 60
1791411469.969, 374.79 W, 1590 MHz, 61
1791411470.500, 375.72 W, 1590 MHz, 60
1791411471.031, 374.61 W, 1590 MHz, 60
1791411471.561, 376.36 W, 1590 MHz, 60
1791411472.092, 374.87 W, 1590 MHz, 61
1791411472.623, 376.42 W, 1590 MHz, 61
1791411473.156, 375.72 W, 1590 MHz, 61
1791411473.688, 375.50 W, 1590 MHz, 61
1791411474.222, 315.35 W, 1590 MHz, 57
1791411474.755, 259.80 W, 1582 MHz, 57
1791411475.285, 221.99 W, 1597 MHz, 55
1791411475.815, 140.91 W, 1597 MHz, 53
1791411476.343, 90.24 W, 1597 MHz, 53
1791411476.871, 90.24 W, 1597 MHz, 53
1791411477.399, 67.29 W, 1597 MHz, 52
1791411477.927, 67.29 W, 1597 MHz, 52
1791411478.455, 67.12 W, 1597 MHz, 52
1791411478.982, 67.12 W, 1597 MHz, 52
1791411479.512, 67.04 W, 1597 MHz, 51
1791411480.044, 179.92 W, 1590 MHz, 51
1791411480.574, 244.66 W, 1590 MHz, 59
1791411481.103, 376.10 W, 1590 MHz, 60
1791411481.634, 377.10 W, 1590 MHz, 61
1791411482.163, 377.89 W, 1590 MHz, 61
1791411482.694, 378.62 W, 1590 MHz, 61
1791411483.228, 379.45 W, 1590 MHz, 62
1791411483.760, 379.99 W, 1590 MHz, 62
1791411484.292, 379.55 W, 1590 MHz, 62
1791411484.822, 378.35 W, 1590 MHz, 62
1791411485.351, 379.88 W, 1590 MHz, 61
1791411485.883, 380.48 W, 1590 MHz, 63
1791411486.416, 379.45 W, 1590 MHz, 62
1791411486.948, 380.25 W, 1590 MHz, 62
1791411487.479, 380.55 W, 1590 MHz, 63
1791411488.012, 380.56 W, 1590 MHz, 62
1791411488.543, 381.45 W, 1590 MHz, 63
1791411489.073, 382.22 W, 1590 MHz, 63
1791411489.604, 382.86 W, 1590 MHz, 63
1791411490.136, 381.52 W, 1590 MHz, 63
1791411490.667, 381.66 W, 1590 MHz, 64
1791411491.196, 382.38 W, 1590 MHz, 64
1791411491.725, 382.27 W, 1590 MHz, 64
1791411492.255, 382.28 W, 1590 MHz, 64
1791411492.786, 380.89 W, 1590 MHz, 64
1791411493.317, 379.68 W, 1590 MHz, 64
1791411493.849, 379.12 W, 1590 MHz, 64
1791411494.381, 380.17 W, 1590 MHz, 65
1791411494.912, 378.84 W, 1590 MHz, 65
1791411495.445, 380.90 W, 1590 MHz, 63
1791411495.979, 381.47 W, 1590 MHz, 65
1791411496.510, 380.21 W, 1590 MHz, 65
1791411497.041, 379.26 W, 1590 MHz, 65
1791411497.571, 378.96 W, 1590 MHz, 64
1791411498.101, 379.71 W, 1590 MHz, 65
1791411498.631, 380.21 W, 1590 MHz, 65
1791411499.160, 380.41 W, 1590 MHz, 65
1791411499.690, 379.78 W, 1590 MHz, 66
1791411500.219, 380.18 W, 1590 MHz, 66
1791411500.750, 381.12 W, 1590 MHz, 66
1791411501.281, 380.15 W, 1590 MHz, 65
1791411501.813, 381.43 W, 1590 MHz, 66
1791411502.344, 381.64 W, 1590 MHz, 66
1791411502.874, 381.09 W, 1590 MHz, 66
1791411503.407, 381.86 W, 1590 MHz, 66
1791411503.937, 381.47 W, 1590 MHz, 66
1791411504.469, 380.73 W, 1590 MHz, 66
1791411505.001, 382.11 W, 1590 MHz, 65
1791411505.531, 383.03 W, 1590 MHz, 66
1791411506.063, 381.11 W, 1590 MHz, 66
1791411506.593, 380.70 W, 1590 MHz, 66
1791411507.123, 379.64 W, 1590 MHz, 66
1791411507.654, 379.95 W, 1590 MHz, 67
1791411508.184, 380.88 W, 1590 MHz, 66
1791411508.715, 381.00 W, 1590 MHz, 66
1791411509.248, 380.28 W, 1590 MHz, 67
1791411509.779, 381.12 W, 1590 MHz, 67
1791411510.311, 380.00 W, 1590 MHz, 67
1791411510.844, 381.90 W, 1590 MHz, 67
1791411511.373, 382.89 W, 1590 MHz, 67
1791411511.903, 380.81 W, 1590 MHz, 68
1791411512.434, 381.05 W, 1590 MHz, 68
1791411512.963, 380.77 W, 1590 MHz, 68
1791411513.492, 380.01 W, 1590 MHz, 67
1791411514.021, 380.91 W, 1590 MHz, 68
1791411514.551, 381.20 W, 1590 MHz, 68
1791411515.081, 381.72 W, 1590 MHz, 68
1791411515.612, 381.08 W, 1590 MHz, 68
1791411516.144, 380.03 W, 1590 MHz, 68
1791411516.671, 381.86 W, 1590 MHz, 68
1791411517.204, 381.40 W, 1590 MHz, 68
1791411517.735, 381.93 W, 1590 MHz, 68
1791411518.265, 381.74 W, 1590 MHz, 68
1791411518.795, 382.40 W, 1590 MHz, 69
1791411519.327, 380.98 W, 1590 MHz, 69
1791411519.859, 381.49 W, 1590 MHz, 69
1791411520.390, 382.00 W, 1590 MHz, 68
1791411520.919, 379.19 W, 1590 MHz, 69
1791411521.450, 379.65 W, 1590 MHz, 68
1791411521.979, 379.74 W, 1590 MHz, 69
1791411522.510, 380.55 W, 1590 MHz, 69
1791411523.039, 379.55 W, 1590 MHz, 68
1791411523.568, 380.36 W, 1590 MHz, 69
1791411524.097, 380.39 W, 1590 MHz, 69
1791411524.626, 380.37 W, 1590 MHz, 69
1791411525.155, 379.71 W, 1590 MHz, 69
1791411525.685, 380.61 W, 1590 MHz, 69
1791411526.215, 380.15 W, 1590 MHz, 69
1791411526.748, 380.36 W, 1590 MHz, 69
1791411527.280, 380.88 W, 1590 MHz, 70
1791411527.811, 379.94 W, 1590 MHz, 70
1791411528.340, 380.08 W, 1590 MHz, 70
1791411528.870, 380.08 W, 1590 MHz, 70
1791411529.399, 380.23 W, 1590 MHz, 70
1791411529.929, 380.14 W, 1590 MHz, 70
1791411530.458, 381.42 W, 1590 MHz, 69
1791411530.987, 381.50 W, 1590 MHz, 70
1791411531.516, 382.71 W, 1590 MHz, 70
1791411532.045, 383.38 W, 1590 MHz, 70
1791411532.574, 382.12 W, 1590 MHz, 69
1791411533.103, 380.92 W, 1590 MHz, 70
1791411533.633, 382.72 W, 1590 MHz, 69
1791411534.164, 381.18 W, 1590 MHz, 70
1791411534.696, 380.51 W, 1590 MHz, 70
1791411535.227, 380.85 W, 1590 MHz, 70
1791411535.758, 380.47 W, 1590 MHz, 71
1791411536.289, 380.65 W, 1590 MHz, 71
1791411536.821, 379.42 W, 1590 MHz, 71
1791411537.353, 378.95 W, 1590 MHz, 71
1791411537.885, 380.37 W, 1590 MHz, 70
1791411538.416, 380.67 W, 1590 MHz, 71
1791411538.948, 379.78 W, 1590 MHz, 70
1791411539.479, 380.40 W, 1590 MHz, 70
1791411540.010, 380.22 W, 1590 MHz, 70
1791411540.539, 380.65 W, 1590 MHz, 71
1791411541.069, 381.14 W, 1590 MHz, 70
1791411541.600, 382.11 W, 1590 MHz, 71
1791411542.130, 380.12 W, 1590 MHz, 71
1791411542.661, 380.09 W, 1590 MHz, 70
1791411543.194, 381.28 W, 1590 MHz, 71
1791411543.726, 380.95 W, 1590 MHz, 69
1791411544.255, 380.61 W, 1590 MHz, 70
1791411544.789, 380.66 W, 1590 MHz, 70
1791411545.317, 382.86 W, 1590 MHz, 71
1791411545.847, 381.72 W, 1590 MHz, 71
1791411546.381, 381.00 W, 1590 MHz, 71
1791411546.914, 381.16 W, 1590 MHz, 71
1791411547.445, 379.39 W, 1590 MHz, 71
1791411547.978, 379.38 W, 1590 MHz, 72
1791411548.510, 379.60 W, 1590 MHz, 72
1791411549.042, 379.58 W, 1590 MHz, 70
1791411549.574, 379.54 W, 1590 MHz, 72
1791411550.105, 378.62 W, 1590 MHz, 71
1791411550.637, 378.64 W, 1590 MHz, 72
1791411551.168, 378.63 W, 1590 MHz, 72
1791411551.699, 379.20 W, 1590 MHz, 72
1791411552.229, 379.68 W, 1590 MHz, 72
1791411552.760, 378.63 W, 1590 MHz, 72
1791411553.290, 378.83 W, 1590 MHz, 71
1791411553.835, 364.84 W, 1590 MHz, 71
1791411554.369, 314.03 W, 1590 MHz, 67
1791411554.900, 267.04 W, 1590 MHz, 67
1791411555.430, 213.24 W, 1597 MHz, 64
1791411555.958, 127.23 W, 1597 MHz, 63
1791411556.491, 109.85 W, 1597 MHz, 63
1791411557.021, 74.79 W, 1597 MHz, 63
1791411557.548, 74.79 W, 1597 MHz, 62
1791411558.077, 74.47 W, 1597 MHz, 62
1791411558.607, 74.47 W, 1597 MHz, 61
1791411559.136, 73.62 W, 1597 MHz, 61
1791411559.667, 90.04 W, 1597 MHz, 61
1791411560.198, 240.74 W, 1590 MHz, 69
1791411560.727, 388.17 W, 1590 MHz, 70
1791411561.257, 387.88 W, 1590 MHz, 69
1791411561.788, 389.53 W, 1590 MHz, 70
1791411562.317, 390.93 W, 1590 MHz, 70
1791411562.847, 391.51 W, 1590 MHz, 70
1791411563.376, 390.39 W, 1590 MHz, 70
1791411563.907, 391.17 W, 1590 MHz, 70
1791411564.436, 391.82 W, 1590 MHz, 71
1791411564.966, 392.35 W, 1590 MHz, 71
1791411565.496, 391.60 W, 1590 MHz, 71
1791411566.028, 392.28 W, 1590 MHz, 71
1791411566.560, 391.32 W, 1590 MHz, 71
1791411567.090, 392.15 W, 1590 MHz, 71
1791411567.621, 391.72 W, 1590 MHz, 71
1791411568.151, 392.54 W, 1590 MHz, 71
1791411568.681, 393.15 W, 1590 MHz, 71
1791411569.213, 393.70 W, 1590 MHz, 71
1791411569.745, 393.34 W, 1590 MHz, 71
1791411570.276, 394.35 W, 1590 MHz, 72
1791411570.806, 392.75 W, 1590 MHz, 72
1791411571.337, 392.47 W, 1590 MHz, 71
1791411571.868, 393.27 W, 1590 MHz, 72
1791411572.399, 393.73 W, 1590 MHz, 72
1791411572.929, 391.12 W, 1590 MHz, 71
1791411573.460, 390.41 W, 1590 MHz, 72
1791411573.990, 389.93 W, 1590 MHz, 72
1791411574.519, 392.46 W, 1590 MHz, 72
1791411575.050, 391.06 W, 1590 MHz, 72
1791411575.581, 390.40 W, 1590 MHz, 72
1791411576.112, 389.92 W, 1590 MHz, 72
1791411576.643, 390.82 W, 1590 MHz, 72
1791411577.174, 391.66 W, 1590 MHz, 72
1791411577.706, 389.48 W, 1590 MHz, 72
1791411578.238, 388.45 W, 1590 MHz, 71
1791411578.769, 389.43 W, 1590 MHz, 72
1791411579.300, 391.54 W, 1590 MHz, 72
1791411579.832, 389.54 W, 1590 MHz, 73
1791411580.363, 391.49 W, 1590 MHz, 72
1791411580.893, 390.38 W, 1590 MHz, 72
1791411581.425, 391.85 W, 1590 MHz, 72
1791411581.955, 392.63 W, 1590 MHz, 71
1791411582.486, 390.27 W, 1590 MHz, 73
1791411583.018, 389.00 W, 1590 MHz, 73
1791411583.548, 390.59 W, 1590 MHz, 72
1791411584.078, 391.84 W, 1590 MHz, 73
1791411584.608, 392.37 W, 1590 MHz, 72
1791411585.138, 390.13 W, 1590 MHz, 73
1791411585.669, 390.92 W, 1590 MHz, 73
1791411586.200, 390.19 W, 1590 MHz, 72
1791411586.730, 389.75 W, 1590 MHz, 73
1791411587.261, 389.84 W, 1590 MHz, 72
1791411587.791, 388.27 W, 1590 MHz, 72
1791411588.319, 389.09 W, 1590 MHz, 73
1791411588.850, 388.98 W, 1590 MHz, 73
1791411589.381, 388.75 W, 1590 MHz, 72
1791411589.912, 389.77 W, 1590 MHz, 73
1791411590.445, 388.42 W, 1590 MHz, 73
1791411590.977, 389.45 W, 1590 MHz, 73
1791411591.507, 389.69 W, 1590 MHz, 73
1791411592.038, 389.69 W, 1590 MHz, 74
1791411592.569, 390.44 W, 1590 MHz, 73
1791411593.100, 390.80 W, 1590 MHz, 73
1791411593.632, 388.99 W, 1590 MHz, 73
1791411594.165, 388.96 W, 1590 MHz, 73
1791411594.696, 388.62 W, 1590 MHz, 73
1791411595.227, 389.02 W, 1590 MHz, 74
1791411595.757, 389.90 W, 1590 MHz, 73
1791411596.288, 389.74 W, 1590 MHz, 73
1791411596.818, 390.22 W, 1590 MHz, 73
1791411597.351, 389.25 W, 1590 MHz, 73
1791411597.882, 389.51 W, 1590 MHz, 74
1791411598.412, 388.32 W, 1590 MHz, 74
1791411598.944, 389.86 W, 1590 MHz, 74
1791411599.477, 390.12 W, 1590 MHz, 73
1791411600.007, 388.82 W, 1590 MHz, 74
1791411600.537, 389.35 W, 1590 MHz, 74
1791411601.067, 387.51 W, 1590 MHz, 73
1791411601.597, 387.47 W, 1590 MHz, 74
1791411602.126, 388.75 W, 1590 MHz, 74
1791411602.657, 388.89 W, 1590 MHz, 73
1791411603.189, 386.80 W, 1590 MHz, 74
1791411603.720, 388.00 W, 1590 MHz, 74
1791411604.252, 389.22 W, 1590 MHz, 74
1791411604.784, 388.60 W, 1590 MHz, 73
1791411605.316, 387.43 W, 1590 MHz, 74
1791411605.848, 388.64 W, 1590 MHz, 74
1791411606.381, 388.73 W, 1590 MHz, 74
1791411606.910, 388.94 W, 1590 MHz, 73
1791411607.443, 388.86 W, 1590 MHz, 74
1791411607.974, 388.15 W, 1590 MHz, 74
1791411608.507, 387.45 W, 1590 MHz, 74
1791411609.039, 388.80 W, 1590 MHz, 75
1791411609.568, 389.21 W, 1590 MHz, 74
1791411610.098, 389.41 W, 1590 MHz, 74
1791411610.628, 388.85 W, 1590 MHz, 74
1791411611.158, 389.58 W, 1590 MHz, 75
1791411611.689, 388.88 W, 1590 MHz, 74
1791411612.221, 388.91 W, 1590 MHz, 73
1791411612.752, 389.47 W, 1590 MHz, 74
1791411613.283, 388.80 W, 1590 MHz, 75
1791411613.814, 388.42 W, 1590 MHz, 74
1791411614.344, 388.45 W, 1590 MHz, 75
1791411614.876, 386.45 W, 1590 MHz, 74
1791411615.406, 386.44 W, 1590 MHz, 74
1791411615.938, 387.63 W, 1590 MHz, 74
1791411616.468, 386.22 W, 1590 MHz, 75
1791411617.000, 384.79 W, 1590 MHz, 74
1791411617.530, 386.48 W, 1590 MHz, 74
1791411618.060, 386.20 W, 1590 MHz, 74
1791411618.590, 386.50 W, 1590 MHz, 74
1791411619.120, 385.49 W, 1590 MHz, 74
1791411619.650, 385.39 W, 1590 MHz, 74
1791411620.182, 385.40 W, 1590 MHz, 75
1791411620.714, 386.71 W, 1590 MHz, 75
1791411621.246, 386.10 W, 1590 MHz, 75
1791411621.778, 386.11 W, 1590 MHz, 74
1791411622.309, 386.47 W, 1590 MHz, 74
1791411622.839, 387.73 W, 1590 MHz, 75
1791411623.372, 387.15 W, 1590 MHz, 74
1791411623.902, 388.16 W, 1590 MHz, 74
1791411624.432, 387.16 W, 1590 MHz, 74
1791411624.963, 387.45 W, 1590 MHz, 75
1791411625.494, 388.32 W, 1590 MHz, 75
1791411626.026, 387.58 W, 1590 MHz, 75
1791411626.556, 386.13 W, 1590 MHz, 75
1791411627.086, 385.55 W, 1590 MHz, 75
1791411627.617, 386.02 W, 1590 MHz, 74
1791411628.148, 387.50 W, 1590 MHz, 75
1791411628.678, 387.01 W, 1590 MHz, 74
1791411629.209, 386.43 W, 1590 MHz, 74
1791411629.740, 385.81 W, 1590 MHz, 75
1791411630.271, 383.87 W, 1590 MHz, 75
1791411630.801, 383.06 W, 1590 MHz, 74
1791411631.334, 383.53 W, 1590 MHz, 75
1791411631.865, 383.80 W, 1590 MHz, 75
1791411632.396, 384.28 W, 1590 MHz, 74
1791411632.927, 383.62 W, 1590 MHz, 75
1791411633.459, 384.20 W, 1590 MHz, 74
1791411633.992, 353.57 W, 1590 MHz, 72
1791411634.525, 294.68 W, 1590 MHz, 70
1791411635.056, 271.40 W, 1590 MHz, 70
1791411635.589, 194.13 W, 1597 MHz, 67
1791411636.123, 159.87 W, 1597 MHz, 66
1791411636.654, 316.03 W, 1590 MHz, 73
1791411637.185, 396.37 W, 1590 MHz, 74
1791411637.716, 396.14 W, 1590 MHz, 75
1791411638.248, 397.88 W, 1590 MHz, 74
1791411638.779, 399.18 W, 1590 MHz, 75
1791411639.309, 398.11 W, 1590 MHz, 75
1791411639.840, 399.22 W, 1590 MHz, 75
1791411640.371, 398.83 W, 1590 MHz, 75
1791411640.904, 399.88 W, 1590 MHz, 75
1791411641.436, 399.84 W, 1590 MHz, 75
1791411641.966, 399.76 W, 1590 MHz, 75
1791411642.498, 398.37 W, 1590 MHz, 75
1791411643.029, 398.01 W, 1590 MHz, 75
1791411643.560, 398.81 W, 1590 MHz, 75
1791411644.091, 399.83 W, 1590 MHz, 75
1791411644.624, 399.46 W, 1590 MHz, 75
1791411645.156, 399.70 W, 1590 MHz, 75
1791411645.688, 400.14 W, 1590 MHz, 75
1791411646.218, 400.69 W, 1590 MHz, 76
1791411646.749, 399.84 W, 1590 MHz, 76
1791411647.282, 398.96 W, 1590 MHz, 76
1791411647.812, 399.25 W, 1590 MHz, 75
1791411648.344, 401.12 W, 1590 MHz, 75
1791411648.874, 400.48 W, 1590 MHz, 75
1791411649.404, 398.50 W, 1590 MHz, 74
1791411649.935, 396.65 W, 1590 MHz, 75
1791411650.465, 397.63 W, 1590 MHz, 76
1791411650.995, 396.46 W, 1590 MHz, 76
1791411651.526, 396.23 W, 1590 MHz, 76
1791411652.057, 397.66 W, 1590 MHz, 76
1791411652.589, 398.00 W, 1590 MHz, 76
1791411653.120, 398.05 W, 1590 MHz, 75
1791411653.652, 350.80 W, 1590 MHz, 76
1791411654.185, 292.97 W, 1590 MHz, 71
1791411654.714, 265.83 W, 1590 MHz, 68
1791411655.242, 164.12 W, 1597 MHz, 66
1791411655.774, 176.16 W, 1597 MHz, 74
1791411656.308, 340.70 W, 1590 MHz, 74
1791411656.839, 396.91 W, 1590 MHz, 75
1791411657.370, 397.12 W, 1590 MHz, 75
1791411657.905, 398.23 W, 1590 MHz, 75
1791411658.437, 398.74 W, 1590 MHz, 75
1791411658.968, 399.37 W, 1590 MHz, 76
1791411659.500, 399.35 W, 1590 MHz, 75
1791411660.032, 398.06 W, 1590 MHz, 75
1791411660.563, 398.92 W, 1590 MHz, 76
1791411661.094, 399.85 W, 1590 MHz, 75
1791411661.624, 399.02 W, 1590 MHz, 76
1791411662.154, 399.12 W, 1590 MHz, 75
1791411662.683, 399.69 W, 1590 MHz, 76
1791411663.215, 400.07 W, 1590 MHz, 75
1791411663.745, 400.49 W, 1590 MHz, 76
1791411664.275, 399.89 W, 1590 MHz, 75
1791411664.807, 400.40 W, 1590 MHz, 76
1791411665.339, 400.58 W, 1590 MHz, 76
1791411665.870, 401.12 W, 1590 MHz, 75
1791411666.400, 400.04 W, 1590 MHz, 76
1791411666.931, 401.26 W, 1590 MHz, 76
1791411667.462, 400.47 W, 1590 MHz, 76
1791411667.992, 401.28 W, 1590 MHz, 76
1791411668.522, 399.94 W, 1590 MHz, 76
1791411669.054, 398.75 W, 1590 MHz, 76
1791411669.586, 398.80 W, 1590 MHz, 76
1791411670.117, 397.23 W, 1590 MHz, 76
1791411670.648, 397.31 W, 1590 MHz, 76
1791411671.179, 398.24 W, 1590 MHz, 76
1791411671.710, 398.58 W, 1590 MHz, 76
1791411672.243, 398.45 W, 1590 MHz, 76
1791411672.776, 398.06 W, 1590 MHz, 76
1791411673.309, 336.00 W, 1590 MHz, 71
1791411673.842, 273.04 W, 1590 MHz, 71
1791411674.375, 257.18 W, 1590 MHz, 70
1791411674.907, 255.15 W, 1590 MHz, 70
1791411675.440, 264.22 W, 1590 MHz, 70
1791411675.974, 264.31 W, 1590 MHz, 70
1791411676.505, 264.75 W, 1590 MHz, 70
1791411677.037, 265.06 W, 1590 MHz, 70
1791411677.571, 264.61 W, 1590 MHz, 70
1791411678.105, 264.42 W, 1590 MHz, 70
1791411678.638, 263.95 W, 1590 MHz, 69
1791411679.168, 263.51 W, 1590 MHz, 69
1791411679.700, 263.50 W, 1590 MHz, 69
1791411680.232, 263.60 W, 1590 MHz, 69
1791411680.764, 263.43 W, 1590 MHz, 69
1791411681.296, 263.60 W, 1590 MHz, 69
1791411681.827, 263.49 W, 1590 MHz, 69
1791411682.358, 263.33 W, 1590 MHz, 69
1791411682.888, 263.41 W, 1590 MHz, 69
1791411683.419, 263.41 W, 1590 MHz, 69
1791411683.950, 262.98 W, 1590 MHz, 69
1791411684.482, 262.73 W, 1590 MHz, 68
1791411685.015, 262.71 W, 1590 MHz, 68
1791411685.548, 262.75 W, 1590 MHz, 68
1791411686.081, 263.54 W, 1590 MHz, 68
1791411686.612, 263.36 W, 1590 MHz, 68
1791411687.147, 262.65 W, 1590 MHz, 68
1791411687.679, 262.64 W, 1590 MHz, 68
1791411688.210, 262.71 W, 1590 MHz, 68
1791411688.743, 262.31 W, 1590 MHz, 68
1791411689.275, 262.41 W, 1590 MHz, 68
1791411689.807, 262.91 W, 1590 MHz, 68
1791411690.340, 262.63 W, 1590 MHz, 68
1791411690.872, 262.55 W, 1590 MHz, 68
1791411691.405, 262.49 W, 1590 MHz, 68
1791411691.939, 261.65 W, 1590 MHz, 67
1791411692.471, 261.48 W, 1590 MHz, 67
1791411693.003, 261.87 W, 1590 MHz, 67
1791411693.536, 261.83 W, 1590 MHz, 67
1791411694.070, 261.11 W, 1590 MHz, 67
1791411694.601, 260.34 W, 1590 MHz, 67
1791411695.133, 260.39 W, 1590 MHz, 67
1791411695.664, 260.24 W, 1590 MHz, 67
1791411696.196, 259.92 W, 1590 MHz, 67
1791411696.727, 259.83 W, 1590 MHz, 67
1791411697.259, 259.97 W, 1590 MHz, 67
1791411697.792, 260.18 W, 1590 MHz, 67
1791411698.322, 259.82 W, 1590 MHz, 67
1791411698.854, 259.44 W, 1590 MHz, 67
1791411699.386, 259.43 W, 1590 MHz, 67
1791411699.919, 259.49 W, 1590 MHz, 67
1791411700.450, 259.35 W, 1590 MHz, 67
1791411700.982, 259.08 W, 1590 MHz, 67
1791411701.513, 258.89 W, 1590 MHz, 66
1791411702.045, 258.72 W, 1590 MHz, 66
1791411702.577, 258.82 W, 1590 MHz, 67
1791411703.110, 258.92 W, 1590 MHz, 66
1791411703.642, 259.04 W, 1590 MHz, 66
1791411704.175, 259.06 W, 1590 MHz, 66
1791411704.707, 258.37 W, 1590 MHz, 66
1791411705.239, 258.21 W, 1590 MHz, 66
1791411705.772, 258.76 W, 1590 MHz, 66
1791411706.305, 258.79 W, 1590 MHz, 66
1791411706.837, 258.29 W, 1590 MHz, 66
1791411707.369, 258.07 W, 1590 MHz, 66
1791411707.902, 258.17 W, 1590 MHz, 66
1791411708.433, 257.53 W, 1590 MHz, 66
1791411708.964, 257.44 W, 1590 MHz, 66
1791411709.496, 258.08 W, 1590 MHz, 66
1791411710.027, 258.43 W, 1590 MHz, 66
1791411710.560, 257.95 W, 1590 MHz, 66
1791411711.090, 257.86 W, 1590 MHz, 66
1791411711.623, 257.84 W, 1590 MHz, 66
1791411712.156, 256.83 W, 1590 MHz, 66
1791411712.688, 257.49 W, 1590 MHz, 66
1791411713.219, 259.51 W, 1590 MHz, 66
1791411713.752, 259.38 W, 1590 MHz, 66
1791411714.284, 258.80 W, 1590 MHz, 65
1791411714.816, 258.88 W, 1590 MHz, 65
1791411715.348, 259.01 W, 1590 MHz, 65
1791411715.881, 259.08 W, 1590 MHz, 65
1791411716.413, 259.08 W, 1590 MHz, 65
1791411716.946, 258.74 W, 1590 MHz, 65
1791411717.479, 258.32 W, 1590 MHz, 65
1791411718.011, 258.04 W, 1590 MHz, 65
1791411718.543, 257.93 W, 1590 MHz, 65
1791411719.073, 258.22 W, 1590 MHz, 65
1791411719.608, 258.25 W, 1590 MHz, 65
1791411720.142, 257.84 W, 1590 MHz, 65
1791411720.675, 257.98 W, 1590 MHz, 65
1791411721.207, 258.35 W, 1590 MHz, 65
1791411721.739, 257.87 W, 1590 MHz, 65
1791411722.271, 257.59 W, 1590 MHz, 65
1791411722.804, 257.82 W, 1590 MHz, 65
1791411723.336, 257.28 W, 1590 MHz, 65
1791411723.868, 257.70 W, 1590 MHz, 65
1791411724.399, 258.17 W, 1590 MHz, 65
1791411724.931, 257.79 W, 1590 MHz, 65
1791411725.463, 257.61 W, 1590 MHz, 65
1791411725.995, 257.16 W, 1590 MHz, 65
1791411726.527, 257.15 W, 1590 MHz, 65
1791411727.060, 257.47 W, 1590 MHz, 65
1791411727.594, 257.31 W, 1590 MHz, 65
1791411728.124, 256.94 W, 1590 MHz, 65
1791411728.657, 256.97 W, 1590 MHz, 65
1791411729.189, 257.33 W, 1590 MHz, 65
1791411729.721, 257.52 W, 1590 MHz, 65
1791411730.253, 256.80 W, 1590 MHz, 65
1791411730.787, 256.74 W, 1590 MHz, 65
1791411731.320, 257.03 W, 1590 MHz, 64
1791411731.854, 256.88 W, 1590 MHz, 64
1791411732.385, 256.55 W, 1590 MHz, 64
1791411732.917, 255.85 W, 1590 MHz, 64
1791411733.449, 255.48 W, 1590 MHz, 64
1791411733.982, 255.51 W, 1590 MHz, 64
1791411734.515, 255.45 W, 1590 MHz, 64
1791411735.046, 255.28 W, 1590 MHz, 64
1791411735.579, 255.34 W, 1590 MHz, 64
1791411736.113, 255.32 W, 1590 MHz, 64
1791411736.646, 255.43 W, 1590 MHz, 64
1791411737.178, 255.67 W, 1590 MHz, 64
1791411737.710, 255.64 W, 1590 MHz, 64
1791411738.245, 255.20 W, 1590 MHz, 64
1791411738.777, 255.12 W, 1590 MHz, 64
1791411739.308, 255.05 W, 1590 MHz, 64
1791411739.839, 255.01 W, 1590 MHz, 64
1791411740.370, 255.48 W, 1590 MHz, 64
1791411740.904, 255.93 W, 1590 MHz, 64
1791411741.435, 255.41 W, 1590 MHz, 64
1791411741.968, 254.65 W, 1590 MHz, 64
1791411742.499, 255.41 W, 1590 MHz, 64
1791411743.033, 255.83 W, 1590 MHz, 64
1791411743.564, 255.77 W, 1590 MHz, 64
1791411744.097, 255.99 W, 1590 MHz, 64
1791411744.629, 256.19 W, 1590 MHz, 64
1791411745.159, 255.80 W, 1590 MHz, 64
1791411745.690, 255.55 W, 1590 MHz, 64
1791411746.221, 255.58 W, 1590 MHz, 64
1791411746.752, 255.11 W, 1590 MHz, 64
1791411747.286, 255.10 W, 1590 MHz, 64
1791411747.819, 255.51 W, 1590 MHz, 64
1791411748.354, 254.77 W, 1590 MHz, 64
1791411748.886, 254.96 W, 1590 MHz, 64
1791411749.417, 255.31 W, 1590 MHz, 64
1791411749.949, 255.00 W, 1590 MHz, 64
1791411750.482, 254.87 W, 1590 MHz, 64
1791411751.014, 255.92 W, 1590 MHz, 64
1791411751.547, 256.73 W, 1590 MHz, 64
1791411752.080, 256.28 W, 1590 MHz, 64
1791411752.613, 256.70 W, 1590 MHz, 64
1791411753.146, 256.96 W, 1590 MHz, 64
1791411753.679, 256.68 W, 1590 MHz, 64
1791411754.210, 256.65 W, 1590 MHz, 64
1791411754.743, 257.12 W, 1590 MHz, 64
1791411755.275, 257.02 W, 1590 MHz, 64
1791411755.808, 256.54 W, 1590 MHz, 64
1791411756.339, 255.96 W, 1590 MHz, 63
1791411756.870, 255.56 W, 1590 MHz, 63
1791411757.401, 255.62 W, 1590 MHz, 64
1791411757.932, 256.10 W, 1590 MHz, 64
1791411758.464, 255.66 W, 1590 MHz, 64
1791411758.996, 255.43 W, 1590 MHz, 63
1791411759.529, 255.83 W, 1590 MHz, 63
1791411760.063, 255.89 W, 1590 MHz, 63
1791411760.594, 255.61 W, 1590 MHz, 63
1791411761.127, 255.48 W, 1590 MHz, 63
1791411761.661, 255.73 W, 1590 MHz, 63
1791411762.194, 255.49 W, 1590 MHz, 63
1791411762.726, 256.55 W, 1590 MHz, 63
1791411763.259, 256.62 W, 1590 MHz, 63
1791411763.790, 255.53 W, 1590 MHz, 63
1791411764.320, 255.31 W, 1590 MHz, 63
1791411764.855, 255.38 W, 1590 MHz, 63
1791411765.389, 255.39 W, 1590 MHz, 63
1791411765.920, 255.61 W, 1590 MHz, 63
1791411766.455, 255.78 W, 1590 MHz, 63
1791411766.986, 255.65 W, 1590 MHz, 63
1791411767.518, 255.87 W, 1590 MHz, 63
1791411768.052, 256.14 W, 1590 MHz, 63
1791411768.585, 255.49 W, 1590 MHz, 63
1791411769.118, 254.48 W, 1590 MHz, 63
1791411769.649, 255.04 W, 1590 MHz, 63
1791411770.179, 255.20 W, 1590 MHz, 63
1791411770.710, 255.03 W, 1590 MHz, 63
1791411771.242, 254.54 W, 1590 MHz, 63
1791411771.775, 254.07 W, 1590 MHz, 63
1791411772.307, 254.43 W, 1590 MHz, 63
1791411772.839, 254.71 W, 1590 MHz, 63
1791411773.370, 254.50 W, 1590 MHz, 63
1791411773.902, 254.11 W, 1590 MHz, 63
1791411774.435, 254.01 W, 1590 MHz, 63
1791411774.968, 254.44 W, 1590 MHz, 63
1791411775.501, 253.99 W, 1590 MHz, 63
1791411776.034, 253.93 W, 1590 MHz, 63
1791411776.567, 254.66 W, 1590 MHz, 63
1791411777.101, 254.35 W, 1590 MHz, 63
1791411777.633, 253.93 W, 1590 MHz, 63
1791411778.166, 253.91 W, 1590 MHz, 63
1791411778.699, 254.47 W, 1590 MHz, 63
1791411779.234, 254.72 W, 1590 MHz, 63
1791411779.768, 254.15 W, 1590 MHz, 63
1791411780.300, 254.44 W, 1590 MHz, 63
1791411780.833, 254.62 W, 1590 MHz, 63
1791411781.366, 254.51 W, 1590 MHz, 63
1791411781.899, 254.46 W, 1590 MHz, 63
1791411782.432, 254.45 W, 1590 MHz, 63
1791411782.964, 254.54 W, 1590 MHz, 63
1791411783.497, 255.14 W, 1590 MHz, 63
1791411784.030, 255.16 W, 1590 MHz, 63
1791411784.562, 255.01 W, 1590 MHz, 63
1791411785.095, 254.70 W, 1590 MHz, 63
1791411785.627, 253.90 W, 1590 MHz, 63
1791411786.159, 254.04 W, 1590 MHz, 63
1791411786.691, 254.12 W, 1590 MHz, 63
1791411787.224, 254.01 W, 1590 MHz, 63
1791411787.756, 254.04 W, 1590 MHz, 63
1791411788.290, 253.69 W, 1590 MHz, 63
1791411788.822, 253.68 W, 1590 MHz, 63
1791411789.354, 253.62 W, 1590 MHz, 63
1791411789.886, 254.92 W, 1590 MHz, 63
1791411790.419, 256.05 W, 1590 MHz, 63
1791411790.951, 255.46 W, 1590 MHz, 63
1791411791.484, 255.29 W, 1590 MHz, 63
1791411792.017, 255.65 W, 1590 MHz, 63
1791411792.550, 255.38 W, 1590 MHz, 63
1791411793.082, 255.36 W, 1590 MHz, 63
1791411793.615, 256.16 W, 1590 MHz, 63
1791411794.150, 255.88 W, 1590 MHz, 63
1791411794.681, 255.52 W, 1590 MHz, 63
1791411795.213, 255.19 W, 1590 MHz, 63
1791411795.746, 254.49 W, 1590 MHz, 63
1791411796.279, 254.56 W, 1590 MHz, 63
1791411796.811, 254.68 W, 1590 MHz, 63
1791411797.345, 254.49 W, 1590 MHz, 63
1791411797.880, 254.52 W, 1590 MHz, 63
1791411798.413, 254.91 W, 1590 MHz, 63
1791411798.944, 255.07 W, 1590 MHz, 63
1791411799.475, 254.65 W, 1590 MHz, 63
1791411800.005, 254.11 W, 1590 MHz, 63
1791411800.536, 254.60 W, 1590 MHz, 62
1791411801.068, 254.87 W, 1590 MHz, 63
1791411801.600, 254.96 W, 1590 MHz, 63
1791411802.133, 254.71 W, 1590 MHz, 62
1791411802.666, 255.02 W, 1590 MHz, 62
1791411803.198, 255.01 W, 1590 MHz, 63
1791411803.732, 254.78 W, 1590 MHz, 62
1791411804.265, 254.88 W, 1590 MHz, 62
1791411804.797, 255.46 W, 1590 MHz, 62
1791411805.330, 255.52 W, 1590 MHz, 63
1791411805.865, 255.02 W, 1590 MHz, 63
1791411806.398, 255.83 W, 1590 MHz, 62
1791411806.930, 255.51 W, 1590 MHz, 62
1791411807.462, 254.92 W, 1590 MHz, 62
1791411807.995, 254.70 W, 1590 MHz, 63
1791411808.525, 254.51 W, 1590 MHz, 62
1791411809.057, 254.11 W, 1590 MHz, 62
1791411809.590, 254.04 W, 1590 MHz, 62
1791411810.123, 253.66 W, 1590 MHz, 62
1791411810.657, 253.35 W, 1590 MHz, 62
1791411811.188, 253.50 W, 1590 MHz, 62
1791411811.719, 253.40 W, 1590 MHz, 62
1791411812.251, 253.33 W, 1590 MHz, 62
1791411812.783, 253.21 W, 1590 MHz, 62
1791411813.317, 253.10 W, 1590 MHz, 62
1791411813.848, 253.23 W, 1590 MHz, 62
1791411814.378, 253.48 W, 1590 MHz, 62
1791411814.911, 253.29 W, 1590 MHz, 62
1791411815.444, 252.44 W, 1590 MHz, 62
1791411815.976, 252.51 W, 1590 MHz, 62
1791411816.508, 252.65 W, 1590 MHz, 62
1791411817.041, 253.39 W, 1590 MHz, 62
1791411817.573, 253.23 W, 1590 MHz, 62
1791411818.105, 253.39 W, 1590 MHz, 62
1791411818.636, 253.66 W, 1590 MHz, 62
1791411819.168, 253.63 W, 1590 MHz, 62
1791411819.701, 254.03 W, 1590 MHz, 62
1791411820.234, 254.32 W, 1590 MHz, 62
1791411820.768, 253.74 W, 1590 MHz, 62
1791411821.302, 253.58 W, 1590 MHz, 62
1791411821.834, 254.01 W, 1590 MHz, 62
1791411822.366, 254.25 W, 1590 MHz, 62
1791411822.897, 254.10 W, 1590 MHz, 62
1791411823.430, 253.70 W, 1590 MHz, 62
1791411823.960, 253.64 W, 1590 MHz, 62
1791411824.493, 253.67 W, 1590 MHz, 62
1791411825.026, 253.38 W, 1590 MHz, 62
1791411825.558, 253.06 W, 1590 MHz, 62
1791411826.090, 253.71 W, 1590 MHz, 62
1791411826.621, 254.47 W, 1590 MHz, 62
1791411827.153, 254.27 W, 1590 MHz, 62
1791411827.684, 254.03 W, 1590 MHz, 62
1791411828.215, 254.02 W, 1590 MHz, 62
1791411828.747, 254.05 W, 1590 MHz, 62
1791411829.278, 254.93 W, 1590 MHz, 62
1791411829.810, 255.57 W, 1590 MHz, 62
1791411830.343, 254.99 W, 1590 MHz, 62
1791411830.875, 254.81 W, 1590 MHz, 62
1791411831.408, 254.99 W, 1590 MHz, 62
1791411831.940, 254.84 W, 1590 MHz, 62
1791411832.472, 255.18 W, 1590 MHz, 62
1791411833.003, 255.55 W, 1590 MHz, 62
1791411833.535, 255.24 W, 1590 MHz, 62
1791411834.066, 254.89 W, 1590 MHz, 62
1791411834.596, 254.56 W, 1590 MHz, 62
1791411835.127, 254.45 W, 1590 MHz, 62
1791411835.658, 254.43 W, 1590 MHz, 62
1791411836.190, 254.75 W, 1590 MHz, 62
1791411836.722, 254.55 W, 1590 MHz, 62
1791411837.253, 254.62 W, 1590 MHz, 62
1791411837.784, 254.88 W, 1590 MHz, 62
1791411838.317, 254.84 W, 1590 MHz, 62
1791411838.849, 254.44 W, 1590 MHz, 62
1791411839.382, 254.21 W, 1590 MHz, 62
1791411839.914, 254.24 W, 1590 MHz, 62
1791411840.447, 255.07 W, 1590 MHz, 62
1791411840.980, 255.39 W, 1590 MHz, 62
1791411841.513, 254.55 W, 1590 MHz, 62
1791411842.046, 254.16 W, 1590 MHz, 62
1791411842.579, 254.09 W, 1590 MHz, 62
1791411843.110, 253.76 W, 1582 MHz, 62
1791411843.643, 253.91 W, 1590 MHz, 62
1791411844.177, 254.15 W, 1590 MHz, 62
1791411844.711, 254.18 W, 1590 MHz, 62
1791411845.243, 254.21 W, 1590 MHz, 62
1791411845.775, 254.27 W, 1590 MHz, 62
1791411846.308, 254.31 W, 1590 MHz, 62
1791411846.839, 253.54 W, 1590 MHz, 62
1791411847.371, 253.56 W, 1590 MHz, 62
1791411847.901, 253.93 W, 1590 MHz, 62
1791411848.433, 253.72 W, 1590 MHz, 62
1791411848.966, 253.75 W, 1590 MHz, 62
1791411849.498, 253.37 W, 1590 MHz, 62
1791411850.031, 253.49 W, 1590 MHz, 62
1791411850.565, 253.74 W, 1590 MHz, 62
1791411851.097, 253.23 W, 1590 MHz, 62
1791411851.628, 253.03 W, 1590 MHz, 62
1791411852.159, 254.09 W, 1590 MHz, 62
1791411852.690, 254.22 W, 1590 MHz, 62
1791411853.223, 253.35 W, 1590 MHz, 62
1791411853.754, 253.77 W, 1590 MHz, 62
1791411854.288, 254.44 W, 1590 MHz, 62
1791411854.820, 254.11 W, 1590 MHz, 62
1791411855.351, 253.68 W, 1590 MHz, 62
1791411855.883, 253.38 W, 1590 MHz, 62
1791411856.415, 253.31 W, 1590 MHz, 62
1791411856.947, 253.43 W, 1590 MHz, 62
1791411857.480, 253.21 W, 1590 MHz, 62
1791411858.011, 253.14 W, 1582 MHz, 62
1791411858.545, 253.44 W, 1590 MHz, 62
1791411859.080, 253.47 W, 1590 MHz, 62
1791411859.611, 253.56 W, 1590 MHz, 62
1791411860.145, 253.94 W, 1590 MHz, 62
1791411860.678, 253.92 W, 1590 MHz, 62
1791411861.212, 254.31 W, 1590 MHz, 62
1791411861.744, 254.36 W, 1590 MHz, 62
1791411862.277, 253.55 W, 1590 MHz, 62
1791411862.810, 253.02 W, 1590 MHz, 62
1791411863.342, 253.21 W, 1590 MHz, 62
1791411863.873, 253.34 W, 1590 MHz, 62
1791411864.405, 253.19 W, 1590 MHz, 62
1791411864.938, 252.93 W, 1590 MHz, 62
1791411865.472, 252.77 W, 1590 MHz, 62
1791411866.003, 252.89 W, 1590 MHz, 62
1791411866.535, 253.24 W, 1590 MHz, 62
1791411867.067, 253.21 W, 1590 MHz, 62
1791411867.597, 195.02 W, 1597 MHz, 61
1791411868.126, 96.74 W, 1597 MHz, 59
1791411868.654, 96.74 W, 1597 MHz, 58
1791411869.185, 72.23 W, 1597 MHz, 58
1791411869.715, 72.23 W, 1597 MHz, 58
1791411870.244, 72.12 W, 1597 MHz, 58
1791411870.774, 72.12 W, 1597 MHz, 58
1791411871.302, 71.67 W, 1597 MHz, 57
1791411871.832, 71.67 W, 1597 MHz, 57
1791411872.363, 71.47 W, 1597 MHz, 57
1791411872.892, 71.47 W, 1597 MHz, 57
1791411873.424, 71.27 W, 1597 MHz, 57
1791411873.953, 71.27 W, 1597 MHz, 57
1791411874.484, 71.06 W, 1597 MHz, 57
1791411875.014, 71.06 W, 1597 MHz, 57
1791411875.543, 71.03 W, 1597 MHz, 56
1791411876.073, 71.03 W, 1597 MHz, 56
1791411876.602, 70.60 W, 1597 MHz, 56
1791411877.133, 70.47 W, 1597 MHz, 56
1791411877.663, 70.47 W, 1597 MHz, 56
1791411878.192, 70.33 W, 1597 MHz, 56
1791411878.721, 70.33 W, 1597 MHz, 56
1791411879.251, 70.35 W, 1597 MHz, 56
1791411879.778, 70.35 W, 1597 MHz, 56
1791411880.306, 70.19 W, 1597 MHz, 55
1791411880.835, 70.19 W, 1597 MHz, 55
1791411881.364, 70.05 W, 1597 MHz, 55
1791411881.892, 70.05 W, 1597 MHz, 55
1791411882.422, 69.97 W, 1597 MHz, 55
1791411882.952, 69.97 W, 1597 MHz, 55
1791411883.481, 69.98 W, 1597 MHz, 55
1791411884.012, 69.98 W, 1597 MHz, 55
1791411884.542, 69.52 W, 1597 MHz, 55
1791411885.072, 69.52 W, 1597 MHz, 55
1791411885.604, 69.05 W, 1597 MHz, 54
1791411886.134, 68.86 W, 1597 MHz, 54
1791411886.664, 68.86 W, 1597 MHz, 54
1791411887.194, 68.79 W, 1597 MHz, 54
1791411887.724, 68.79 W, 1597 MHz, 54
1791411888.252, 69.18 W, 1597 MHz, 54
1791411888.782, 69.18 W, 1597 MHz, 54
1791411889.312, 69.11 W, 1597 MHz, 54
1791411889.842, 69.11 W, 1597 MHz, 54
1791411890.371, 68.91 W, 1597 MHz, 54
1791411890.901, 68.91 W, 1597 MHz, 54
1791411891.431, 68.84 W, 1597 MHz, 53
1791411891.963, 68.84 W, 1597 MHz, 53
1791411892.493, 68.80 W, 1597 MHz, 53
1791411893.022, 68.80 W, 1597 MHz, 53
1791411893.551, 68.53 W, 1597 MHz, 53
1791411894.081, 68.53 W, 1597 MHz, 53
1791411894.609, 68.55 W, 1597 MHz, 53
1791411895.139, 68.36 W, 1597 MHz, 53
1791411895.668, 68.36 W, 1597 MHz, 53
1791411896.197, 68.33 W, 1597 MHz, 53
1791411896.729, 68.33 W, 1597 MHz, 53
1791411897.256, 68.43 W, 1597 MHz, 53
1791411897.784, 68.43 W, 1597 MHz, 53
1791411898.313, 89.30 W, 2692 MHz, 53
1791411898.842, 89.30 W, 2692 MHz, 53
1791411899.372, 90.29 W, 2692 MHz, 53
1791411899.901, 90.29 W, 2692 MHz, 53
1791411900.430, 91.15 W, 2692 MHz, 53
1791411900.960, 91.15 W, 2692 MHz, 53
1791411901.491, 91.00 W, 2692 MHz, 53
1791411902.021, 91.00 W, 2692 MHz, 53
1791411902.550, 91.06 W, 2692 MHz, 53
1791411903.080, 91.06 W, 2692 MHz, 53
1791411903.608, 90.96 W, 2692 MHz, 53
1791411904.137, 90.91 W, 2692 MHz, 53
1791411904.667, 90.91 W, 2692 MHz, 53
1791411905.196, 90.76 W, 2692 MHz, 53
1791411905.725, 90.76 W, 2692 MHz, 52
1791411906.254, 90.42 W, 2692 MHz, 52
1791411906.782, 90.42 W, 2692 MHz, 52
1791411907.311, 90.49 W, 2692 MHz, 52
1791411907.839, 90.49 W, 2692 MHz, 52
1791411908.368, 90.17 W, 2692 MHz, 52
1791411908.898, 90.17 W, 2692 MHz, 52
1791411909.428, 89.99 W, 2692 MHz, 52
1791411909.957, 89.99 W, 2692 MHz, 52
1791411910.486, 89.66 W, 2692 MHz, 52
1791411911.015, 89.66 W, 2692 MHz, 52
1791411911.544, 89.53 W, 2692 MHz, 52
1791411912.074, 89.53 W, 2692 MHz, 52
1791411912.604, 89.76 W, 2692 MHz, 52
1791411913.134, 89.77 W, 2692 MHz, 52
1791411913.664, 89.77 W, 2692 MHz, 52
1791411914.195, 89.92 W, 2692 MHz, 52
1791411914.724, 89.92 W, 2692 MHz, 52
1791411915.253, 89.78 W, 2692 MHz, 52
1791411915.782, 89.78 W, 2692 MHz, 52
1791411916.312, 89.81 W, 2692 MHz, 51
1791411916.842, 89.81 W, 2692 MHz, 51
1791411917.371, 89.72 W, 2692 MHz, 51
1791411917.901, 89.72 W, 2692 MHz, 51
1791411918.430, 89.69 W, 2692 MHz, 51
1791411918.959, 89.69 W, 2692 MHz, 51
1791411919.488, 89.77 W, 2692 MHz, 51
1791411920.016, 89.77 W, 2692 MHz, 51
1791411920.545, 89.78 W, 2692 MHz, 51
1791411921.074, 89.78 W, 2692 MHz, 51
1791411921.603, 89.80 W, 2692 MHz, 51
1791411922.133, 89.51 W, 2692 MHz, 51
1791411922.661, 89.51 W, 2692 MHz, 51
1791411923.191, 89.69 W, 2692 MHz, 51
1791411923.722, 89.69 W, 2692 MHz, 51
1791411924.251, 89.37 W, 2692 MHz, 51
1791411924.780, 89.37 W, 2692 MHz, 51
1791411925.309, 89.46 W, 2692 MHz, 51
1791411925.838, 89.46 W, 2692 MHz, 51
1791411926.367, 89.47 W, 2692 MHz, 51
1791411926.896, 89.47 W, 2692 MHz, 51
1791411927.426, 89.03 W, 2692 MHz, 51
1791411927.957, 89.03 W, 2692 MHz, 51
1791411928.486, 89.14 W, 2692 MHz, 50
1791411929.016, 89.14 W, 2692 MHz, 50
1791411929.546, 89.11 W, 2692 MHz, 50
1791411930.076, 89.11 W, 2692 MHz, 50
1791411930.605, 88.82 W, 2692 MHz, 50
1791411931.134, 88.86 W, 2692 MHz, 50
1791411931.663, 88.86 W, 2692 MHz, 50
1791411932.192, 88.89 W, 2692 MHz, 50
1791411932.721, 88.89 W, 2692 MHz, 50
1791411933.250, 88.69 W, 2692 MHz, 50
1791411933.780, 88.69 W, 2692 MHz, 50
1791411934.308, 88.55 W, 2692 MHz, 50
1791411934.837, 88.55 W, 2692 MHz, 50
1791411935.366, 88.59 W, 2692 MHz, 50
1791411935.896, 88.59 W, 2692 MHz, 50
1791411936.426, 88.58 W, 2692 MHz, 50
1791411936.956, 88.58 W, 2692 MHz, 50
1791411937.485, 88.50 W, 2692 MHz, 50
1791411938.013, 88.50 W, 2692 MHz, 50
1791411938.542, 88.48 W, 2692 MHz, 50
1791411939.070, 88.48 W, 2692 MHz, 50
1791411939.598, 88.46 W, 2692 MHz, 50
1791411940.128, 88.50 W, 2692 MHz, 50
1791411940.655, 88.50 W, 2692 MHz, 50
1791411941.184, 88.58 W, 2692 MHz, 50
1791411941.714, 88.58 W, 2692 MHz, 50
1791411942.242, 88.33 W, 2692 MHz, 49
1791411942.771, 88.33 W, 2692 MHz, 49
1791411943.300, 88.37 W, 2692 MHz, 49
1791411943.830, 88.37 W, 2692 MHz, 49
1791411944.360, 88.04 W, 2692 MHz, 49
1791411944.889, 88.04 W, 2692 MHz, 49
1791411945.418, 88.10 W, 2692 MHz, 49
1791411945.947, 88.10 W, 2692 MHz, 49
1791411946.476, 88.22 W, 2692 MHz, 49
1791411947.006, 88.22 W, 2692 MHz, 49
1791411947.536, 88.32 W, 2692 MHz, 49
1791411948.065, 88.32 W, 2692 MHz, 49
1791411948.595, 88.21 W, 2692 MHz, 49
1791411949.126, 88.09 W, 2692 MHz, 49
1791411949.655, 88.09 W, 2692 MHz, 49
1791411950.184, 88.04 W, 2692 MHz, 49
1791411950.713, 88.04 W, 2692 MHz, 49
1791411951.242, 88.24 W, 2692 MHz, 49
1791411951.770, 88.24 W, 2692 MHz, 49
1791411952.298, 88.29 W, 2692 MHz, 49
1791411952.827, 88.29 W, 2692 MHz, 49
1791411953.357, 88.09 W, 2692 MHz, 49
1791411953.887, 88.09 W, 2692 MHz, 49
1791411954.416, 88.06 W, 2692 MHz, 49
1791411954.946, 88.06 W, 2692 MHz, 49
1791411955.475, 88.15 W, 2692 MHz, 49
1791411956.003, 88.15 W, 2692 MHz, 49
1791411956.532, 88.09 W, 2692 MHz, 49
1791411957.061, 88.09 W, 2692 MHz, 49
1791411957.591, 87.89 W, 2692 MHz, 49
1791411958.119, 87.81 W, 2692 MHz, 49
1791411958.648, 87.81 W, 2692 MHz, 49
1791411959.178, 87.80 W, 2692 MHz, 49
1791411959.709, 87.80 W, 2692 MHz, 49
1791411960.238, 87.89 W, 2692 MHz, 48
1791411960.767, 87.89 W, 2692 MHz, 48
1791411961.296, 87.89 W, 2692 MHz, 48
1791411961.824, 87.89 W, 2692 MHz, 48
1791411962.354, 87.79 W, 2692 MHz, 48
1791411962.882, 87.79 W, 2692 MHz, 48
1791411963.411, 87.86 W, 2692 MHz, 48
1791411963.939, 87.86 W, 2692 MHz, 48
1791411964.470, 87.75 W, 2692 MHz, 48
1791411964.999, 87.75 W, 2692 MHz, 48
1791411965.529, 87.56 W, 2692 MHz, 48
1791411966.058, 87.56 W, 2692 MHz, 48
1791411966.588, 87.57 W, 2692 MHz, 48
1791411967.115, 87.52 W, 2692 MHz, 48
1791411967.644, 87.52 W, 2692 MHz, 48
1791411968.172, 87.64 W, 2692 MHz, 48
1791411968.702, 87.64 W, 2692 MHz, 48
1791411969.233, 87.65 W, 2692 MHz, 48
1791411969.762, 87.65 W, 2692 MHz, 48
1791411970.291, 87.64 W, 2692 MHz, 48
1791411970.819, 87.64 W, 2692 MHz, 48
1791411971.349, 87.57 W, 2692 MHz, 48
1791411971.879, 87.57 W, 2692 MHz, 48
1791411972.409, 87.57 W, 2692 MHz, 48
1791411972.939, 87.57 W, 2692 MHz, 48
1791411973.469, 87.58 W, 2692 MHz, 48
1791411973.998, 87.58 W, 2692 MHz, 48
1791411974.526, 87.65 W, 2692 MHz, 48
1791411975.057, 87.65 W, 2692 MHz, 48
1791411975.583, 87.66 W, 2692 MHz, 48
1791411976.113, 87.64 W, 2692 MHz, 48
1791411976.641, 87.64 W, 2692 MHz, 48
1791411977.169, 87.48 W, 2692 MHz, 48
1791411977.700, 87.48 W, 2692 MHz, 48
1791411978.231, 87.52 W, 2692 MHz, 48
1791411978.760, 87.52 W, 2692 MHz, 48
1791411979.291, 87.55 W, 2692 MHz, 48
1791411979.821, 87.55 W, 2692 MHz, 48
1791411980.350, 87.58 W, 2692 MHz, 48
1791411980.880, 87.58 W, 2692 MHz, 48
1791411981.409, 87.70 W, 2692 MHz, 48
1791411981.938, 87.70 W, 2692 MHz, 48
1791411982.467, 87.60 W, 2692 MHz, 48
1791411982.997, 87.60 W, 2692 MHz, 48
1791411983.526, 87.53 W, 2692 MHz, 47
1791411984.056, 87.53 W, 2692 MHz, 47
1791411984.586, 87.46 W, 2692 MHz, 47
1791411985.114, 87.45 W, 2692 MHz, 47
1791411985.643, 87.45 W, 2692 MHz, 47
1791411986.172, 87.42 W, 2692 MHz, 47
1791411986.701, 87.42 W, 2692 MHz, 47
1791411987.231, 87.38 W, 2692 MHz, 47
1791411987.758, 87.38 W, 2692 MHz, 47
1791411988.287, 168.23 W, 2467 MHz, 59
1791411988.817, 320.27 W, 2445 MHz, 62
1791411989.348, 601.30 W, 2437 MHz, 63
1791411989.881, 600.33 W, 2422 MHz, 63
1791411990.412, 600.42 W, 2422 MHz, 65
1791411990.943, 600.57 W, 2422 MHz, 63
1791411991.475, 600.72 W, 2407 MHz, 65
1791411992.007, 599.64 W, 2415 MHz, 65
1791411992.538, 599.18 W, 2407 MHz, 65
1791411993.070, 600.49 W, 2407 MHz, 66
1791411993.601, 600.72 W, 2400 MHz, 66
1791411994.133, 601.50 W, 2400 MHz, 67
1791411994.665, 599.21 W, 2400 MHz, 67
1791411995.197, 600.07 W, 2392 MHz, 68
1791411995.731, 598.83 W, 2392 MHz, 67
1791411996.261, 600.61 W, 2407 MHz, 69
1791411996.793, 599.10 W, 2400 MHz, 69
1791411997.325, 597.79 W, 2385 MHz, 69
1791411997.857, 599.26 W, 2400 MHz, 69
1791411998.389, 600.70 W, 2407 MHz, 70
1791411998.922, 598.90 W, 2407 MHz, 70
1791411999.454, 599.89 W, 2407 MHz, 70
1791411999.985, 600.17 W, 2392 MHz, 71
1791412000.518, 574.04 W, 2400 MHz, 71
1791412001.049, 478.46 W, 2685 MHz, 64
1791412001.580, 382.71 W, 2692 MHz, 63
1791412002.108, 252.21 W, 2692 MHz, 58
1791412002.635, 146.34 W, 2692 MHz, 57
1791412003.164, 146.34 W, 2692 MHz, 57
1791412003.692, 96.10 W, 2692 MHz, 57
1791412004.221, 96.10 W, 2692 MHz, 56
1791412004.748, 95.18 W, 2692 MHz, 55
1791412005.275, 95.18 W, 2692 MHz, 55
1791412005.804, 95.15 W, 2692 MHz, 55
1791412006.334, 208.88 W, 2415 MHz, 67
1791412006.863, 562.78 W, 2392 MHz, 69
1791412007.393, 601.79 W, 2392 MHz, 70
1791412007.925, 601.22 W, 2392 MHz, 70
1791412008.457, 600.90 W, 2370 MHz, 70
1791412008.987, 599.40 W, 2377 MHz, 71
1791412009.520, 598.84 W, 2377 MHz, 69
1791412010.050, 598.70 W, 2377 MHz, 72
1791412010.580, 600.25 W, 2370 MHz, 73
1791412011.111, 598.24 W, 2370 MHz, 73
1791412011.642, 598.85 W, 2377 MHz, 73
1791412012.173, 598.94 W, 2370 MHz, 73
1791412012.704, 600.20 W, 2347 MHz, 73
1791412013.236, 600.23 W, 2355 MHz, 73
1791412013.767, 599.91 W, 2362 MHz, 74
1791412014.300, 600.98 W, 2370 MHz, 74
1791412014.833, 600.33 W, 2362 MHz, 75
1791412015.363, 597.62 W, 2355 MHz, 73
1791412015.897, 597.55 W, 2362 MHz, 75
1791412016.429, 601.23 W, 2370 MHz, 75
1791412016.961, 599.83 W, 2377 MHz, 75
1791412017.493, 598.80 W, 2377 MHz, 75
1791412018.024, 598.35 W, 2377 MHz, 75
1791412018.555, 599.70 W, 2377 MHz, 75
1791412019.086, 599.51 W, 2362 MHz, 76
1791412019.617, 598.51 W, 2362 MHz, 77
1791412020.150, 600.40 W, 2362 MHz, 77
1791412020.682, 599.36 W, 2362 MHz, 77
1791412021.213, 599.45 W, 2362 MHz, 76
1791412021.745, 600.23 W, 2370 MHz, 78
1791412022.275, 600.17 W, 2370 MHz, 78
1791412022.806, 601.15 W, 2370 MHz, 78
1791412023.335, 599.69 W, 2362 MHz, 78
1791412023.865, 600.27 W, 2362 MHz, 78
1791412024.396, 601.17 W, 2370 MHz, 77
1791412024.926, 600.33 W, 2347 MHz, 78
1791412025.457, 599.12 W, 2355 MHz, 79
1791412025.990, 600.95 W, 2355 MHz, 79
1791412026.520, 600.26 W, 2370 MHz, 79
1791412027.051, 600.27 W, 2355 MHz, 80
1791412027.583, 599.41 W, 2362 MHz, 80
1791412028.114, 599.22 W, 2355 MHz, 80
1791412028.646, 598.75 W, 2355 MHz, 80
1791412029.178, 599.10 W, 2347 MHz, 80
1791412029.710, 598.80 W, 2347 MHz, 80
1791412030.242, 600.32 W, 2347 MHz, 81
1791412030.775, 599.44 W, 2347 MHz, 79
1791412031.307, 599.40 W, 2347 MHz, 81
1791412031.837, 599.42 W, 2362 MHz, 79
1791412032.368, 599.91 W, 2355 MHz, 81
1791412032.899, 601.44 W, 2362 MHz, 81
1791412033.432, 599.32 W, 2347 MHz, 82
1791412033.964, 598.89 W, 2362 MHz, 81
1791412034.496, 599.65 W, 2340 MHz, 82
1791412035.027, 599.62 W, 2340 MHz, 81
1791412035.560, 599.26 W, 2340 MHz, 82
1791412036.092, 598.29 W, 2347 MHz, 80
1791412036.625, 598.84 W, 2347 MHz, 82
1791412037.157, 599.47 W, 2347 MHz, 82
1791412037.689, 599.47 W, 2340 MHz, 83
1791412038.218, 600.35 W, 2340 MHz, 83
1791412038.749, 600.03 W, 2340 MHz, 83
1791412039.280, 600.17 W, 2362 MHz, 83
1791412039.811, 600.76 W, 2355 MHz, 83
1791412040.342, 598.76 W, 2340 MHz, 84
1791412040.873, 599.36 W, 2347 MHz, 84
1791412041.405, 599.12 W, 2347 MHz, 84
1791412041.937, 599.66 W, 2332 MHz, 83
1791412042.470, 600.00 W, 2340 MHz, 83
1791412043.003, 600.43 W, 2332 MHz, 82
1791412043.536, 599.26 W, 2340 MHz, 84
1791412044.067, 600.16 W, 2332 MHz, 84
1791412044.598, 600.47 W, 2325 MHz, 84
1791412045.130, 598.33 W, 2340 MHz, 85
1791412045.662, 599.09 W, 2332 MHz, 85
1791412046.194, 599.59 W, 2362 MHz, 84
1791412046.726, 600.20 W, 2362 MHz, 85
1791412047.257, 598.88 W, 2355 MHz, 83
1791412047.787, 598.58 W, 2370 MHz, 83
1791412048.322, 598.88 W, 2370 MHz, 85
1791412048.853, 600.34 W, 2362 MHz, 86
1791412049.382, 598.71 W, 2347 MHz, 86
1791412049.913, 598.18 W, 2340 MHz, 86
1791412050.443, 599.16 W, 2347 MHz, 86
1791412050.974, 600.49 W, 2347 MHz, 86
1791412051.504, 598.05 W, 2362 MHz, 86
1791412052.034, 599.44 W, 2347 MHz, 86
1791412052.565, 598.91 W, 2347 MHz, 86
1791412053.097, 600.20 W, 2355 MHz, 86
1791412053.631, 600.23 W, 2347 MHz, 84
1791412054.163, 600.10 W, 2332 MHz, 86
1791412054.695, 598.73 W, 2340 MHz, 87
1791412055.225, 599.95 W, 2347 MHz, 87
1791412055.756, 599.92 W, 2355 MHz, 86
1791412056.289, 599.86 W, 2355 MHz, 86
1791412056.820, 600.03 W, 2362 MHz, 86
1791412057.351, 599.67 W, 2362 MHz, 87
1791412057.883, 599.37 W, 2355 MHz, 87
1791412058.413, 600.12 W, 2355 MHz, 87
1791412058.947, 599.00 W, 2370 MHz, 88
1791412059.478, 599.93 W, 2355 MHz, 88
1791412060.012, 599.85 W, 2340 MHz, 88
1791412060.545, 511.98 W, 2685 MHz, 81
1791412061.079, 430.26 W, 2685 MHz, 80
1791412061.607, 320.39 W, 2692 MHz, 77
1791412062.135, 154.87 W, 2692 MHz, 74
1791412062.663, 154.87 W, 2692 MHz, 73
1791412063.191, 113.31 W, 2692 MHz, 73
1791412063.719, 113.31 W, 2692 MHz, 72
1791412064.246, 110.99 W, 2692 MHz, 71
1791412064.774, 110.99 W, 2692 MHz, 71
1791412065.303, 110.81 W, 2692 MHz, 70
1791412065.834, 186.39 W, 2422 MHz, 81
1791412066.366, 423.10 W, 2317 MHz, 83
1791412066.898, 600.45 W, 2280 MHz, 84
1791412067.429, 599.10 W, 2280 MHz, 85
1791412067.961, 600.05 W, 2280 MHz, 85
1791412068.491, 599.94 W, 2287 MHz, 86
1791412069.020, 598.75 W, 2280 MHz, 85
1791412069.550, 598.61 W, 2280 MHz, 86
1791412070.081, 600.56 W, 2287 MHz, 86
1791412070.611, 599.54 W, 2257 MHz, 86
1791412071.140, 600.34 W, 2265 MHz, 86
1791412071.672, 599.86 W, 2272 MHz, 86
1791412072.204, 599.43 W, 2280 MHz, 87
1791412072.734, 599.30 W, 2272 MHz, 87
1791412073.266, 599.79 W, 2280 MHz, 87
1791412073.797, 599.38 W, 2265 MHz, 87
1791412074.328, 599.16 W, 2272 MHz, 87
1791412074.859, 600.19 W, 2272 MHz, 87
1791412075.391, 598.92 W, 2265 MHz, 87
1791412075.922, 598.56 W, 2295 MHz, 87
1791412076.454, 599.60 W, 2272 MHz, 87
1791412076.984, 599.27 W, 2272 MHz, 87
1791412077.516, 599.87 W, 2265 MHz, 87
1791412078.049, 599.31 W, 2287 MHz, 88
1791412078.581, 598.84 W, 2272 MHz, 88
1791412079.112, 600.31 W, 2287 MHz, 88
1791412079.642, 600.23 W, 2265 MHz, 88
1791412080.173, 599.80 W, 2272 MHz, 88
1791412080.703, 599.55 W, 2265 MHz, 88
1791412081.234, 598.59 W, 2265 MHz, 88
1791412081.765, 599.80 W, 2257 MHz, 88
1791412082.297, 600.00 W, 2280 MHz, 88
1791412082.829, 599.22 W, 2280 MHz, 88
1791412083.360, 600.89 W, 2287 MHz, 87
1791412083.892, 599.65 W, 2272 MHz, 89
1791412084.425, 599.77 W, 2280 MHz, 87
1791412084.957, 599.40 W, 2265 MHz, 89
1791412085.488, 599.55 W, 2280 MHz, 86
1791412086.020, 599.98 W, 2272 MHz, 89
1791412086.551, 600.60 W, 2280 MHz, 88
1791412087.082, 599.55 W, 2272 MHz, 89
1791412087.612, 599.66 W, 2265 MHz, 89
1791412088.144, 599.63 W, 2265 MHz, 89
1791412088.674, 599.07 W, 2265 MHz, 89
1791412089.204, 598.80 W, 2272 MHz, 90
1791412089.734, 599.76 W, 2265 MHz, 89
1791412090.266, 601.31 W, 2272 MHz, 90
1791412090.795, 600.58 W, 2280 MHz, 90
1791412091.326, 599.62 W, 2280 MHz, 90
1791412091.858, 599.82 W, 2265 MHz, 90
1791412092.390, 598.93 W, 2272 MHz, 90
1791412092.923, 599.73 W, 2272 MHz, 90
1791412093.454, 600.85 W, 2257 MHz, 89
1791412093.983, 599.69 W, 2272 MHz, 90
1791412094.515, 599.68 W, 2265 MHz, 88
1791412095.046, 598.72 W, 2272 MHz, 89
1791412095.578, 600.46 W, 2265 MHz, 90
1791412096.109, 600.62 W, 2265 MHz, 90
1791412096.640, 598.84 W, 2280 MHz, 90
1791412097.169, 599.03 W, 2272 MHz, 90
1791412097.700, 599.86 W, 2295 MHz, 91
1791412098.231, 599.22 W, 2295 MHz, 90
1791412098.762, 599.20 W, 2287 MHz, 90
1791412099.294, 599.12 W, 2287 MHz, 90
1791412099.825, 599.58 W, 2280 MHz, 90
1791412100.357, 599.98 W, 2295 MHz, 91
1791412100.887, 598.85 W, 2287 MHz, 91
1791412101.419, 600.04 W, 2287 MHz, 91
1791412101.950, 600.94 W, 2280 MHz, 91
1791412102.482, 600.32 W, 2280 MHz, 88
1791412103.015, 599.50 W, 2295 MHz, 90
1791412103.545, 599.92 W, 2272 MHz, 91
1791412104.076, 600.06 W, 2265 MHz, 90
1791412104.609, 599.18 W, 2287 MHz, 91
1791412105.140, 600.79 W, 2295 MHz, 91
1791412105.672, 599.42 W, 2280 MHz, 90
1791412106.204, 600.26 W, 2272 MHz, 91
1791412106.735, 599.60 W, 2272 MHz, 91
1791412107.266, 600.57 W, 2295 MHz, 91
1791412107.796, 599.74 W, 2287 MHz, 90
1791412108.327, 600.03 W, 2287 MHz, 90
1791412108.857, 599.94 W, 2310 MHz, 90
1791412109.387, 598.46 W, 2310 MHz, 91
1791412109.916, 600.95 W, 2295 MHz, 90
1791412110.445, 600.08 W, 2295 MHz, 91
1791412110.979, 599.93 W, 2295 MHz, 91
1791412111.509, 599.66 W, 2310 MHz, 91
1791412112.042, 599.26 W, 2310 MHz, 90
1791412112.575, 598.44 W, 2310 MHz, 91
1791412113.107, 598.50 W, 2295 MHz, 91
1791412113.640, 599.79 W, 2287 MHz, 91
1791412114.171, 598.50 W, 2287 MHz, 91
1791412114.703, 599.69 W, 2310 MHz, 91
1791412115.233, 598.54 W, 2287 MHz, 90
1791412115.765, 600.34 W, 2287 MHz, 91
1791412116.298, 599.66 W, 2295 MHz, 91
1791412116.831, 599.58 W, 2302 MHz, 91
1791412117.363, 599.72 W, 2295 MHz, 91
1791412117.894, 599.61 W, 2317 MHz, 90
1791412118.424, 600.03 W, 2310 MHz, 91
1791412118.957, 598.90 W, 2310 MHz, 88
1791412119.489, 599.76 W, 2332 MHz, 90
1791412120.021, 599.64 W, 2325 MHz, 91
1791412120.550, 600.08 W, 2332 MHz, 90
1791412121.080, 599.69 W, 2302 MHz, 90
1791412121.613, 555.06 W, 2685 MHz, 91
1791412122.146, 463.05 W, 2685 MHz, 84
1791412122.673, 372.08 W, 2692 MHz, 83
1791412123.201, 214.42 W, 2692 MHz, 77
1791412123.733, 341.95 W, 2295 MHz, 76
1791412124.264, 597.96 W, 2242 MHz, 89
1791412124.794, 599.13 W, 2220 MHz, 89
1791412125.326, 599.55 W, 2227 MHz, 89
1791412125.857, 599.67 W, 2227 MHz, 90
1791412126.388, 599.07 W, 2235 MHz, 90
1791412126.919, 598.19 W, 2235 MHz, 90
1791412127.448, 599.64 W, 2242 MHz, 90
1791412127.980, 599.16 W, 2235 MHz, 87
1791412128.513, 600.03 W, 2227 MHz, 90
1791412129.045, 600.16 W, 2235 MHz, 90
1791412129.577, 599.22 W, 2242 MHz, 89
1791412130.106, 599.80 W, 2242 MHz, 90
1791412130.639, 599.25 W, 2227 MHz, 90
1791412131.170, 598.37 W, 2250 MHz, 90
1791412131.700, 600.20 W, 2220 MHz, 90
1791412132.230, 599.50 W, 2227 MHz, 89
1791412132.763, 599.90 W, 2212 MHz, 90
1791412133.296, 599.58 W, 2250 MHz, 88
1791412133.828, 599.30 W, 2242 MHz, 90
1791412134.361, 599.62 W, 2265 MHz, 89
1791412134.894, 599.26 W, 2242 MHz, 90
1791412135.425, 599.06 W, 2250 MHz, 90
1791412135.954, 600.05 W, 2235 MHz, 88
1791412136.487, 599.77 W, 2242 MHz, 90
1791412137.018, 512.99 W, 2685 MHz, 84
1791412137.552, 435.89 W, 2685 MHz, 83
1791412138.081, 310.53 W, 2692 MHz, 78
1791412138.612, 211.56 W, 2512 MHz, 76
1791412139.143, 476.24 W, 2257 MHz, 87
1791412139.675, 602.37 W, 2250 MHz, 88
1791412140.205, 601.38 W, 2242 MHz, 89
1791412140.735, 599.78 W, 2242 MHz, 89
1791412141.266, 600.16 W, 2250 MHz, 89
1791412141.797, 599.59 W, 2242 MHz, 89
1791412142.329, 599.94 W, 2242 MHz, 88
1791412142.860, 599.33 W, 2227 MHz, 89
1791412143.392, 600.87 W, 2250 MHz, 89
1791412143.923, 600.25 W, 2227 MHz, 89
1791412144.455, 600.37 W, 2227 MHz, 89
1791412144.985, 600.99 W, 2235 MHz, 89
1791412145.515, 600.38 W, 2227 MHz, 89
1791412146.049, 600.37 W, 2220 MHz, 89
1791412146.579, 601.28 W, 2227 MHz, 89
1791412147.109, 599.59 W, 2227 MHz, 89
1791412147.643, 599.23 W, 2227 MHz, 89
1791412148.175, 600.02 W, 2235 MHz, 88
1791412148.707, 599.47 W, 2257 MHz, 89
1791412149.238, 598.52 W, 2257 MHz, 89
1791412149.769, 599.94 W, 2257 MHz, 89
1791412150.300, 599.71 W, 2235 MHz, 89
1791412150.831, 599.84 W, 2242 MHz, 90
1791412151.361, 599.90 W, 2242 MHz, 89
1791412151.896, 565.14 W, 2565 MHz, 84
1791412152.429, 472.41 W, 2685 MHz, 83
1791412152.963, 411.86 W, 2685 MHz, 82
1791412153.496, 406.08 W, 2685 MHz, 82
1791412154.030, 415.79 W, 2685 MHz, 81
1791412154.564, 415.21 W, 2685 MHz, 81
1791412155.096, 415.11 W, 2685 MHz, 81
1791412155.628, 414.62 W, 2685 MHz, 81
1791412156.162, 414.76 W, 2685 MHz, 80
1791412156.694, 414.49 W, 2692 MHz, 81
1791412157.227, 413.27 W, 2685 MHz, 80
1791412157.759, 412.44 W, 2685 MHz, 80
1791412158.293, 412.51 W, 2685 MHz, 80
1791412158.825, 412.75 W, 2685 MHz, 80
1791412159.358, 412.22 W, 2692 MHz, 80
1791412159.891, 412.57 W, 2685 MHz, 80
1791412160.425, 412.64 W, 2685 MHz, 79
1791412160.957, 411.51 W, 2692 MHz, 79
1791412161.490, 410.68 W, 2685 MHz, 79
1791412162.024, 410.11 W, 2692 MHz, 79
1791412162.557, 410.80 W, 2685 MHz, 79
1791412163.089, 410.84 W, 2692 MHz, 79
1791412163.622, 409.91 W, 2685 MHz, 79
1791412164.154, 409.79 W, 2685 MHz, 79
1791412164.687, 409.30 W, 2685 MHz, 79
1791412165.217, 409.00 W, 2685 MHz, 79
1791412165.749, 408.89 W, 2685 MHz, 78
1791412166.281, 408.88 W, 2685 MHz, 78
1791412166.813, 408.76 W, 2685 MHz, 78
1791412167.344, 408.20 W, 2685 MHz, 78
1791412167.877, 407.60 W, 2692 MHz, 78
1791412168.409, 407.58 W, 2685 MHz, 78
1791412168.940, 407.14 W, 2685 MHz, 78
1791412169.473, 406.83 W, 2685 MHz, 78
1791412170.005, 406.31 W, 2685 MHz, 78
1791412170.537, 405.33 W, 2685 MHz, 78
1791412171.073, 405.40 W, 2685 MHz, 77
1791412171.605, 405.42 W, 2685 MHz, 78
1791412172.137, 404.68 W, 2692 MHz, 77
1791412172.669, 404.57 W, 2685 MHz, 77
1791412173.201, 404.65 W, 2685 MHz, 77
1791412173.734, 403.97 W, 2685 MHz, 77
1791412174.267, 404.12 W, 2685 MHz, 77
1791412174.796, 404.02 W, 2685 MHz, 77
1791412175.329, 403.78 W, 2685 MHz, 77
1791412175.862, 403.28 W, 2685 MHz, 77
1791412176.396, 403.30 W, 2685 MHz, 77
1791412176.930, 403.76 W, 2685 MHz, 77
1791412177.462, 403.76 W, 2685 MHz, 77
1791412177.995, 403.23 W, 2685 MHz, 77
1791412178.528, 402.83 W, 2685 MHz, 77
1791412179.062, 403.54 W, 2685 MHz, 77
1791412179.596, 404.08 W, 2685 MHz, 77
1791412180.129, 403.53 W, 2685 MHz, 77
1791412180.662, 403.42 W, 2685 MHz, 77
1791412181.194, 403.54 W, 2685 MHz, 77
1791412181.725, 403.89 W, 2685 MHz, 77
1791412182.258, 402.99 W, 2692 MHz, 77
1791412182.789, 402.61 W, 2685 MHz, 77
1791412183.321, 402.59 W, 2685 MHz, 77
1791412183.852, 403.33 W, 2685 MHz, 77
1791412184.385, 401.17 W, 2685 MHz, 77
1791412184.917, 401.11 W, 2685 MHz, 77
1791412185.450, 403.58 W, 2685 MHz, 77
1791412185.985, 404.22 W, 2685 MHz, 77
1791412186.518, 403.93 W, 2685 MHz, 77
1791412187.050, 404.10 W, 2685 MHz, 77
1791412187.582, 403.92 W, 2692 MHz, 77
1791412188.114, 403.08 W, 2685 MHz, 77
1791412188.646, 402.90 W, 2685 MHz, 77
1791412189.178, 403.32 W, 2685 MHz, 77
1791412189.712, 403.61 W, 2685 MHz, 77
1791412190.245, 403.53 W, 2685 MHz, 77
1791412190.776, 403.67 W, 2685 MHz, 77
1791412191.310, 403.74 W, 2685 MHz, 77
1791412191.844, 403.50 W, 2692 MHz, 77
1791412192.377, 402.79 W, 2685 MHz, 77
1791412192.909, 403.12 W, 2685 MHz, 77
1791412193.444, 403.58 W, 2685 MHz, 77
1791412193.975, 403.90 W, 2685 MHz, 77
1791412194.507, 403.99 W, 2685 MHz, 77
1791412195.040, 404.13 W, 2685 MHz, 77
1791412195.574, 404.09 W, 2685 MHz, 77
1791412196.108, 403.49 W, 2685 MHz, 77
1791412196.640, 404.10 W, 2685 MHz, 77
1791412197.173, 404.43 W, 2685 MHz, 77
1791412197.706, 404.30 W, 2685 MHz, 77
1791412198.240, 404.58 W, 2685 MHz, 77
1791412198.772, 403.65 W, 2685 MHz, 76
1791412199.303, 403.32 W, 2685 MHz, 77
1791412199.837, 403.33 W, 2685 MHz, 77
1791412200.367, 402.76 W, 2685 MHz, 77
1791412200.901, 402.01 W, 2685 MHz, 77
1791412201.434, 401.44 W, 2685 MHz, 76
1791412201.968, 401.64 W, 2685 MHz, 77
1791412202.502, 401.68 W, 2685 MHz, 76
1791412203.034, 401.73 W, 2692 MHz, 77
1791412203.566, 401.79 W, 2685 MHz, 76
1791412204.098, 402.10 W, 2685 MHz, 77
1791412204.631, 402.40 W, 2685 MHz, 77
1791412205.166, 402.12 W, 2685 MHz, 76
1791412205.700, 401.68 W, 2685 MHz, 77
1791412206.230, 401.91 W, 2685 MHz, 76
1791412206.763, 401.79 W, 2685 MHz, 76
1791412207.296, 401.69 W, 2685 MHz, 77
1791412207.826, 402.21 W, 2685 MHz, 77
1791412208.359, 402.09 W, 2685 MHz, 76
1791412208.893, 402.30 W, 2685 MHz, 76
1791412209.426, 402.11 W, 2685 MHz, 77
1791412209.959, 401.54 W, 2685 MHz, 76
1791412210.493, 401.37 W, 2685 MHz, 76
1791412211.024, 401.43 W, 2685 MHz, 76
1791412211.558, 401.75 W, 2685 MHz, 76
1791412212.091, 401.68 W, 2692 MHz, 76
1791412212.625, 401.16 W, 2685 MHz, 76
1791412213.157, 401.77 W, 2685 MHz, 76
1791412213.691, 402.34 W, 2685 MHz, 76
1791412214.224, 402.83 W, 2685 MHz, 76
1791412214.758, 402.76 W, 2685 MHz, 76
1791412215.291, 402.30 W, 2692 MHz, 76
1791412215.821, 401.83 W, 2685 MHz, 76
1791412216.355, 402.30 W, 2685 MHz, 76
1791412216.887, 403.37 W, 2685 MHz, 76
1791412217.420, 403.80 W, 2685 MHz, 76
1791412217.953, 403.41 W, 2685 MHz, 76
1791412218.487, 403.01 W, 2685 MHz, 76
1791412219.018, 403.53 W, 2692 MHz, 76
1791412219.552, 402.84 W, 2692 MHz, 76
1791412220.086, 402.68 W, 2685 MHz, 76
1791412220.618, 402.50 W, 2685 MHz, 76
1791412221.151, 402.09 W, 2685 MHz, 76
1791412221.685, 401.99 W, 2685 MHz, 76
1791412222.216, 402.14 W, 2685 MHz, 76
1791412222.751, 402.63 W, 2685 MHz, 76
1791412223.283, 402.57 W, 2692 MHz, 76
1791412223.815, 401.92 W, 2685 MHz, 76
1791412224.348, 402.16 W, 2685 MHz, 76
1791412224.881, 402.76 W, 2685 MHz, 76
1791412225.414, 403.21 W, 2685 MHz, 76
1791412225.949, 402.61 W, 2685 MHz, 76
1791412226.480, 402.34 W, 2685 MHz, 76
1791412227.012, 402.70 W, 2692 MHz, 76
1791412227.546, 402.18 W, 2692 MHz, 76
1791412228.078, 402.56 W, 2685 MHz, 76
1791412228.610, 402.73 W, 2692 MHz, 76
1791412229.144, 402.57 W, 2685 MHz, 76
1791412229.677, 402.79 W, 2692 MHz, 76
1791412230.211, 402.59 W, 2685 MHz, 76
1791412230.743, 402.38 W, 2685 MHz, 76
1791412231.278, 402.62 W, 2685 MHz, 76
1791412231.810, 402.57 W, 2685 MHz, 76
1791412232.342, 401.80 W, 2692 MHz, 76
1791412232.873, 401.68 W, 2685 MHz, 76
1791412233.407, 401.44 W, 2685 MHz, 76
1791412233.941, 400.84 W, 2685 MHz, 76
1791412234.474, 401.36 W, 2685 MHz, 76
1791412235.008, 401.64 W, 2685 MHz, 76
1791412235.540, 401.57 W, 2685 MHz, 76
1791412236.073, 400.27 W, 2692 MHz, 76
1791412236.604, 399.72 W, 2692 MHz, 76
1791412237.135, 400.08 W, 2685 MHz, 76
1791412237.667, 401.28 W, 2685 MHz, 76
1791412238.198, 401.14 W, 2685 MHz, 76
1791412238.729, 400.95 W, 2685 MHz, 76
1791412239.261, 400.98 W, 2685 MHz, 76
1791412239.793, 400.94 W, 2685 MHz, 76
1791412240.327, 401.23 W, 2685 MHz, 76
1791412240.861, 401.10 W, 2685 MHz, 76
1791412241.394, 400.94 W, 2685 MHz, 76
1791412241.928, 401.50 W, 2692 MHz, 76
1791412242.460, 401.01 W, 2685 MHz, 76
1791412242.995, 401.25 W, 2685 MHz, 76
1791412243.526, 401.33 W, 2685 MHz, 76
1791412244.060, 401.24 W, 2685 MHz, 76
1791412244.593, 401.80 W, 2685 MHz, 76
1791412245.124, 401.63 W, 2685 MHz, 76
1791412245.657, 401.19 W, 2685 MHz, 76
1791412246.188, 401.25 W, 2685 MHz, 76
1791412246.721, 401.41 W, 2685 MHz, 76
1791412247.253, 400.74 W, 2685 MHz, 76
1791412247.787, 401.56 W, 2685 MHz, 76
1791412248.320, 402.61 W, 2685 MHz, 76
1791412248.854, 402.68 W, 2685 MHz, 76
1791412249.387, 402.96 W, 2685 MHz, 76
1791412249.918, 402.66 W, 2685 MHz, 76
1791412250.449, 403.28 W, 2685 MHz, 76
1791412250.980, 402.79 W, 2685 MHz, 76
1791412251.512, 401.66 W, 2685 MHz, 76
1791412252.044, 401.53 W, 2685 MHz, 76
1791412252.577, 401.66 W, 2685 MHz, 76
1791412253.111, 401.88 W, 2685 MHz, 76
1791412253.645, 401.55 W, 2685 MHz, 76
1791412254.177, 401.48 W, 2685 MHz, 76
1791412254.709, 401.86 W, 2685 MHz, 76
1791412255.243, 401.42 W, 2692 MHz, 76
1791412255.776, 401.11 W, 2692 MHz, 76
1791412256.309, 401.26 W, 2685 MHz, 76
1791412256.843, 402.47 W, 2685 MHz, 76
1791412257.376, 402.47 W, 2685 MHz, 76
1791412257.909, 401.68 W, 2685 MHz, 76
1791412258.442, 401.71 W, 2685 MHz, 76
1791412258.973, 401.09 W, 2685 MHz, 76
1791412259.506, 401.66 W, 2685 MHz, 76
1791412260.040, 402.04 W, 2685 MHz, 76
1791412260.574, 402.11 W, 2685 MHz, 76
1791412261.108, 402.30 W, 2685 MHz, 76
1791412261.642, 401.99 W, 2685 MHz, 76
1791412262.175, 402.18 W, 2685 MHz, 76
1791412262.710, 401.98 W, 2685 MHz, 76
1791412263.242, 401.72 W, 2692 MHz, 76
1791412263.777, 401.20 W, 2685 MHz, 76
1791412264.310, 401.09 W, 2685 MHz, 76
1791412264.843, 401.06 W, 2685 MHz, 76
1791412265.376, 401.06 W, 2685 MHz, 76
1791412265.910, 400.84 W, 2692 MHz, 76
1791412266.444, 400.55 W, 2685 MHz, 76
1791412266.976, 400.99 W, 2685 MHz, 76
1791412267.510, 401.60 W, 2685 MHz, 76
1791412268.043, 401.28 W, 2685 MHz, 76
1791412268.576, 400.80 W, 2692 MHz, 76
1791412269.108, 400.85 W, 2685 MHz, 76
1791412269.643, 401.50 W, 2685 MHz, 76
1791412270.175, 401.16 W, 2692 MHz, 76
1791412270.710, 401.08 W, 2685 MHz, 76
1791412271.243, 400.66 W, 2692 MHz, 76
1791412271.778, 400.88 W, 2685 MHz, 76
1791412272.312, 401.43 W, 2685 MHz, 76
1791412272.845, 400.77 W, 2685 MHz, 76
1791412273.376, 400.14 W, 2692 MHz, 76
1791412273.909, 401.02 W, 2685 MHz, 76
1791412274.442, 401.24 W, 2692 MHz, 76
1791412274.975, 401.10 W, 2692 MHz, 76
1791412275.509, 401.22 W, 2685 MHz, 76
1791412276.042, 401.05 W, 2685 MHz, 76
1791412276.575, 401.06 W, 2685 MHz, 76
1791412277.108, 401.06 W, 2685 MHz, 76
1791412277.639, 401.67 W, 2685 MHz, 76
1791412278.171, 402.13 W, 2685 MHz, 76
1791412278.704, 400.76 W, 2685 MHz, 76
1791412279.235, 401.13 W, 2685 MHz, 76
1791412279.768, 402.65 W, 2685 MHz, 76
1791412280.302, 402.35 W, 2685 MHz, 76
1791412280.836, 402.53 W, 2685 MHz, 76
1791412281.367, 402.93 W, 2685 MHz, 76
1791412281.899, 403.25 W, 2685 MHz, 76
1791412282.430, 402.89 W, 2692 MHz, 76
1791412282.965, 402.07 W, 2685 MHz, 76
1791412283.498, 401.62 W, 2685 MHz, 76
1791412284.029, 401.44 W, 2692 MHz, 76
1791412284.562, 402.00 W, 2685 MHz, 76
1791412285.096, 401.79 W, 2692 MHz, 76
1791412285.631, 402.26 W, 2685 MHz, 76
1791412286.163, 402.77 W, 2685 MHz, 76
1791412286.694, 401.89 W, 2692 MHz, 76
1791412287.227, 401.40 W, 2685 MHz, 76
1791412287.761, 401.38 W, 2685 MHz, 76
1791412288.293, 402.51 W, 2685 MHz, 76
1791412288.826, 403.46 W, 2692 MHz, 76
1791412289.360, 402.16 W, 2685 MHz, 76
1791412289.891, 402.02 W, 2685 MHz, 76
1791412290.424, 401.69 W, 2685 MHz, 76
1791412290.958, 402.16 W, 2685 MHz, 76
1791412291.490, 402.05 W, 2685 MHz, 76
1791412292.022, 401.95 W, 2685 MHz, 76
1791412292.555, 402.26 W, 2685 MHz, 76
1791412293.086, 402.22 W, 2685 MHz, 76
1791412293.621, 401.97 W, 2685 MHz, 76
1791412294.153, 402.27 W, 2685 MHz, 76
1791412294.684, 402.21 W, 2685 MHz, 76
1791412295.216, 401.22 W, 2685 MHz, 76
1791412295.749, 400.46 W, 2685 MHz, 76
1791412296.280, 400.61 W, 2685 MHz, 76
1791412296.814, 400.34 W, 2685 MHz, 76
1791412297.347, 400.30 W, 2685 MHz, 76
1791412297.878, 401.22 W, 2685 MHz, 76
1791412298.411, 401.61 W, 2685 MHz, 76
1791412298.944, 401.37 W, 2685 MHz, 76
1791412299.477, 401.72 W, 2685 MHz, 76
1791412300.010, 402.00 W, 2685 MHz, 76
1791412300.542, 401.32 W, 2685 MHz, 76
1791412301.073, 400.63 W, 2685 MHz, 76
1791412301.605, 400.22 W, 2685 MHz, 76
1791412302.138, 400.37 W, 2685 MHz, 76
1791412302.670, 401.00 W, 2685 MHz, 76
1791412303.205, 401.82 W, 2685 MHz, 76
1791412303.738, 401.10 W, 2685 MHz, 76
1791412304.271, 401.19 W, 2685 MHz, 76
1791412304.803, 401.79 W, 2685 MHz, 76
1791412305.336, 400.43 W, 2692 MHz, 76
1791412305.870, 400.34 W, 2685 MHz, 76
1791412306.403, 400.36 W, 2692 MHz, 76
1791412306.936, 400.09 W, 2692 MHz, 76
1791412307.469, 400.62 W, 2685 MHz, 76
1791412308.001, 400.73 W, 2685 MHz, 76
1791412308.533, 400.34 W, 2685 MHz, 76
1791412309.064, 400.90 W, 2685 MHz, 76
1791412309.597, 401.69 W, 2685 MHz, 76
1791412310.129, 400.95 W, 2685 MHz, 76
1791412310.658, 276.88 W, 2692 MHz, 73
1791412311.187, 145.41 W, 2692 MHz, 70
1791412311.717, 145.41 W, 2692 MHz, 70
1791412312.245, 109.51 W, 2692 MHz, 70
1791412312.775, 109.51 W, 2692 MHz, 69
1791412313.304, 109.12 W, 2692 MHz, 68
1791412313.833, 109.12 W, 2692 MHz, 68
1791412314.361, 108.86 W, 2692 MHz, 68
1791412314.890, 108.86 W, 2692 MHz, 68
1791412315.421, 108.43 W, 2692 MHz, 67
1791412315.949, 108.43 W, 2692 MHz, 67
1791412316.478, 108.13 W, 2692 MHz, 67
1791412317.009, 108.13 W, 2692 MHz, 67
1791412317.537, 107.87 W, 2692 MHz, 66
1791412318.066, 107.87 W, 2692 MHz, 66
1791412318.596, 107.48 W, 2692 MHz, 66
1791412319.124, 107.19 W, 2692 MHz, 66
1791412319.652, 107.19 W, 2692 MHz, 66
1791412320.181, 107.20 W, 2692 MHz, 66
1791412320.710, 107.20 W, 2692 MHz, 65
1791412321.240, 107.13 W, 2692 MHz, 65
1791412321.769, 107.13 W, 2692 MHz, 65
1791412322.298, 106.88 W, 2692 MHz, 65
1791412322.827, 106.88 W, 2692 MHz, 65
1791412323.356, 106.70 W, 2692 MHz, 64
1791412323.886, 106.70 W, 2692 MHz, 64
1791412324.414, 106.52 W, 2692 MHz, 64
1791412324.944, 106.52 W, 2692 MHz, 64
1791412325.473, 106.51 W, 2692 MHz, 64
1791412326.002, 106.51 W, 2692 MHz, 64
1791412326.529, 106.20 W, 2692 MHz, 64
1791412327.058, 106.20 W, 2692 MHz, 64
1791412327.587, 106.05 W, 2692 MHz, 63
1791412328.116, 105.38 W, 2692 MHz, 63
1791412328.644, 105.38 W, 2692 MHz, 63
1791412329.172, 104.70 W, 2692 MHz, 63
1791412329.702, 104.70 W, 2692 MHz, 63
1791412330.231, 104.52 W, 2692 MHz, 63
1791412330.760, 104.52 W, 2692 MHz, 62
1791412331.288, 104.04 W, 2692 MHz, 62
1791412331.818, 104.04 W, 2692 MHz, 62
1791412332.348, 103.97 W, 2692 MHz, 62
1791412332.877, 103.97 W, 2692 MHz, 62
1791412333.406, 103.60 W, 2692 MHz, 62
1791412333.934, 103.60 W, 2692 MHz, 62
1791412334.464, 103.53 W, 2692 MHz, 61
1791412334.993, 103.53 W, 2692 MHz, 61
1791412335.521, 103.04 W, 2692 MHz, 61
1791412336.053, 103.04 W, 2692 MHz, 61
1791412336.581, 102.73 W, 2692 MHz, 61
1791412337.111, 101.92 W, 2692 MHz, 61
1791412337.641, 101.92 W, 2692 MHz, 61
1791412338.169, 101.42 W, 2692 MHz, 61
1791412338.700, 101.42 W, 2692 MHz, 60
1791412339.229, 101.28 W, 2692 MHz, 60
1791412339.758, 101.28 W, 2692 MHz, 60
1791412340.287, 101.05 W, 2692 MHz, 60
1791412340.816, 101.05 W, 2692 MHz, 60
1791412341.346, 86.46 W, 1297 MHz, 59
1791412341.877, 86.46 W, 1297 MHz, 59
1791412342.406, 69.64 W, 1297 MHz, 59
1791412342.935, 69.64 W, 1297 MHz, 59
1791412343.464, 69.28 W, 1297 MHz, 59
1791412343.994, 69.28 W, 1297 MHz, 59
1791412344.523, 69.13 W, 1297 MHz, 58
1791412345.053, 69.13 W, 1297 MHz, 58
1791412345.583, 68.80 W, 1297 MHz, 58
1791412346.112, 68.36 W, 1297 MHz, 58
1791412346.643, 68.36 W, 1297 MHz, 58
1791412347.172, 68.36 W, 1297 MHz, 58
1791412347.701, 68.36 W, 1297 MHz, 58
1791412348.230, 68.15 W, 1297 MHz, 58
1791412348.760, 68.15 W, 1297 MHz, 57
1791412349.290, 68.07 W, 1297 MHz, 57
1791412349.819, 68.07 W, 1297 MHz, 57
1791412350.348, 67.87 W, 1297 MHz, 57
1791412350.876, 67.87 W, 1297 MHz, 57
1791412351.407, 67.85 W, 1297 MHz, 57
1791412351.937, 67.85 W, 1297 MHz, 57
1791412352.467, 67.82 W, 1297 MHz, 56
1791412352.996, 67.82 W, 1297 MHz, 56
1791412353.525, 67.68 W, 1297 MHz, 56
1791412354.056, 67.68 W, 1297 MHz, 56
1791412354.585, 67.65 W, 1297 MHz, 56
1791412355.114, 67.34 W, 1297 MHz, 56
1791412355.642, 67.34 W, 1297 MHz, 56
1791412356.171, 67.29 W, 1297 MHz, 56
1791412356.700, 67.29 W, 1297 MHz, 56
1791412357.230, 66.75 W, 1297 MHz, 56
1791412357.759, 66.75 W, 1297 MHz, 55
1791412358.288, 66.81 W, 1297 MHz, 55
1791412358.816, 66.81 W, 1297 MHz, 55
1791412359.347, 66.80 W, 1297 MHz, 55
1791412359.877, 66.80 W, 1297 MHz, 55
1791412360.407, 66.80 W, 1297 MHz, 55
1791412360.936, 66.80 W, 1297 MHz, 55
1791412361.466, 66.73 W, 1297 MHz, 55
1791412361.997, 66.73 W, 1297 MHz, 55
1791412362.529, 66.43 W, 1297 MHz, 55
1791412363.058, 66.43 W, 1297 MHz, 55
1791412363.588, 66.20 W, 1297 MHz, 54
1791412364.119, 66.14 W, 1297 MHz, 54
1791412364.649, 66.14 W, 1297 MHz, 54
1791412365.178, 66.22 W, 1297 MHz, 54
1791412365.707, 66.22 W, 1297 MHz, 54
1791412366.239, 66.14 W, 1297 MHz, 54
1791412366.769, 66.14 W, 1297 MHz, 54
1791412367.300, 65.90 W, 1297 MHz, 54
1791412367.830, 65.90 W, 1297 MHz, 54
1791412368.359, 65.88 W, 1297 MHz, 53
1791412368.889, 65.88 W, 1297 MHz, 53
1791412369.418, 65.78 W, 1297 MHz, 53
1791412369.947, 65.78 W, 1297 MHz, 53
1791412370.477, 65.90 W, 1297 MHz, 53
1791412371.008, 65.90 W, 1297 MHz, 53
1791412371.538, 65.63 W, 1297 MHz, 53
1791412372.068, 65.63 W, 1297 MHz, 53
1791412372.597, 65.48 W, 1297 MHz, 53
1791412373.127, 65.32 W, 1297 MHz, 53
1791412373.658, 65.32 W, 1297 MHz, 53
1791412374.188, 65.17 W, 1297 MHz, 53
1791412374.720, 65.17 W, 1297 MHz, 53
1791412375.250, 64.62 W, 1297 MHz, 53
1791412375.781, 64.62 W, 1297 MHz, 52
1791412376.311, 64.82 W, 1297 MHz, 52
1791412376.841, 64.82 W, 1297 MHz, 52
1791412377.374, 64.99 W, 1297 MHz, 52
1791412377.903, 64.99 W, 1297 MHz, 52
1791412378.433, 64.77 W, 1297 MHz, 52
1791412378.964, 64.77 W, 1297 MHz, 52
1791412379.494, 64.69 W, 1297 MHz, 52
1791412380.024, 64.69 W, 1297 MHz, 52
1791412380.555, 64.64 W, 1297 MHz, 52
1791412381.087, 64.64 W, 1297 MHz, 52
1791412381.618, 64.41 W, 1297 MHz, 52
1791412382.148, 64.56 W, 1297 MHz, 52
1791412382.680, 64.56 W, 1297 MHz, 51
1791412383.210, 64.23 W, 1297 MHz, 51
1791412383.740, 64.23 W, 1297 MHz, 51
1791412384.272, 64.06 W, 1297 MHz, 51
1791412384.803, 64.06 W, 1297 MHz, 51
1791412385.335, 63.85 W, 1297 MHz, 51
1791412385.863, 63.85 W, 1297 MHz, 51
1791412386.393, 63.71 W, 1297 MHz, 51
1791412386.922, 63.71 W, 1297 MHz, 51
1791412387.451, 63.58 W, 1297 MHz, 51
1791412387.981, 63.58 W, 1297 MHz, 51
1791412388.511, 63.83 W, 1297 MHz, 51
1791412389.041, 63.83 W, 1297 MHz, 51
1791412389.570, 63.78 W, 1297 MHz, 51
1791412390.099, 63.78 W, 1297 MHz, 51
1791412390.627, 63.31 W, 1297 MHz, 51
1791412391.156, 63.18 W, 1297 MHz, 51
1791412391.687, 63.18 W, 1297 MHz, 50
1791412392.218, 63.09 W, 1297 MHz, 50
1791412392.748, 63.09 W, 1297 MHz, 50
1791412393.279, 63.14 W, 1297 MHz, 50
1791412393.811, 63.14 W, 1297 MHz, 50
1791412394.340, 63.21 W, 1297 MHz, 50
1791412394.872, 63.21 W, 1297 MHz, 50
1791412395.402, 63.08 W, 1297 MHz, 50
1791412395.933, 63.08 W, 1297 MHz, 50
1791412396.463, 62.83 W, 1297 MHz, 50
1791412396.994, 62.83 W, 1297 MHz, 50
1791412397.525, 62.48 W, 1297 MHz, 50
1791412398.056, 62.48 W, 1297 MHz, 50
1791412398.585, 62.50 W, 1297 MHz, 50
1791412399.116, 62.64 W, 1297 MHz, 50
1791412399.645, 62.64 W, 1297 MHz, 49
1791412400.176, 62.54 W, 1297 MHz, 49
1791412400.707, 62.54 W, 1297 MHz, 49
1791412401.236, 62.21 W, 1297 MHz, 49
1791412401.766, 62.21 W, 1297 MHz, 49
1791412402.296, 62.20 W, 1297 MHz, 49
1791412402.826, 62.20 W, 1297 MHz, 49
1791412403.356, 62.37 W, 1297 MHz, 49
1791412403.886, 62.37 W, 1297 MHz, 49
1791412404.416, 62.63 W, 1297 MHz, 49
1791412404.946, 62.63 W, 1297 MHz, 49
1791412405.476, 62.60 W, 1297 MHz, 49
1791412406.008, 62.60 W, 1297 MHz, 49
1791412406.538, 62.54 W, 1297 MHz, 49
1791412407.068, 62.54 W, 1297 MHz, 49
1791412407.599, 62.28 W, 1297 MHz, 49
1791412408.130, 62.34 W, 1297 MHz, 49
1791412408.660, 62.34 W, 1297 MHz, 49
1791412409.190, 61.92 W, 1297 MHz, 49
1791412409.720, 61.92 W, 1297 MHz, 49
1791412410.250, 61.85 W, 1297 MHz, 49
1791412410.781, 61.85 W, 1297 MHz, 48
1791412411.311, 61.74 W, 1297 MHz, 48
1791412411.841, 61.74 W, 1297 MHz, 48
1791412412.371, 61.67 W, 1297 MHz, 48
1791412412.903, 61.67 W, 1297 MHz, 48
1791412413.431, 61.61 W, 1297 MHz, 48
1791412413.963, 61.61 W, 1297 MHz, 48
1791412414.491, 61.88 W, 1297 MHz, 48
1791412415.021, 61.88 W, 1297 MHz, 48
1791412415.551, 61.67 W, 1297 MHz, 48
1791412416.081, 61.67 W, 1297 MHz, 48
1791412416.612, 61.50 W, 1297 MHz, 48
1791412417.143, 61.83 W, 1297 MHz, 48
1791412417.674, 61.83 W, 1297 MHz, 48
1791412418.203, 61.80 W, 1297 MHz, 48
1791412418.733, 61.80 W, 1297 MHz, 48
1791412419.263, 61.95 W, 1297 MHz, 48
1791412419.794, 61.95 W, 1297 MHz, 48
1791412420.325, 61.88 W, 1297 MHz, 48
1791412420.855, 61.88 W, 1297 MHz, 48
1791412421.383, 61.74 W, 1297 MHz, 47
1791412421.913, 61.74 W, 1297 MHz, 47
1791412422.442, 61.44 W, 1297 MHz, 47
1791412422.972, 61.44 W, 1297 MHz, 47
1791412423.502, 61.31 W, 1297 MHz, 47
1791412424.032, 61.31 W, 1297 MHz, 47
1791412424.563, 61.19 W, 1297 MHz, 47
1791412425.093, 61.19 W, 1297 MHz, 47
1791412425.623, 61.68 W, 1297 MHz, 47
1791412426.152, 61.78 W, 1297 MHz, 47
1791412426.682, 61.78 W, 1297 MHz, 47
1791412427.210, 61.40 W, 1297 MHz, 47
1791412427.740, 61.40 W, 1297 MHz, 47
1791412428.269, 61.30 W, 1297 MHz, 47
1791412428.798, 61.30 W, 1297 MHz, 47
1791412429.330, 61.11 W, 1297 MHz, 47
1791412429.861, 61.11 W, 1297 MHz, 47
1791412430.389, 61.02 W, 1297 MHz, 47
1791412430.917, 61.02 W, 1297 MHz, 47
1791412431.448, 136.46 W, 1297 MHz, 52
1791412431.978, 185.42 W, 1297 MHz, 54
1791412432.509, 313.08 W, 1297 MHz, 54
1791412433.041, 314.33 W, 1297 MHz, 55
1791412433.571, 314.46 W, 1297 MHz, 55
1791412434.103, 315.52 W, 1297 MHz, 55
1791412434.633, 316.18 W, 1297 MHz, 56
1791412435.166, 315.80 W, 1297 MHz, 56
1791412435.698, 315.34 W, 1297 MHz, 56
1791412436.229, 316.06 W, 1297 MHz, 56
1791412436.760, 316.34 W, 1297 MHz, 56
1791412437.293, 316.13 W, 1297 MHz, 56
1791412437.825, 316.73 W, 1297 MHz, 57
1791412438.355, 316.78 W, 1297 MHz, 57
1791412438.887, 316.62 W, 1297 MHz, 57
1791412439.417, 316.89 W, 1297 MHz, 57
1791412439.948, 316.96 W, 1297 MHz, 57
1791412440.480, 317.04 W, 1297 MHz, 57
1791412441.011, 317.71 W, 1297 MHz, 58
1791412441.542, 317.72 W, 1297 MHz, 58
1791412442.072, 317.99 W, 1297 MHz, 58
1791412442.602, 317.55 W, 1297 MHz, 58
1791412443.131, 318.36 W, 1297 MHz, 58
1791412443.662, 318.55 W, 1297 MHz, 58
1791412444.192, 319.05 W, 1297 MHz, 58
1791412444.721, 318.67 W, 1297 MHz, 58
1791412445.251, 318.46 W, 1297 MHz, 59
1791412445.783, 319.21 W, 1297 MHz, 59
1791412446.312, 319.03 W, 1297 MHz, 59
1791412446.843, 317.29 W, 1297 MHz, 59
1791412447.373, 315.58 W, 1297 MHz, 59
1791412447.903, 315.85 W, 1297 MHz, 58
1791412448.434, 317.32 W, 1297 MHz, 59
1791412448.965, 317.53 W, 1297 MHz, 59
1791412449.495, 317.14 W, 1297 MHz, 59
1791412450.027, 317.54 W, 1297 MHz, 59
1791412450.558, 318.23 W, 1297 MHz, 60
1791412451.089, 318.39 W, 1297 MHz, 60
1791412451.622, 310.54 W, 1297 MHz, 60
1791412452.156, 265.74 W, 1297 MHz, 57
1791412452.686, 229.12 W, 1297 MHz, 56
1791412453.216, 206.82 W, 1297 MHz, 56
1791412453.744, 133.29 W, 1297 MHz, 54
1791412454.271, 89.14 W, 1297 MHz, 53
1791412454.799, 89.14 W, 1297 MHz, 52
1791412455.328, 64.89 W, 1297 MHz, 52
1791412455.857, 64.89 W, 1297 MHz, 52
1791412456.385, 64.58 W, 1297 MHz, 52
1791412456.912, 64.58 W, 1297 MHz, 52
1791412457.440, 64.50 W, 1297 MHz, 51
1791412457.971, 100.60 W, 1297 MHz, 55
1791412458.502, 203.22 W, 1297 MHz, 58
1791412459.032, 317.24 W, 1297 MHz, 59
1791412459.561, 318.42 W, 1297 MHz, 59
1791412460.091, 319.29 W, 1297 MHz, 59
1791412460.620, 319.61 W, 1297 MHz, 59
1791412461.151, 320.12 W, 1297 MHz, 59
1791412461.680, 320.72 W, 1297 MHz, 60
1791412462.210, 320.79 W, 1297 MHz, 60
1791412462.741, 320.80 W, 1297 MHz, 60
1791412463.271, 320.88 W, 1297 MHz, 60
1791412463.801, 321.33 W, 1297 MHz, 60
1791412464.330, 321.05 W, 1297 MHz, 61
1791412464.860, 321.31 W, 1297 MHz, 60
1791412465.390, 320.69 W, 1297 MHz, 61
1791412465.921, 320.56 W, 1297 MHz, 61
1791412466.453, 320.80 W, 1297 MHz, 61
1791412466.985, 321.11 W, 1297 MHz, 61
1791412467.516, 322.02 W, 1297 MHz, 61
1791412468.048, 321.80 W, 1297 MHz, 61
1791412468.579, 322.10 W, 1297 MHz, 61
1791412469.108, 322.27 W, 1297 MHz, 62
1791412469.637, 322.24 W, 1297 MHz, 61
1791412470.166, 322.23 W, 1297 MHz, 61
1791412470.697, 321.50 W, 1297 MHz, 62
1791412471.227, 322.34 W, 1297 MHz, 62
1791412471.758, 322.24 W, 1297 MHz, 62
1791412472.288, 322.27 W, 1297 MHz, 62
1791412472.818, 323.10 W, 1297 MHz, 62
1791412473.348, 322.10 W, 1297 MHz, 62
1791412473.879, 320.16 W, 1297 MHz, 62
1791412474.410, 319.82 W, 1297 MHz, 62
1791412474.941, 319.27 W, 1297 MHz, 62
1791412475.471, 320.01 W, 1297 MHz, 63
1791412476.004, 320.87 W, 1297 MHz, 62
1791412476.535, 321.07 W, 1297 MHz, 62
1791412477.067, 321.24 W, 1297 MHz, 62
1791412477.598, 320.20 W, 1297 MHz, 63
1791412478.128, 321.22 W, 1297 MHz, 62
1791412478.659, 319.99 W, 1297 MHz, 63
1791412479.191, 320.32 W, 1297 MHz, 62
1791412479.721, 320.39 W, 1297 MHz, 63
1791412480.254, 320.74 W, 1297 MHz, 63
1791412480.785, 320.43 W, 1297 MHz, 63
1791412481.315, 319.94 W, 1297 MHz, 63
1791412481.847, 320.42 W, 1297 MHz, 63
1791412482.377, 320.58 W, 1297 MHz, 63
1791412482.906, 321.19 W, 1297 MHz, 63
1791412483.436, 321.07 W, 1297 MHz, 63
1791412483.966, 321.48 W, 1297 MHz, 63
1791412484.495, 321.74 W, 1297 MHz, 63
1791412485.026, 321.32 W, 1297 MHz, 64
1791412485.558, 320.72 W, 1297 MHz, 64
1791412486.089, 321.26 W, 1297 MHz, 63
1791412486.622, 321.54 W, 1297 MHz, 64
1791412487.154, 321.93 W, 1297 MHz, 63
1791412487.684, 321.80 W, 1297 MHz, 64
1791412488.216, 322.17 W, 1297 MHz, 64
1791412488.747, 322.09 W, 1297 MHz, 64
1791412489.279, 321.67 W, 1297 MHz, 64
1791412489.809, 321.03 W, 1297 MHz, 64
1791412490.339, 320.64 W, 1297 MHz, 64
1791412490.870, 319.86 W, 1297 MHz, 64
1791412491.400, 319.73 W, 1297 MHz, 64
1791412491.931, 320.16 W, 1297 MHz, 64
1791412492.463, 319.96 W, 1297 MHz, 64
1791412492.994, 320.54 W, 1297 MHz, 64
1791412493.526, 319.74 W, 1297 MHz, 65
1791412494.057, 319.74 W, 1297 MHz, 65
1791412494.587, 320.58 W, 1297 MHz, 64
1791412495.118, 320.58 W, 1297 MHz, 64
1791412495.649, 321.09 W, 1297 MHz, 64
1791412496.180, 320.84 W, 1297 MHz, 65
1791412496.709, 321.07 W, 1297 MHz, 63
1791412497.239, 320.87 W, 1297 MHz, 65
1791412497.771, 319.71 W, 1297 MHz, 65
1791412498.302, 320.21 W, 1297 MHz, 65
1791412498.832, 321.08 W, 1297 MHz, 65
1791412499.364, 320.58 W, 1297 MHz, 64
1791412499.895, 321.00 W, 1297 MHz, 65
1791412500.425, 320.10 W, 1297 MHz, 65
1791412500.957, 320.54 W, 1297 MHz, 65
1791412501.488, 320.21 W, 1297 MHz, 65
1791412502.018, 320.58 W, 1297 MHz, 65
1791412502.547, 321.27 W, 1297 MHz, 65
1791412503.077, 320.55 W, 1297 MHz, 65
1791412503.609, 320.54 W, 1297 MHz, 65
1791412504.143, 320.36 W, 1297 MHz, 64
1791412504.673, 320.62 W, 1297 MHz, 65
1791412505.205, 320.60 W, 1297 MHz, 66
1791412505.734, 320.16 W, 1297 MHz, 65
1791412506.265, 320.04 W, 1297 MHz, 66
1791412506.796, 319.39 W, 1297 MHz, 66
1791412507.329, 318.94 W, 1297 MHz, 65
1791412507.860, 319.89 W, 1297 MHz, 66
1791412508.389, 319.75 W, 1297 MHz, 66
1791412508.921, 319.63 W, 1297 MHz, 66
1791412509.452, 320.39 W, 1297 MHz, 66
1791412509.984, 319.63 W, 1297 MHz, 65
1791412510.516, 321.03 W, 1297 MHz, 66
1791412511.047, 320.19 W, 1297 MHz, 65
1791412511.578, 320.16 W, 1297 MHz, 66
1791412512.107, 320.01 W, 1297 MHz, 66
1791412512.640, 319.24 W, 1297 MHz, 66
1791412513.169, 319.38 W, 1297 MHz, 66
1791412513.698, 320.19 W, 1297 MHz, 66
1791412514.227, 319.61 W, 1297 MHz, 66
1791412514.757, 320.71 W, 1297 MHz, 66
1791412515.288, 320.45 W, 1297 MHz, 66
1791412515.819, 321.69 W, 1297 MHz, 66
1791412516.350, 320.51 W, 1297 MHz, 66
1791412516.881, 320.17 W, 1297 MHz, 66
1791412517.413, 320.14 W, 1297 MHz, 66
1791412517.943, 319.93 W, 1297 MHz, 66
1791412518.475, 319.79 W, 1297 MHz, 66
1791412519.007, 320.24 W, 1297 MHz, 66
1791412519.539, 319.89 W, 1297 MHz, 67
1791412520.070, 320.11 W, 1297 MHz, 66
1791412520.602, 320.39 W, 1297 MHz, 65
1791412521.134, 319.91 W, 1297 MHz, 67
1791412521.665, 319.90 W, 1297 MHz, 66
1791412522.197, 319.83 W, 1297 MHz, 67
1791412522.728, 320.59 W, 1297 MHz, 67
1791412523.259, 318.58 W, 1297 MHz, 66
1791412523.790, 318.08 W, 1297 MHz, 67
1791412524.321, 318.67 W, 1297 MHz, 66
1791412524.853, 317.39 W, 1297 MHz, 66
1791412525.385, 318.41 W, 1297 MHz, 66
1791412525.915, 318.17 W, 1297 MHz, 67
1791412526.446, 318.47 W, 1297 MHz, 67
1791412526.979, 319.30 W, 1297 MHz, 67
1791412527.511, 318.97 W, 1297 MHz, 67
1791412528.042, 318.88 W, 1297 MHz, 67
1791412528.573, 317.94 W, 1297 MHz, 66
1791412529.105, 318.28 W, 1297 MHz, 66
1791412529.635, 317.88 W, 1297 MHz, 67
1791412530.167, 318.50 W, 1297 MHz, 67
1791412530.700, 318.91 W, 1297 MHz, 67
1791412531.233, 319.93 W, 1297 MHz, 67
1791412531.764, 318.88 W, 1297 MHz, 67
1791412532.296, 318.96 W, 1297 MHz, 66
1791412532.827, 319.46 W, 1297 MHz, 67
1791412533.360, 318.71 W, 1297 MHz, 67
1791412533.891, 320.44 W, 1297 MHz, 67
1791412534.423, 320.13 W, 1297 MHz, 67
1791412534.956, 320.93 W, 1297 MHz, 67
1791412535.487, 319.87 W, 1297 MHz, 67
1791412536.021, 320.20 W, 1297 MHz, 67
1791412536.551, 319.14 W, 1297 MHz, 67
1791412537.083, 318.82 W, 1297 MHz, 67
1791412537.613, 318.12 W, 1297 MHz, 67
1791412538.146, 318.77 W, 1297 MHz, 68
1791412538.677, 318.93 W, 1297 MHz, 68
1791412539.208, 319.94 W, 1297 MHz, 67
1791412539.738, 318.78 W, 1297 MHz, 67
1791412540.268, 317.81 W, 1297 MHz, 67
1791412540.798, 318.74 W, 1297 MHz, 67
1791412541.328, 317.47 W, 1297 MHz, 68
1791412541.859, 316.33 W, 1297 MHz, 68
1791412542.388, 315.65 W, 1297 MHz, 67
1791412542.919, 316.00 W, 1297 MHz, 67
1791412543.450, 316.24 W, 1297 MHz, 67
1791412543.980, 316.88 W, 1297 MHz, 68
1791412544.511, 317.07 W, 1297 MHz, 67
1791412545.042, 317.73 W, 1297 MHz, 67
1791412545.574, 307.33 W, 1297 MHz, 68
1791412546.106, 271.22 W, 1297 MHz, 64
1791412546.638, 236.85 W, 1297 MHz, 64
1791412547.165, 210.94 W, 1297 MHz, 64
1791412547.694, 138.18 W, 1297 MHz, 61
1791412548.221, 93.03 W, 1297 MHz, 60
1791412548.749, 93.03 W, 1297 MHz, 60
1791412549.278, 69.22 W, 1297 MHz, 60
1791412549.807, 69.22 W, 1297 MHz, 60
1791412550.334, 69.00 W, 1297 MHz, 59
1791412550.865, 69.00 W, 1297 MHz, 59
1791412551.398, 69.06 W, 1297 MHz, 59
1791412551.928, 221.19 W, 1297 MHz, 66
1791412552.459, 324.40 W, 1297 MHz, 65
1791412552.989, 326.78 W, 1297 MHz, 65
1791412553.520, 327.38 W, 1297 MHz, 66
1791412554.054, 328.26 W, 1297 MHz, 66
1791412554.587, 327.96 W, 1297 MHz, 66
1791412555.118, 328.09 W, 1297 MHz, 67
1791412555.648, 328.30 W, 1297 MHz, 66
1791412556.177, 327.50 W, 1297 MHz, 66
1791412556.708, 329.22 W, 1297 MHz, 67
1791412557.240, 328.69 W, 1297 MHz, 67
1791412557.770, 329.06 W, 1297 MHz, 67
1791412558.300, 328.25 W, 1297 MHz, 67
1791412558.832, 327.87 W, 1297 MHz, 67
1791412559.363, 327.65 W, 1297 MHz, 67
1791412559.894, 328.02 W, 1297 MHz, 67
1791412560.426, 328.83 W, 1297 MHz, 67
1791412560.959, 329.16 W, 1297 MHz, 67
1791412561.489, 329.27 W, 1297 MHz, 67
1791412562.019, 328.80 W, 1297 MHz, 67
1791412562.549, 329.20 W, 1297 MHz, 67
1791412563.079, 329.70 W, 1297 MHz, 67
1791412563.609, 329.17 W, 1297 MHz, 67
1791412564.141, 329.11 W, 1297 MHz, 67
1791412564.670, 328.41 W, 1297 MHz, 68
1791412565.200, 328.24 W, 1297 MHz, 67
1791412565.731, 328.83 W, 1297 MHz, 68
1791412566.262, 328.77 W, 1297 MHz, 67
1791412566.794, 328.65 W, 1297 MHz, 68
1791412567.325, 325.88 W, 1297 MHz, 68
1791412567.858, 326.04 W, 1297 MHz, 67
1791412568.392, 326.53 W, 1297 MHz, 67
1791412568.923, 327.07 W, 1297 MHz, 66
1791412569.454, 327.13 W, 1297 MHz, 68
1791412569.986, 327.13 W, 1297 MHz, 68
1791412570.519, 327.36 W, 1297 MHz, 68
1791412571.049, 327.01 W, 1297 MHz, 68
1791412571.579, 327.51 W, 1297 MHz, 68
1791412572.108, 327.35 W, 1297 MHz, 68
1791412572.637, 326.70 W, 1297 MHz, 68
1791412573.167, 326.49 W, 1297 MHz, 68
1791412573.699, 327.38 W, 1297 MHz, 68
1791412574.229, 327.50 W, 1297 MHz, 68
1791412574.761, 327.62 W, 1297 MHz, 68
1791412575.293, 327.20 W, 1297 MHz, 68
1791412575.825, 326.54 W, 1297 MHz, 67
1791412576.355, 326.79 W, 1297 MHz, 68
1791412576.887, 327.38 W, 1297 MHz, 68
1791412577.419, 327.60 W, 1297 MHz, 69
1791412577.949, 327.51 W, 1297 MHz, 68
1791412578.481, 326.60 W, 1297 MHz, 68
1791412579.011, 326.41 W, 1297 MHz, 69
1791412579.541, 326.14 W, 1297 MHz, 68
1791412580.071, 326.96 W, 1297 MHz, 68
1791412580.601, 327.16 W, 1297 MHz, 69
1791412581.132, 327.95 W, 1297 MHz, 68
1791412581.662, 327.12 W, 1297 MHz, 68
1791412582.192, 327.77 W, 1297 MHz, 68
1791412582.722, 327.39 W, 1297 MHz, 68
1791412583.253, 325.79 W, 1297 MHz, 68
1791412583.784, 325.73 W, 1297 MHz, 67
1791412584.315, 325.67 W, 1297 MHz, 69
1791412584.846, 326.06 W, 1297 MHz, 68
1791412585.378, 326.11 W, 1297 MHz, 68
1791412585.907, 327.08 W, 1297 MHz, 69
1791412586.439, 326.13 W, 1297 MHz, 68
1791412586.970, 326.09 W, 1297 MHz, 67
1791412587.502, 326.01 W, 1297 MHz, 69
1791412588.035, 327.34 W, 1297 MHz, 69
1791412588.566, 326.83 W, 1297 MHz, 69
1791412589.097, 326.34 W, 1297 MHz, 68
1791412589.630, 326.89 W, 1297 MHz, 69
1791412590.161, 326.82 W, 1297 MHz, 69
1791412590.691, 326.32 W, 1297 MHz, 69
1791412591.224, 326.86 W, 1297 MHz, 69
1791412591.755, 326.47 W, 1297 MHz, 69
1791412592.287, 326.64 W, 1297 MHz, 68
1791412592.819, 326.42 W, 1297 MHz, 69
1791412593.350, 326.26 W, 1297 MHz, 69
1791412593.881, 325.85 W, 1297 MHz, 69
1791412594.411, 325.81 W, 1297 MHz, 68
1791412594.942, 325.95 W, 1297 MHz, 68
1791412595.473, 325.95 W, 1297 MHz, 69
1791412596.003, 324.91 W, 1297 MHz, 69
1791412596.533, 325.01 W, 1297 MHz, 69
1791412597.065, 324.52 W, 1297 MHz, 69
1791412597.598, 325.01 W, 1297 MHz, 69
1791412598.128, 325.53 W, 1297 MHz, 69
1791412598.658, 324.92 W, 1297 MHz, 68
1791412599.190, 325.22 W, 1297 MHz, 68
1791412599.722, 324.88 W, 1297 MHz, 69
1791412600.254, 323.81 W, 1297 MHz, 69
1791412600.786, 325.05 W, 1297 MHz, 69
1791412601.318, 323.12 W, 1297 MHz, 68
1791412601.849, 323.33 W, 1297 MHz, 69
1791412602.381, 323.06 W, 1297 MHz, 69
1791412602.914, 324.35 W, 1297 MHz, 69
1791412603.447, 323.68 W, 1297 MHz, 69
1791412603.978, 324.18 W, 1297 MHz, 69
1791412604.510, 325.09 W, 1297 MHz, 69
1791412605.042, 324.01 W, 1297 MHz, 69
1791412605.575, 323.63 W, 1297 MHz, 69
1791412606.106, 323.98 W, 1297 MHz, 69
1791412606.636, 324.15 W, 1297 MHz, 69
1791412607.167, 323.91 W, 1297 MHz, 68
1791412607.698, 324.05 W, 1297 MHz, 70
1791412608.229, 323.24 W, 1297 MHz, 69
1791412608.760, 323.88 W, 1297 MHz, 69
1791412609.291, 324.33 W, 1297 MHz, 69
1791412609.822, 324.04 W, 1297 MHz, 69
1791412610.353, 324.91 W, 1297 MHz, 69
1791412610.886, 325.00 W, 1297 MHz, 69
1791412611.416, 325.36 W, 1297 MHz, 69
1791412611.946, 326.06 W, 1297 MHz, 69
1791412612.477, 325.16 W, 1297 MHz, 69
1791412613.009, 324.86 W, 1297 MHz, 69
1791412613.541, 325.23 W, 1297 MHz, 70
1791412614.072, 324.87 W, 1297 MHz, 70
1791412614.603, 325.61 W, 1297 MHz, 70
1791412615.137, 324.16 W, 1297 MHz, 69
1791412615.668, 325.23 W, 1297 MHz, 70
1791412616.202, 324.41 W, 1297 MHz, 70
1791412616.734, 324.01 W, 1297 MHz, 70
1791412617.266, 323.08 W, 1297 MHz, 69
1791412617.797, 321.46 W, 1297 MHz, 70
1791412618.328, 321.93 W, 1297 MHz, 70
1791412618.860, 322.92 W, 1297 MHz, 70
1791412619.392, 322.42 W, 1297 MHz, 69
1791412619.924, 321.50 W, 1297 MHz, 70
1791412620.454, 321.87 W, 1297 MHz, 69
1791412620.985, 322.75 W, 1297 MHz, 69
1791412621.516, 322.81 W, 1297 MHz, 69
1791412622.048, 323.08 W, 1297 MHz, 70
1791412622.579, 322.00 W, 1297 MHz, 70
1791412623.109, 321.94 W, 1297 MHz, 69
1791412623.641, 321.68 W, 1297 MHz, 70
1791412624.171, 323.61 W, 1297 MHz, 69
1791412624.703, 323.01 W, 1297 MHz, 70
1791412625.234, 323.03 W, 1297 MHz, 70
1791412625.765, 322.82 W, 1297 MHz, 69
1791412626.298, 322.47 W, 1297 MHz, 69
1791412626.828, 322.12 W, 1297 MHz, 70
1791412627.360, 322.17 W, 1297 MHz, 69
1791412627.890, 322.74 W, 1297 MHz, 68
1791412628.422, 323.43 W, 1297 MHz, 69
1791412628.953, 324.19 W, 1297 MHz, 69
1791412629.484, 323.82 W, 1297 MHz, 69
1791412630.016, 322.52 W, 1297 MHz, 70
1791412630.548, 321.46 W, 1297 MHz, 70
1791412631.079, 320.31 W, 1297 MHz, 69
1791412631.610, 320.66 W, 1297 MHz, 70
1791412632.140, 322.64 W, 1297 MHz, 70
1791412632.671, 323.13 W, 1297 MHz, 70
1791412633.201, 321.70 W, 1297 MHz, 70
1791412633.731, 322.27 W, 1297 MHz, 69
1791412634.263, 321.24 W, 1297 MHz, 70
1791412634.793, 320.02 W, 1297 MHz, 70
1791412635.326, 320.22 W, 1297 MHz, 69
1791412635.856, 320.97 W, 1297 MHz, 70
1791412636.387, 320.62 W, 1297 MHz, 69
1791412636.918, 320.08 W, 1297 MHz, 70
1791412637.447, 320.01 W, 1297 MHz, 70
1791412637.978, 321.78 W, 1297 MHz, 70
1791412638.508, 321.29 W, 1297 MHz, 70
1791412639.037, 321.39 W, 1297 MHz, 69
1791412639.571, 288.94 W, 1297 MHz, 67
1791412640.100, 252.58 W, 1297 MHz, 66
1791412640.632, 239.01 W, 1297 MHz, 66
1791412641.162, 164.79 W, 1297 MHz, 64
1791412641.694, 103.61 W, 1297 MHz, 63
1791412642.226, 250.17 W, 1297 MHz, 68
1791412642.756, 332.90 W, 1297 MHz, 69
1791412643.289, 332.22 W, 1297 MHz, 70
1791412643.820, 331.76 W, 1297 MHz, 69
1791412644.351, 332.01 W, 1297 MHz, 69
1791412644.883, 332.07 W, 1297 MHz, 70
1791412645.415, 333.00 W, 1297 MHz, 70
1791412645.946, 332.73 W, 1297 MHz, 69
1791412646.478, 333.35 W, 1297 MHz, 70
1791412647.009, 333.52 W, 1297 MHz, 70
1791412647.539, 331.81 W, 1297 MHz, 70
1791412648.069, 331.89 W, 1297 MHz, 70
1791412648.599, 332.11 W, 1297 MHz, 70
1791412649.129, 333.20 W, 1297 MHz, 70
1791412649.658, 332.49 W, 1297 MHz, 70
1791412650.188, 332.26 W, 1297 MHz, 70
1791412650.718, 333.03 W, 1297 MHz, 70
1791412651.249, 333.41 W, 1297 MHz, 70
1791412651.778, 333.82 W, 1297 MHz, 70
1791412652.309, 333.17 W, 1297 MHz, 70
1791412652.839, 333.33 W, 1297 MHz, 70
1791412653.369, 333.33 W, 1297 MHz, 70
1791412653.899, 333.75 W, 1297 MHz, 70
1791412654.430, 333.52 W, 1297 MHz, 70
1791412654.960, 333.95 W, 1297 MHz, 70
1791412655.493, 333.37 W, 1297 MHz, 70
1791412656.025, 333.47 W, 1297 MHz, 70
1791412656.557, 332.63 W, 1297 MHz, 70
1791412657.088, 332.37 W, 1297 MHz, 70
1791412657.620, 331.61 W, 1297 MHz, 70
1791412658.151, 331.35 W, 1297 MHz, 70
1791412658.683, 332.01 W, 1297 MHz, 69
1791412659.215, 331.72 W, 1297 MHz, 69
1791412659.746, 331.63 W, 1297 MHz, 70
1791412660.275, 332.21 W, 1297 MHz, 71
1791412660.806, 331.87 W, 1297 MHz, 71
1791412661.339, 331.64 W, 1297 MHz, 70
1791412661.869, 331.99 W, 1297 MHz, 71
1791412662.401, 308.57 W, 1297 MHz, 67
1791412662.934, 257.39 W, 1297 MHz, 66
1791412663.467, 238.37 W, 1297 MHz, 66
1791412663.996, 188.38 W, 1297 MHz, 64
1791412664.526, 112.99 W, 1297 MHz, 63
1791412665.056, 231.93 W, 1297 MHz, 69
1791412665.586, 332.40 W, 1297 MHz, 69
1791412666.117, 332.26 W, 1297 MHz, 70
1791412666.648, 332.18 W, 1297 MHz, 70
1791412667.177, 332.43 W, 1297 MHz, 70
1791412667.707, 332.89 W, 1297 MHz, 70
1791412668.236, 332.06 W, 1297 MHz, 70
1791412668.767, 332.67 W, 1297 MHz, 70
1791412669.298, 332.08 W, 1297 MHz, 70
1791412669.829, 332.55 W, 1297 MHz, 70
1791412670.362, 332.93 W, 1297 MHz, 70
1791412670.894, 333.44 W, 1297 MHz, 70
1791412671.425, 333.15 W, 1297 MHz, 70
1791412671.956, 333.00 W, 1297 MHz, 70
1791412672.487, 333.06 W, 1297 MHz, 70
1791412673.018, 333.07 W, 1297 MHz, 70
1791412673.548, 333.83 W, 1297 MHz, 70
1791412674.080, 333.67 W, 1297 MHz, 70
1791412674.611, 333.36 W, 1297 MHz, 70
1791412675.140, 333.69 W, 1297 MHz, 70
1791412675.670, 334.42 W, 1297 MHz, 70
1791412676.200, 333.66 W, 1297 MHz, 70
1791412676.731, 333.96 W, 1297 MHz, 71
1791412677.263, 334.05 W, 1297 MHz, 71
1791412677.797, 334.00 W, 1297 MHz, 71
1791412678.329, 333.07 W, 1297 MHz, 71
1791412678.858, 333.34 W, 1297 MHz, 70
1791412679.392, 333.75 W, 1297 MHz, 71
1791412679.925, 332.74 W, 1297 MHz, 71
1791412680.455, 331.96 W, 1297 MHz, 70
1791412680.984, 330.73 W, 1297 MHz, 71
1791412681.516, 330.92 W, 1297 MHz, 71
1791412682.047, 331.78 W, 1297 MHz, 71
1791412682.576, 331.34 W, 1297 MHz, 71
1791412683.106, 331.58 W, 1297 MHz, 71
1791412683.638, 332.02 W, 1297 MHz, 71
1791412684.168, 331.64 W, 1297 MHz, 70
1791412684.698, 331.89 W, 1297 MHz, 71
1791412685.229, 305.31 W, 1297 MHz, 70
1791412685.760, 263.12 W, 1297 MHz, 67
1791412686.292, 238.82 W, 1297 MHz, 67
1791412686.824, 228.48 W, 1297 MHz, 66
1791412687.357, 224.99 W, 1297 MHz, 66
1791412687.889, 233.36 W, 1297 MHz, 66
1791412688.420, 233.24 W, 1297 MHz, 66
1791412688.952, 233.49 W, 1297 MHz, 66
1791412689.484, 233.34 W, 1297 MHz, 66
1791412690.016, 232.95 W, 1297 MHz, 66
1791412690.549, 233.34 W, 1297 MHz, 66
1791412691.082, 233.29 W, 1297 MHz, 66
1791412691.615, 233.05 W, 1297 MHz, 65
1791412692.148, 232.57 W, 1297 MHz, 65
1791412692.682, 232.64 W, 1297 MHz, 65
1791412693.215, 232.25 W, 1297 MHz, 65
1791412693.748, 232.19 W, 1297 MHz, 65
1791412694.279, 232.16 W, 1297 MHz, 65
1791412694.809, 232.10 W, 1297 MHz, 65
1791412695.339, 231.82 W, 1297 MHz, 65
1791412695.869, 231.84 W, 1297 MHz, 65
1791412696.399, 232.25 W, 1297 MHz, 65
1791412696.931, 231.67 W, 1297 MHz, 65
1791412697.463, 231.32 W, 1297 MHz, 65
1791412697.995, 231.37 W, 1297 MHz, 65
1791412698.528, 231.34 W, 1297 MHz, 65
1791412699.060, 231.32 W, 1297 MHz, 65
1791412699.593, 231.96 W, 1297 MHz, 65
1791412700.126, 232.02 W, 1297 MHz, 65
1791412700.659, 232.08 W, 1297 MHz, 65
1791412701.189, 232.61 W, 1297 MHz, 65
1791412701.720, 231.94 W, 1297 MHz, 64
1791412702.253, 232.03 W, 1297 MHz, 64
1791412702.784, 231.74 W, 1297 MHz, 64
1791412703.317, 232.17 W, 1297 MHz, 64
1791412703.850, 232.73 W, 1297 MHz, 64
1791412704.383, 232.38 W, 1297 MHz, 64
1791412704.915, 232.33 W, 1297 MHz, 64
1791412705.447, 232.34 W, 1297 MHz, 64
1791412705.977, 232.00 W, 1297 MHz, 64
1791412706.509, 231.34 W, 1297 MHz, 64
1791412707.040, 231.42 W, 1297 MHz, 64
1791412707.573, 231.68 W, 1297 MHz, 64
1791412708.103, 231.26 W, 1297 MHz, 64
1791412708.635, 231.33 W, 1297 MHz, 64
1791412709.168, 230.98 W, 1297 MHz, 64
1791412709.700, 230.50 W, 1297 MHz, 64
1791412710.232, 230.10 W, 1297 MHz, 64
1791412710.765, 229.73 W, 1297 MHz, 64
1791412711.298, 230.14 W, 1297 MHz, 64
1791412711.831, 229.97 W, 1297 MHz, 64
1791412712.363, 229.45 W, 1297 MHz, 63
1791412712.894, 229.93 W, 1297 MHz, 63
1791412713.428, 229.88 W, 1297 MHz, 63
1791412713.960, 229.35 W, 1297 MHz, 63
1791412714.492, 229.47 W, 1297 MHz, 63
1791412715.024, 229.48 W, 1297 MHz, 63
1791412715.556, 229.40 W, 1297 MHz, 63
1791412716.089, 229.37 W, 1297 MHz, 63
1791412716.619, 229.46 W, 1297 MHz, 63
1791412717.152, 229.14 W, 1297 MHz, 63
1791412717.684, 229.07 W, 1297 MHz, 63
1791412718.216, 229.25 W, 1297 MHz, 63
1791412718.747, 229.25 W, 1297 MHz, 63
1791412719.280, 228.89 W, 1297 MHz, 63
1791412719.811, 228.65 W, 1297 MHz, 63
1791412720.343, 228.88 W, 1297 MHz, 63
1791412720.874, 228.59 W, 1297 MHz, 63
1791412721.406, 228.89 W, 1297 MHz, 63
1791412721.938, 228.94 W, 1297 MHz, 63
1791412722.471, 228.92 W, 1297 MHz, 63
1791412723.004, 228.73 W, 1297 MHz, 63
1791412723.537, 228.74 W, 1297 MHz, 63
1791412724.067, 228.95 W, 1297 MHz, 63
1791412724.599, 228.54 W, 1297 MHz, 63
1791412725.132, 228.46 W, 1297 MHz, 63
1791412725.666, 228.85 W, 1297 MHz, 63
1791412726.196, 228.68 W, 1297 MHz, 63
1791412726.729, 228.84 W, 1297 MHz, 63
1791412727.261, 228.88 W, 1297 MHz, 63
1791412727.793, 228.35 W, 1297 MHz, 63
1791412728.323, 228.41 W, 1297 MHz, 63
1791412728.857, 228.28 W, 1297 MHz, 62
1791412729.389, 229.35 W, 1297 MHz, 63
1791412729.921, 230.15 W, 1297 MHz, 63
1791412730.452, 229.94 W, 1297 MHz, 62
1791412730.981, 230.01 W, 1297 MHz, 62
1791412731.513, 230.16 W, 1297 MHz, 62
1791412732.045, 229.81 W, 1297 MHz, 62
1791412732.575, 229.85 W, 1297 MHz, 62
1791412733.108, 230.19 W, 1297 MHz, 62
1791412733.639, 230.04 W, 1297 MHz, 62
1791412734.172, 229.51 W, 1297 MHz, 62
1791412734.703, 229.33 W, 1297 MHz, 62
1791412735.234, 229.30 W, 1297 MHz, 62
1791412735.767, 229.02 W, 1297 MHz, 62
1791412736.298, 229.28 W, 1297 MHz, 62
1791412736.829, 229.22 W, 1297 MHz, 62
1791412737.361, 229.18 W, 1297 MHz, 62
1791412737.894, 228.84 W, 1297 MHz, 62
1791412738.427, 229.40 W, 1297 MHz, 62
1791412738.959, 229.55 W, 1297 MHz, 62
1791412739.492, 229.43 W, 1297 MHz, 62
1791412740.023, 228.95 W, 1297 MHz, 62
1791412740.554, 228.79 W, 1297 MHz, 62
1791412741.086, 228.82 W, 1297 MHz, 62
1791412741.617, 229.01 W, 1297 MHz, 62
1791412742.148, 229.82 W, 1297 MHz, 62
1791412742.682, 229.20 W, 1297 MHz, 62
1791412743.215, 228.91 W, 1297 MHz, 62
1791412743.748, 229.30 W, 1297 MHz, 62
1791412744.280, 229.02 W, 1297 MHz, 62
1791412744.812, 229.11 W, 1297 MHz, 62
1791412745.344, 229.04 W, 1297 MHz, 62
1791412745.877, 229.46 W, 1297 MHz, 62
1791412746.408, 229.67 W, 1297 MHz, 62
1791412746.941, 229.40 W, 1297 MHz, 62
1791412747.473, 229.93 W, 1297 MHz, 62
1791412748.005, 229.65 W, 1297 MHz, 62
1791412748.538, 229.66 W, 1297 MHz, 62
1791412749.066, 229.37 W, 1297 MHz, 62
1791412749.600, 229.31 W, 1297 MHz, 62
1791412750.133, 229.30 W, 1297 MHz, 62
1791412750.665, 228.80 W, 1297 MHz, 62
1791412751.195, 229.00 W, 1297 MHz, 62
1791412751.728, 228.44 W, 1297 MHz, 62
1791412752.261, 227.78 W, 1297 MHz, 61
1791412752.796, 227.58 W, 1297 MHz, 61
1791412753.329, 227.86 W, 1297 MHz, 61
1791412753.862, 227.47 W, 1297 MHz, 61
1791412754.396, 227.60 W, 1297 MHz, 61
1791412754.929, 227.21 W, 1297 MHz, 61
1791412755.462, 227.02 W, 1297 MHz, 61
1791412755.994, 227.52 W, 1297 MHz, 61
1791412756.525, 227.81 W, 1297 MHz, 61
1791412757.056, 227.56 W, 1297 MHz, 61
1791412757.588, 227.58 W, 1297 MHz, 61
1791412758.121, 227.68 W, 1297 MHz, 61
1791412758.653, 227.59 W, 1297 MHz, 61
1791412759.185, 226.93 W, 1297 MHz, 61
1791412759.718, 227.38 W, 1297 MHz, 61
1791412760.249, 227.69 W, 1297 MHz, 61
1791412760.781, 227.72 W, 1297 MHz, 61
1791412761.312, 227.44 W, 1297 MHz, 61
1791412761.843, 227.35 W, 1297 MHz, 61
1791412762.375, 227.48 W, 1297 MHz, 61
1791412762.907, 227.45 W, 1297 MHz, 61
1791412763.440, 227.74 W, 1297 MHz, 61
1791412763.972, 227.58 W, 1297 MHz, 61
1791412764.505, 228.00 W, 1297 MHz, 61
1791412765.036, 227.64 W, 1297 MHz, 61
1791412765.569, 227.12 W, 1297 MHz, 61
1791412766.101, 227.27 W, 1297 MHz, 61
1791412766.633, 227.16 W, 1297 MHz, 61
1791412767.164, 227.25 W, 1297 MHz, 61
1791412767.697, 227.20 W, 1297 MHz, 61
1791412768.228, 227.49 W, 1297 MHz, 61
1791412768.761, 227.17 W, 1297 MHz, 61
1791412769.292, 227.34 W, 1297 MHz, 61
1791412769.824, 227.40 W, 1297 MHz, 61
1791412770.358, 227.26 W, 1297 MHz, 61
1791412770.891, 227.29 W, 1297 MHz, 61
1791412771.424, 228.26 W, 1297 MHz, 61
1791412771.955, 228.97 W, 1297 MHz, 61
1791412772.488, 228.48 W, 1297 MHz, 61
1791412773.019, 228.51 W, 1297 MHz, 61
1791412773.550, 228.17 W, 1297 MHz, 61
1791412774.080, 227.99 W, 1297 MHz, 61
1791412774.611, 227.49 W, 1297 MHz, 61
1791412775.142, 227.86 W, 1297 MHz, 61
1791412775.675, 228.00 W, 1297 MHz, 61
1791412776.207, 227.67 W, 1297 MHz, 61
1791412776.738, 227.59 W, 1297 MHz, 61
1791412777.272, 227.75 W, 1297 MHz, 61
1791412777.804, 227.28 W, 1297 MHz, 61
1791412778.334, 227.26 W, 1297 MHz, 61
1791412778.864, 227.74 W, 1297 MHz, 61
1791412779.395, 227.80 W, 1297 MHz, 61
1791412779.928, 227.45 W, 1297 MHz, 61
1791412780.463, 227.91 W, 1297 MHz, 61
1791412780.996, 228.19 W, 1297 MHz, 61
1791412781.527, 227.97 W, 1297 MHz, 61
1791412782.060, 227.98 W, 1297 MHz, 61
1791412782.591, 227.69 W, 1297 MHz, 61
1791412783.122, 227.64 W, 1297 MHz, 61
1791412783.655, 227.35 W, 1297 MHz, 61
1791412784.187, 227.82 W, 1297 MHz, 61
1791412784.717, 228.27 W, 1297 MHz, 61
1791412785.249, 227.82 W, 1297 MHz, 61
1791412785.784, 227.87 W, 1297 MHz, 61
1791412786.315, 227.47 W, 1297 MHz, 61
1791412786.848, 227.59 W, 1297 MHz, 61
1791412787.379, 227.30 W, 1297 MHz, 61
1791412787.913, 227.93 W, 1297 MHz, 61
1791412788.447, 228.45 W, 1297 MHz, 61
1791412788.980, 227.94 W, 1297 MHz, 61
1791412789.511, 228.27 W, 1297 MHz, 61
1791412790.042, 228.08 W, 1297 MHz, 61
1791412790.573, 228.19 W, 1297 MHz, 61
1791412791.107, 228.15 W, 1297 MHz, 60
1791412791.639, 227.69 W, 1297 MHz, 61
1791412792.171, 227.81 W, 1297 MHz, 61
1791412792.702, 227.95 W, 1297 MHz, 61
1791412793.233, 227.19 W, 1297 MHz, 60
1791412793.765, 226.84 W, 1297 MHz, 60
1791412794.296, 226.49 W, 1297 MHz, 61
1791412794.826, 226.58 W, 1297 MHz, 60
1791412795.358, 226.67 W, 1297 MHz, 60
1791412795.889, 226.47 W, 1297 MHz, 60
1791412796.421, 226.70 W, 1297 MHz, 60
1791412796.953, 227.07 W, 1297 MHz, 60
1791412797.484, 226.68 W, 1297 MHz, 60
1791412798.017, 226.46 W, 1297 MHz, 60
1791412798.550, 226.51 W, 1297 MHz, 60
1791412799.083, 226.71 W, 1297 MHz, 60
1791412799.616, 226.80 W, 1297 MHz, 60
1791412800.149, 226.46 W, 1297 MHz, 60
1791412800.681, 226.74 W, 1297 MHz, 60
1791412801.215, 226.94 W, 1297 MHz, 60
1791412801.747, 226.54 W, 1297 MHz, 60
1791412802.279, 226.59 W, 1297 MHz, 60
1791412802.810, 226.63 W, 1297 MHz, 60
1791412803.340, 226.62 W, 1297 MHz, 60
1791412803.871, 226.39 W, 1297 MHz, 60
1791412804.402, 226.40 W, 1297 MHz, 60
1791412804.934, 226.88 W, 1297 MHz, 60
1791412805.466, 226.37 W, 1297 MHz, 60
1791412805.998, 226.22 W, 1297 MHz, 60
1791412806.528, 226.01 W, 1297 MHz, 60
1791412807.062, 226.63 W, 1297 MHz, 60
1791412807.595, 226.68 W, 1297 MHz, 60
1791412808.126, 226.69 W, 1297 MHz, 60
1791412808.657, 226.39 W, 1297 MHz, 60
1791412809.188, 226.60 W, 1297 MHz, 60
1791412809.720, 226.68 W, 1297 MHz, 60
1791412810.251, 226.65 W, 1297 MHz, 60
1791412810.784, 226.81 W, 1297 MHz, 60
1791412811.317, 226.99 W, 1297 MHz, 60
1791412811.849, 226.84 W, 1297 MHz, 60
1791412812.380, 226.56 W, 1297 MHz, 60
1791412812.913, 226.14 W, 1297 MHz, 60
1791412813.444, 226.18 W, 1297 MHz, 60
1791412813.975, 226.69 W, 1297 MHz, 60
1791412814.506, 226.71 W, 1297 MHz, 60
1791412815.037, 227.25 W, 1297 MHz, 60
1791412815.571, 227.85 W, 1297 MHz, 60
1791412816.103, 228.28 W, 1297 MHz, 60
1791412816.636, 228.62 W, 1297 MHz, 60
1791412817.167, 228.42 W, 1297 MHz, 60
1791412817.702, 228.09 W, 1297 MHz, 60
1791412818.234, 228.03 W, 1297 MHz, 60
1791412818.765, 228.23 W, 1297 MHz, 60
1791412819.297, 227.74 W, 1297 MHz, 60
1791412819.829, 227.64 W, 1297 MHz, 60
1791412820.363, 227.73 W, 1297 MHz, 60
1791412820.896, 227.19 W, 1297 MHz, 60
1791412821.428, 227.23 W, 1297 MHz, 60
1791412821.960, 227.73 W, 1297 MHz, 60
1791412822.494, 227.28 W, 1297 MHz, 60
1791412823.026, 227.13 W, 1297 MHz, 60
1791412823.557, 227.64 W, 1297 MHz, 60
1791412824.089, 227.63 W, 1297 MHz, 60
1791412824.621, 227.60 W, 1297 MHz, 60
1791412825.154, 227.27 W, 1297 MHz, 60
1791412825.686, 227.24 W, 1297 MHz, 60
1791412826.219, 227.06 W, 1297 MHz, 60
1791412826.752, 226.95 W, 1297 MHz, 60
1791412827.284, 227.22 W, 1297 MHz, 60
1791412827.815, 227.80 W, 1297 MHz, 60
1791412828.348, 227.68 W, 1297 MHz, 60
1791412828.881, 227.68 W, 1297 MHz, 60
1791412829.414, 227.60 W, 1297 MHz, 60
1791412829.946, 227.30 W, 1297 MHz, 60
1791412830.479, 227.08 W, 1297 MHz, 60
1791412831.012, 227.18 W, 1297 MHz, 60
1791412831.544, 227.48 W, 1297 MHz, 60
1791412832.076, 226.86 W, 1297 MHz, 60
1791412832.607, 226.87 W, 1297 MHz, 60
1791412833.138, 227.15 W, 1297 MHz, 60
1791412833.670, 227.07 W, 1297 MHz, 60
1791412834.201, 226.64 W, 1297 MHz, 60
1791412834.732, 226.91 W, 1297 MHz, 60
1791412835.262, 227.13 W, 1297 MHz, 60
1791412835.793, 226.54 W, 1297 MHz, 60
1791412836.324, 226.45 W, 1297 MHz, 60
1791412836.856, 226.65 W, 1297 MHz, 60
1791412837.389, 226.10 W, 1297 MHz, 60
1791412837.920, 226.15 W, 1297 MHz, 60
1791412838.452, 226.19 W, 1297 MHz, 60
1791412838.984, 226.41 W, 1297 MHz, 60
1791412839.517, 226.68 W, 1297 MHz, 60
1791412840.051, 226.78 W, 1297 MHz, 60
1791412840.584, 226.40 W, 1297 MHz, 60
1791412841.115, 226.35 W, 1297 MHz, 60
1791412841.646, 226.17 W, 1297 MHz, 60
1791412842.178, 226.55 W, 1297 MHz, 60
1791412842.708, 226.50 W, 1297 MHz, 60
1791412843.240, 226.18 W, 1297 MHz, 60
1791412843.772, 226.36 W, 1297 MHz, 60
1791412844.305, 226.88 W, 1297 MHz, 60
1791412844.838, 226.26 W, 1297 MHz, 60
1791412845.370, 225.58 W, 1297 MHz, 60
1791412845.903, 226.25 W, 1297 MHz, 60
1791412846.435, 226.64 W, 1297 MHz, 60
1791412846.968, 227.03 W, 1297 MHz, 60
1791412847.499, 227.31 W, 1297 MHz, 60
1791412848.030, 227.41 W, 1297 MHz, 60
1791412848.562, 226.96 W, 1297 MHz, 60
1791412849.094, 226.76 W, 1297 MHz, 60
1791412849.627, 227.00 W, 1297 MHz, 60
1791412850.158, 227.00 W, 1297 MHz, 60
1791412850.690, 226.70 W, 1297 MHz, 60
1791412851.223, 226.90 W, 1297 MHz, 60
1791412851.756, 226.96 W, 1297 MHz, 60
1791412852.288, 227.07 W, 1297 MHz, 60
1791412852.822, 226.55 W, 1297 MHz, 60
1791412853.353, 226.89 W, 1297 MHz, 60
1791412853.884, 226.85 W, 1297 MHz, 60
1791412854.415, 226.57 W, 1297 MHz, 60
1791412854.947, 226.72 W, 1297 MHz, 60
1791412855.479, 226.30 W, 1297 MHz, 60
1791412856.010, 226.26 W, 1297 MHz, 60
1791412856.541, 226.66 W, 1297 MHz, 60
1791412857.071, 226.77 W, 1297 MHz, 60
1791412857.602, 227.01 W, 1297 MHz, 60
1791412858.133, 227.59 W, 1297 MHz, 60
1791412858.663, 227.85 W, 1297 MHz, 60
1791412859.193, 227.80 W, 1297 MHz, 60
1791412859.724, 228.18 W, 1297 MHz, 60
1791412860.257, 228.27 W, 1297 MHz, 60
1791412860.788, 227.65 W, 1297 MHz, 60
1791412861.319, 227.86 W, 1297 MHz, 60
1791412861.850, 227.50 W, 1297 MHz, 60
1791412862.381, 227.28 W, 1297 MHz, 60
1791412862.912, 227.01 W, 1297 MHz, 60
1791412863.443, 226.99 W, 1297 MHz, 60
1791412863.974, 227.23 W, 1297 MHz, 60
1791412864.506, 227.22 W, 1297 MHz, 60
1791412865.038, 227.42 W, 1297 MHz, 60
1791412865.572, 227.68 W, 1297 MHz, 60
1791412866.103, 227.17 W, 1297 MHz, 60
1791412866.635, 227.65 W, 1297 MHz, 60
1791412867.168, 227.79 W, 1297 MHz, 60
1791412867.699, 227.34 W, 1297 MHz, 60
1791412868.231, 227.37 W, 1297 MHz, 60
1791412868.763, 227.79 W, 1297 MHz, 60
1791412869.295, 227.46 W, 1297 MHz, 60
1791412869.827, 227.46 W, 1297 MHz, 60
1791412870.358, 227.98 W, 1297 MHz, 60
1791412870.891, 227.40 W, 1297 MHz, 60
1791412871.424, 227.31 W, 1297 MHz, 60
1791412871.957, 227.41 W, 1297 MHz, 60
1791412872.488, 227.03 W, 1297 MHz, 60
1791412873.020, 227.16 W, 1297 MHz, 60
1791412873.553, 227.19 W, 1297 MHz, 60
1791412874.087, 227.54 W, 1297 MHz, 60
1791412874.620, 227.61 W, 1297 MHz, 60
1791412875.151, 227.52 W, 1297 MHz, 60
1791412875.682, 227.97 W, 1297 MHz, 60
1791412876.216, 227.99 W, 1297 MHz, 60
1791412876.749, 227.49 W, 1297 MHz, 60
1791412877.282, 227.21 W, 1297 MHz, 60
1791412877.814, 227.47 W, 1297 MHz, 60
1791412878.345, 227.35 W, 1297 MHz, 60
1791412878.876, 227.29 W, 1297 MHz, 60
1791412879.407, 226.82 W, 1297 MHz, 60
1791412879.938, 226.03 W, 1297 MHz, 60
1791412880.470, 226.30 W, 1297 MHz, 60
1791412881.003, 226.06 W, 1297 MHz, 60
1791412881.535, 226.04 W, 1297 MHz, 60
1791412882.065, 226.49 W, 1297 MHz, 60
1791412882.596, 226.78 W, 1297 MHz, 60
1791412883.126, 226.41 W, 1297 MHz, 60
1791412883.657, 225.89 W, 1297 MHz, 60
1791412884.188, 225.72 W, 1297 MHz, 60
1791412884.719, 225.90 W, 1297 MHz, 60
1791412885.251, 226.52 W, 1297 MHz, 60
1791412885.784, 226.03 W, 1297 MHz, 60
1791412886.317, 226.59 W, 1297 MHz, 60
1791412886.848, 226.82 W, 1297 MHz, 60
1791412887.380, 226.49 W, 1297 MHz, 60
1791412887.912, 226.48 W, 1297 MHz, 60
1791412888.443, 226.46 W, 1297 MHz, 60
1791412888.975, 227.23 W, 1297 MHz, 60
1791412889.507, 227.09 W, 1297 MHz, 60
1791412890.038, 226.49 W, 1297 MHz, 60
1791412890.571, 226.62 W, 1297 MHz, 60
1791412891.102, 226.72 W, 1297 MHz, 60
1791412891.635, 226.62 W, 1297 MHz, 60
1791412892.169, 226.93 W, 1297 MHz, 60
1791412892.701, 226.70 W, 1297 MHz, 60
1791412893.235, 226.67 W, 1297 MHz, 60
1791412893.766, 226.59 W, 1297 MHz, 60
1791412894.297, 226.21 W, 1297 MHz, 60
1791412894.831, 226.60 W, 1297 MHz, 60
1791412895.364, 226.78 W, 1297 MHz, 60
1791412895.895, 226.90 W, 1297 MHz, 60
1791412896.427, 226.61 W, 1297 MHz, 60
1791412896.959, 226.17 W, 1297 MHz, 60
1791412897.490, 226.11 W, 1297 MHz, 60
1791412898.023, 226.54 W, 1297 MHz, 60
1791412898.554, 227.12 W, 1297 MHz, 60
1791412899.084, 226.91 W, 1297 MHz, 60
1791412899.612, 151.46 W, 1297 MHz, 58
1791412900.143, 94.12 W, 1297 MHz, 57
1791412900.673, 94.12 W, 1297 MHz, 57
1791412901.201, 67.94 W, 1297 MHz, 57
1791412901.730, 67.94 W, 1297 MHz, 57
1791412902.260, 67.75 W, 1297 MHz, 57
1791412902.788, 67.75 W, 1297 MHz, 57
1791412903.317, 67.60 W, 1297 MHz, 57
1791412903.846, 67.60 W, 1297 MHz, 56
1791412904.375, 67.51 W, 1297 MHz, 56
1791412904.905, 67.51 W, 1297 MHz, 56
1791412905.435, 67.48 W, 1297 MHz, 56
1791412905.966, 67.48 W, 1297 MHz, 56
1791412906.494, 67.16 W, 1297 MHz, 56
1791412907.023, 67.11 W, 1297 MHz, 56
1791412907.554, 67.11 W, 1297 MHz, 55
1791412908.082, 67.16 W, 1297 MHz, 55
1791412908.612, 67.16 W, 1297 MHz, 55
1791412909.140, 66.87 W, 1297 MHz, 55
1791412909.672, 66.87 W, 1297 MHz, 55
1791412910.202, 66.76 W, 1297 MHz, 55
1791412910.731, 66.76 W, 1297 MHz, 55
1791412911.260, 66.62 W, 1297 MHz, 55
1791412911.789, 66.62 W, 1297 MHz, 55
1791412912.319, 66.50 W, 1297 MHz, 55
1791412912.848, 66.50 W, 1297 MHz, 54
1791412913.377, 66.45 W, 1297 MHz, 54
1791412913.908, 66.45 W, 1297 MHz, 54
1791412914.437, 66.17 W, 1297 MHz, 54
1791412914.967, 66.17 W, 1297 MHz, 54
1791412915.497, 66.10 W, 1297 MHz, 54
1791412916.027, 66.08 W, 1297 MHz, 54
1791412916.555, 66.08 W, 1297 MHz, 54
1791412917.084, 65.93 W, 1297 MHz, 54
1791412917.612, 65.93 W, 1297 MHz, 54
1791412918.141, 65.81 W, 1297 MHz, 54
1791412918.671, 65.81 W, 1297 MHz, 53
1791412919.202, 65.85 W, 1297 MHz, 53
1791412919.730, 65.85 W, 1297 MHz, 53
1791412920.260, 65.70 W, 1297 MHz, 53
1791412920.791, 65.70 W, 1297 MHz, 53
1791412921.321, 65.56 W, 1297 MHz, 53
1791412921.850, 65.56 W, 1297 MHz, 53
1791412922.380, 65.43 W, 1297 MHz, 53
1791412922.908, 65.43 W, 1297 MHz, 53
1791412923.438, 65.25 W, 1297 MHz, 53
1791412923.967, 65.25 W, 1297 MHz, 53
1791412924.497, 65.27 W, 1297 MHz, 53
1791412925.027, 65.40 W, 1297 MHz, 53
1791412925.556, 65.40 W, 1297 MHz, 52
1791412926.086, 65.31 W, 1297 MHz, 52
1791412926.616, 65.31 W, 1297 MHz, 52
1791412927.145, 65.00 W, 1297 MHz, 52
1791412927.674, 65.00 W, 1297 MHz, 52
1791412928.204, 64.89 W, 1297 MHz, 52
1791412928.733, 64.89 W, 1297 MHz, 52
1791412929.263, 64.64 W, 1297 MHz, 52
1791412929.792, 64.64 W, 1297 MHz, 52
1791412930.319, 83.11 W, 2872 MHz, 52
1791412930.850, 83.11 W, 2872 MHz, 53
1791412931.380, 104.57 W, 2872 MHz, 53
1791412931.909, 104.57 W, 2872 MHz, 53
1791412932.437, 107.65 W, 2872 MHz, 53
1791412932.966, 107.65 W, 2872 MHz, 53
1791412933.495, 107.54 W, 2872 MHz, 53
1791412934.023, 107.47 W, 2872 MHz, 53
1791412934.553, 107.47 W, 2872 MHz, 53
1791412935.082, 107.63 W, 2872 MHz, 53
1791412935.611, 107.63 W, 2872 MHz, 53
1791412936.140, 107.61 W, 2872 MHz, 53
1791412936.669, 107.61 W, 2872 MHz, 53
1791412937.198, 107.48 W, 2872 MHz, 53
1791412937.729, 107.48 W, 2872 MHz, 53
1791412938.259, 107.43 W, 2872 MHz, 53
1791412938.786, 107.43 W, 2872 MHz, 52
1791412939.315, 107.42 W, 2872 MHz, 52
1791412939.843, 107.42 W, 2872 MHz, 52
1791412940.371, 107.41 W, 2872 MHz, 52
1791412940.900, 107.41 W, 2872 MHz, 52
1791412941.430, 107.33 W, 2872 MHz, 52
1791412941.958, 107.33 W, 2872 MHz, 52
1791412942.486, 107.32 W, 2872 MHz, 52
1791412943.015, 107.18 W, 2872 MHz, 52
1791412943.545, 107.18 W, 2872 MHz, 52
1791412944.074, 107.09 W, 2872 MHz, 52
1791412944.605, 107.09 W, 2872 MHz, 52
1791412945.133, 107.11 W, 2872 MHz, 52
1791412945.663, 107.11 W, 2872 MHz, 52
1791412946.192, 107.15 W, 2872 MHz, 52
1791412946.721, 107.15 W, 2872 MHz, 52
1791412947.250, 107.10 W, 2872 MHz, 52
1791412947.779, 107.10 W, 2872 MHz, 52
1791412948.306, 107.06 W, 2872 MHz, 52
1791412948.836, 107.06 W, 2872 MHz, 52
1791412949.366, 107.00 W, 2872 MHz, 52
1791412949.895, 107.00 W, 2872 MHz, 52
1791412950.425, 107.05 W, 2872 MHz, 52
1791412950.954, 107.05 W, 2872 MHz, 52
1791412951.483, 107.09 W, 2872 MHz, 52
1791412952.013, 107.08 W, 2872 MHz, 52
1791412952.543, 107.08 W, 2872 MHz, 52
1791412953.072, 107.06 W, 2872 MHz, 52
1791412953.601, 107.06 W, 2872 MHz, 52
1791412954.129, 106.92 W, 2872 MHz, 52
1791412954.657, 106.92 W, 2872 MHz, 51
1791412955.187, 106.88 W, 2872 MHz, 51
1791412955.716, 106.88 W, 2872 MHz, 51
1791412956.245, 106.93 W, 2872 MHz, 51
1791412956.774, 106.93 W, 2872 MHz, 51
1791412957.302, 106.82 W, 2872 MHz, 51
1791412957.829, 106.82 W, 2872 MHz, 51
1791412958.358, 106.82 W, 2872 MHz, 51
1791412958.886, 106.82 W, 2872 MHz, 51
1791412959.415, 106.91 W, 2872 MHz, 51
1791412959.945, 106.91 W, 2872 MHz, 51
1791412960.473, 106.88 W, 2872 MHz, 51
1791412961.003, 106.70 W, 2872 MHz, 51
1791412961.532, 106.70 W, 2872 MHz, 51
1791412962.061, 106.72 W, 2872 MHz, 51
1791412962.589, 106.72 W, 2872 MHz, 51
1791412963.120, 106.74 W, 2872 MHz, 51
1791412963.649, 106.74 W, 2872 MHz, 51
1791412964.178, 106.77 W, 2872 MHz, 51
1791412964.709, 106.77 W, 2872 MHz, 51
1791412965.240, 106.77 W, 2872 MHz, 51
1791412965.768, 106.77 W, 2872 MHz, 51
1791412966.298, 106.71 W, 2872 MHz, 51
1791412966.827, 106.71 W, 2872 MHz, 51
1791412967.358, 106.66 W, 2872 MHz, 51
1791412967.887, 106.66 W, 2872 MHz, 51
1791412968.415, 106.65 W, 2872 MHz, 51
1791412968.944, 106.65 W, 2872 MHz, 51
1791412969.472, 106.73 W, 2872 MHz, 51
1791412970.001, 106.64 W, 2872 MHz, 51
1791412970.531, 106.64 W, 2872 MHz, 51
1791412971.062, 106.55 W, 2872 MHz, 51
1791412971.590, 106.55 W, 2872 MHz, 51
1791412972.119, 106.54 W, 2872 MHz, 51
1791412972.648, 106.54 W, 2872 MHz, 50
1791412973.177, 106.55 W, 2872 MHz, 50
1791412973.704, 106.55 W, 2872 MHz, 50
1791412974.234, 106.68 W, 2872 MHz, 50
1791412974.763, 106.68 W, 2872 MHz, 50
1791412975.292, 106.59 W, 2872 MHz, 50
1791412975.820, 106.59 W, 2872 MHz, 50
1791412976.350, 106.53 W, 2872 MHz, 50
1791412976.878, 106.53 W, 2872 MHz, 50
1791412977.409, 106.44 W, 2872 MHz, 50
1791412977.939, 106.44 W, 2872 MHz, 50
1791412978.469, 106.53 W, 2872 MHz, 50
1791412978.998, 106.53 W, 2872 MHz, 50
1791412979.527, 106.46 W, 2872 MHz, 50
1791412980.056, 106.28 W, 2872 MHz, 50
1791412980.585, 106.28 W, 2872 MHz, 50
1791412981.112, 106.31 W, 2872 MHz, 50
1791412981.640, 106.31 W, 2872 MHz, 50
1791412982.170, 106.27 W, 2872 MHz, 50
1791412982.698, 106.27 W, 2872 MHz, 50
1791412983.227, 106.16 W, 2872 MHz, 50
1791412983.757, 106.16 W, 2872 MHz, 50
1791412984.285, 106.17 W, 2872 MHz, 50
1791412984.816, 106.17 W, 2872 MHz, 50
1791412985.344, 106.26 W, 2872 MHz, 50
1791412985.873, 106.26 W, 2872 MHz, 50
1791412986.403, 106.17 W, 2872 MHz, 50
1791412986.933, 106.17 W, 2872 MHz, 50
1791412987.462, 106.14 W, 2872 MHz, 50
1791412987.991, 106.14 W, 2872 MHz, 50
1791412988.519, 106.15 W, 2872 MHz, 50
1791412989.048, 106.16 W, 2872 MHz, 50
1791412989.577, 106.16 W, 2872 MHz, 50
1791412990.104, 106.08 W, 2872 MHz, 50
1791412990.633, 106.08 W, 2872 MHz, 50
1791412991.163, 106.09 W, 2872 MHz, 50
1791412991.691, 106.09 W, 2872 MHz, 49
1791412992.221, 106.07 W, 2872 MHz, 49
1791412992.751, 106.07 W, 2872 MHz, 49
1791412993.279, 105.95 W, 2872 MHz, 49
1791412993.808, 105.95 W, 2872 MHz, 49
1791412994.336, 106.03 W, 2872 MHz, 49
1791412994.864, 106.03 W, 2872 MHz, 49
1791412995.393, 106.13 W, 2872 MHz, 49
1791412995.923, 106.13 W, 2872 MHz, 49
1791412996.452, 106.15 W, 2872 MHz, 49
1791412996.980, 106.15 W, 2872 MHz, 49
1791412997.509, 106.21 W, 2872 MHz, 49
1791412998.036, 106.16 W, 2872 MHz, 49
1791412998.566, 106.16 W, 2872 MHz, 49
1791412999.096, 106.16 W, 2872 MHz, 49
1791412999.624, 106.16 W, 2872 MHz, 49
1791413000.153, 106.10 W, 2872 MHz, 49
1791413000.681, 106.10 W, 2872 MHz, 49
1791413001.209, 105.88 W, 2872 MHz, 49
1791413001.737, 105.88 W, 2872 MHz, 49
1791413002.267, 105.86 W, 2872 MHz, 49
1791413002.797, 105.86 W, 2872 MHz, 49
1791413003.326, 105.72 W, 2872 MHz, 49
1791413003.857, 105.72 W, 2872 MHz, 49
1791413004.386, 105.75 W, 2872 MHz, 49
1791413004.916, 105.75 W, 2872 MHz, 49
1791413005.444, 105.78 W, 2872 MHz, 49
1791413005.973, 105.78 W, 2872 MHz, 49
1791413006.503, 105.72 W, 2872 MHz, 49
1791413007.033, 105.45 W, 2872 MHz, 49
1791413007.561, 105.45 W, 2872 MHz, 49
1791413008.089, 105.47 W, 2872 MHz, 49
1791413008.617, 105.47 W, 2872 MHz, 49
1791413009.147, 105.64 W, 2872 MHz, 49
1791413009.676, 105.64 W, 2872 MHz, 49
1791413010.207, 105.60 W, 2872 MHz, 49
1791413010.735, 105.60 W, 2872 MHz, 49
1791413011.265, 105.59 W, 2872 MHz, 49
1791413011.794, 105.59 W, 2872 MHz, 49
1791413012.324, 105.61 W, 2872 MHz, 49
1791413012.854, 105.61 W, 2872 MHz, 49
1791413013.383, 105.61 W, 2872 MHz, 49
1791413013.910, 105.61 W, 2872 MHz, 49
1791413014.439, 105.68 W, 2872 MHz, 49
1791413014.967, 105.68 W, 2872 MHz, 49
1791413015.496, 105.57 W, 2872 MHz, 49
1791413016.026, 105.50 W, 2872 MHz, 49
1791413016.554, 105.50 W, 2872 MHz, 49
1791413017.083, 105.59 W, 2872 MHz, 49
1791413017.610, 105.59 W, 2872 MHz, 49
1791413018.139, 105.69 W, 2872 MHz, 49
1791413018.670, 105.69 W, 2872 MHz, 48
1791413019.198, 105.80 W, 2872 MHz, 48
1791413019.730, 105.80 W, 2872 MHz, 48
1791413020.261, 200.10 W, 2850 MHz, 48
1791413020.792, 319.15 W, 2415 MHz, 61
1791413021.322, 602.33 W, 2407 MHz, 63
1791413021.855, 598.72 W, 2385 MHz, 63
1791413022.389, 598.73 W, 2392 MHz, 64
1791413022.922, 598.86 W, 2400 MHz, 65
1791413023.453, 600.87 W, 2377 MHz, 64
1791413023.983, 598.53 W, 2392 MHz, 66
1791413024.514, 598.87 W, 2385 MHz, 67
1791413025.045, 598.43 W, 2392 MHz, 67
1791413025.576, 600.42 W, 2392 MHz, 67
1791413026.107, 600.34 W, 2377 MHz, 68
1791413026.641, 599.45 W, 2385 MHz, 68
1791413027.173, 598.70 W, 2392 MHz, 68
1791413027.706, 600.05 W, 2362 MHz, 68
1791413028.236, 599.16 W, 2362 MHz, 69
1791413028.766, 598.96 W, 2377 MHz, 69
1791413029.297, 600.18 W, 2370 MHz, 69
1791413029.828, 600.29 W, 2392 MHz, 68
1791413030.361, 600.42 W, 2377 MHz, 70
1791413030.893, 601.28 W, 2377 MHz, 70
1791413031.425, 599.77 W, 2377 MHz, 70
1791413031.957, 598.63 W, 2385 MHz, 70
1791413032.488, 598.34 W, 2385 MHz, 71
1791413033.021, 538.10 W, 2835 MHz, 66
1791413033.554, 477.23 W, 2835 MHz, 66
1791413034.081, 337.96 W, 2857 MHz, 60
1791413034.608, 177.54 W, 2857 MHz, 58
1791413035.160, 177.54 W, 2857 MHz, 58
1791413035.688, 111.11 W, 2857 MHz, 58
1791413036.217, 111.11 W, 2857 MHz, 57
1791413036.745, 110.00 W, 2857 MHz, 57
1791413037.272, 110.00 W, 2857 MHz, 56
1791413037.799, 109.67 W, 2857 MHz, 56
1791413038.332, 123.15 W, 2857 MHz, 56
1791413038.863, 322.28 W, 2400 MHz, 69
1791413039.395, 583.74 W, 2385 MHz, 70
1791413039.928, 600.75 W, 2370 MHz, 70
1791413040.459, 599.09 W, 2370 MHz, 71
1791413040.992, 599.52 W, 2377 MHz, 72
1791413041.523, 598.64 W, 2370 MHz, 72
1791413042.053, 600.24 W, 2362 MHz, 71
1791413042.585, 598.11 W, 2355 MHz, 73
1791413043.116, 599.15 W, 2355 MHz, 73
1791413043.647, 599.96 W, 2362 MHz, 73
1791413044.179, 599.96 W, 2332 MHz, 73
1791413044.710, 599.71 W, 2340 MHz, 73
1791413045.240, 599.48 W, 2347 MHz, 74
1791413045.771, 600.10 W, 2332 MHz, 74
1791413046.301, 599.87 W, 2347 MHz, 74
1791413046.833, 599.37 W, 2347 MHz, 75
1791413047.365, 600.22 W, 2347 MHz, 75
1791413047.897, 598.58 W, 2325 MHz, 75
1791413048.429, 598.56 W, 2340 MHz, 75
1791413048.959, 598.60 W, 2355 MHz, 76
1791413049.489, 599.72 W, 2355 MHz, 75
1791413050.020, 598.75 W, 2347 MHz, 76
1791413050.551, 598.29 W, 2355 MHz, 76
1791413051.083, 599.64 W, 2355 MHz, 76
1791413051.615, 599.83 W, 2340 MHz, 76
1791413052.146, 598.66 W, 2347 MHz, 76
1791413052.677, 600.06 W, 2325 MHz, 77
1791413053.210, 598.50 W, 2332 MHz, 77
1791413053.741, 598.58 W, 2340 MHz, 77
1791413054.272, 600.06 W, 2347 MHz, 78
1791413054.804, 598.27 W, 2325 MHz, 78
1791413055.336, 598.41 W, 2332 MHz, 78
1791413055.867, 599.68 W, 2340 MHz, 77
1791413056.401, 599.89 W, 2325 MHz, 78
1791413056.932, 599.64 W, 2332 MHz, 79
1791413057.464, 599.86 W, 2340 MHz, 78
1791413057.995, 598.29 W, 2340 MHz, 79
1791413058.528, 599.62 W, 2332 MHz, 79
1791413059.058, 599.98 W, 2325 MHz, 80
1791413059.589, 600.59 W, 2332 MHz, 79
1791413060.120, 599.51 W, 2332 MHz, 80
1791413060.651, 599.16 W, 2325 MHz, 80
1791413061.181, 600.06 W, 2340 MHz, 80
1791413061.714, 599.17 W, 2325 MHz, 80
1791413062.246, 598.76 W, 2332 MHz, 80
1791413062.777, 599.38 W, 2355 MHz, 81
1791413063.308, 599.80 W, 2332 MHz, 81
1791413063.838, 600.63 W, 2347 MHz, 81
1791413064.369, 600.82 W, 2325 MHz, 81
1791413064.900, 600.59 W, 2347 MHz, 81
1791413065.433, 599.73 W, 2325 MHz, 81
1791413065.964, 599.01 W, 2340 MHz, 81
1791413066.496, 599.10 W, 2325 MHz, 82
1791413067.027, 600.49 W, 2317 MHz, 82
1791413067.558, 600.34 W, 2310 MHz, 82
1791413068.090, 599.49 W, 2317 MHz, 82
1791413068.620, 599.42 W, 2325 MHz, 82
1791413069.153, 599.52 W, 2317 MHz, 82
1791413069.682, 598.68 W, 2332 MHz, 80
1791413070.212, 600.36 W, 2325 MHz, 82
1791413070.745, 599.31 W, 2340 MHz, 83
1791413071.277, 599.71 W, 2317 MHz, 82
1791413071.808, 599.10 W, 2317 MHz, 83
1791413072.340, 599.73 W, 2325 MHz, 83
1791413072.872, 600.63 W, 2325 MHz, 83
1791413073.404, 598.86 W, 2340 MHz, 83
1791413073.936, 599.41 W, 2347 MHz, 83
1791413074.468, 599.89 W, 2340 MHz, 84
1791413074.998, 598.80 W, 2317 MHz, 82
1791413075.529, 599.35 W, 2317 MHz, 83
1791413076.059, 599.36 W, 2332 MHz, 84
1791413076.590, 599.27 W, 2325 MHz, 84
1791413077.121, 600.41 W, 2325 MHz, 84
1791413077.651, 600.35 W, 2310 MHz, 84
1791413078.181, 600.43 W, 2310 MHz, 85
1791413078.711, 600.22 W, 2317 MHz, 84
1791413079.241, 599.91 W, 2325 MHz, 84
1791413079.771, 598.98 W, 2310 MHz, 84
1791413080.301, 598.96 W, 2332 MHz, 85
1791413080.833, 600.59 W, 2340 MHz, 85
1791413081.363, 599.48 W, 2340 MHz, 85
1791413081.894, 598.72 W, 2310 MHz, 85
1791413082.426, 599.61 W, 2317 MHz, 85
1791413082.957, 598.91 W, 2325 MHz, 85
1791413083.489, 599.98 W, 2325 MHz, 85
1791413084.020, 600.06 W, 2317 MHz, 86
1791413084.554, 600.29 W, 2332 MHz, 85
1791413085.086, 599.58 W, 2332 MHz, 86
1791413085.617, 600.37 W, 2325 MHz, 86
1791413086.148, 600.10 W, 2310 MHz, 86
1791413086.678, 598.94 W, 2310 MHz, 86
1791413087.208, 598.95 W, 2332 MHz, 86
1791413087.739, 598.50 W, 2317 MHz, 86
1791413088.271, 599.85 W, 2340 MHz, 87
1791413088.801, 600.12 W, 2317 MHz, 86
1791413089.333, 600.42 W, 2317 MHz, 86
1791413089.864, 599.60 W, 2317 MHz, 86
1791413090.394, 599.40 W, 2355 MHz, 87
1791413090.927, 599.82 W, 2325 MHz, 87
1791413091.457, 599.95 W, 2317 MHz, 86
1791413091.991, 598.69 W, 2347 MHz, 87
1791413092.524, 599.83 W, 2347 MHz, 87
1791413093.057, 597.12 W, 2430 MHz, 87
1791413093.589, 557.56 W, 2812 MHz, 83
1791413094.117, 512.83 W, 2812 MHz, 83
1791413094.646, 345.17 W, 2835 MHz, 76
1791413095.172, 174.52 W, 2835 MHz, 74
1791413095.700, 174.52 W, 2835 MHz, 73
1791413096.226, 134.27 W, 2835 MHz, 73
1791413096.754, 134.27 W, 2835 MHz, 72
1791413097.281, 133.12 W, 2850 MHz, 72
1791413097.809, 133.12 W, 2850 MHz, 72
1791413098.338, 131.96 W, 2850 MHz, 72
1791413098.870, 235.77 W, 2347 MHz, 83
1791413099.400, 474.84 W, 2287 MHz, 84
1791413099.931, 599.07 W, 2280 MHz, 85
1791413100.463, 600.37 W, 2257 MHz, 85
1791413100.992, 599.50 W, 2257 MHz, 85
1791413101.523, 599.29 W, 2257 MHz, 83
1791413102.055, 599.87 W, 2265 MHz, 84
1791413102.591, 599.66 W, 2242 MHz, 86
1791413103.122, 599.53 W, 2242 MHz, 86
1791413103.653, 599.93 W, 2257 MHz, 86
1791413104.183, 599.63 W, 2265 MHz, 86
1791413104.713, 599.28 W, 2265 MHz, 86
1791413105.243, 600.20 W, 2265 MHz, 86
1791413105.774, 600.22 W, 2250 MHz, 86
1791413106.305, 599.14 W, 2257 MHz, 86
1791413106.835, 599.55 W, 2257 MHz, 86
1791413107.365, 599.99 W, 2265 MHz, 87
1791413107.897, 600.57 W, 2257 MHz, 87
1791413108.428, 599.41 W, 2242 MHz, 87
1791413108.958, 599.79 W, 2272 MHz, 87
1791413109.489, 599.64 W, 2250 MHz, 87
1791413110.019, 600.10 W, 2272 MHz, 87
1791413110.550, 599.03 W, 2265 MHz, 87
1791413111.081, 599.80 W, 2272 MHz, 88
1791413111.612, 599.46 W, 2265 MHz, 87
1791413112.144, 599.98 W, 2272 MHz, 88
1791413112.675, 599.97 W, 2250 MHz, 87
1791413113.208, 599.62 W, 2272 MHz, 88
1791413113.738, 599.53 W, 2257 MHz, 88
1791413114.269, 599.47 W, 2257 MHz, 88
1791413114.801, 600.74 W, 2242 MHz, 88
1791413115.333, 599.28 W, 2257 MHz, 88
1791413115.863, 599.84 W, 2242 MHz, 88
1791413116.392, 599.86 W, 2257 MHz, 88
1791413116.922, 600.06 W, 2242 MHz, 89
1791413117.454, 600.24 W, 2257 MHz, 88
1791413117.983, 600.26 W, 2250 MHz, 89
1791413118.515, 599.09 W, 2250 MHz, 88
1791413119.046, 599.45 W, 2272 MHz, 89
1791413119.578, 598.98 W, 2272 MHz, 88
1791413120.111, 600.34 W, 2272 MHz, 89
1791413120.643, 600.69 W, 2272 MHz, 89
1791413121.175, 600.29 W, 2272 MHz, 89
1791413121.706, 599.11 W, 2272 MHz, 89
1791413122.235, 599.72 W, 2265 MHz, 89
1791413122.765, 599.71 W, 2250 MHz, 89
1791413123.297, 600.00 W, 2257 MHz, 89
1791413123.829, 600.50 W, 2265 MHz, 89
1791413124.360, 599.00 W, 2272 MHz, 89
1791413124.892, 599.52 W, 2265 MHz, 89
1791413125.424, 600.40 W, 2242 MHz, 90
1791413125.955, 599.78 W, 2257 MHz, 87
1791413126.485, 599.76 W, 2242 MHz, 90
1791413127.015, 599.86 W, 2265 MHz, 90
1791413127.545, 599.40 W, 2257 MHz, 90
1791413128.075, 599.90 W, 2242 MHz, 90
1791413128.609, 599.55 W, 2235 MHz, 90
1791413129.141, 599.26 W, 2242 MHz, 90
1791413129.674, 598.71 W, 2250 MHz, 90
1791413130.203, 600.27 W, 2272 MHz, 90
1791413130.735, 600.33 W, 2280 MHz, 90
1791413131.268, 599.19 W, 2272 MHz, 90
1791413131.798, 599.28 W, 2280 MHz, 90
1791413132.329, 600.31 W, 2272 MHz, 90
1791413132.861, 599.17 W, 2265 MHz, 90
1791413133.394, 599.04 W, 2257 MHz, 91
1791413133.925, 599.85 W, 2250 MHz, 91
1791413134.454, 599.82 W, 2265 MHz, 91
1791413134.986, 599.13 W, 2257 MHz, 91
1791413135.517, 600.15 W, 2250 MHz, 91
1791413136.050, 600.01 W, 2272 MHz, 91
1791413136.580, 599.11 W, 2272 MHz, 91
1791413137.110, 600.10 W, 2257 MHz, 91
1791413137.642, 600.10 W, 2250 MHz, 91
1791413138.173, 599.13 W, 2242 MHz, 91
1791413138.705, 600.19 W, 2272 MHz, 91
1791413139.236, 599.92 W, 2272 MHz, 91
1791413139.769, 599.30 W, 2257 MHz, 91
1791413140.301, 599.54 W, 2272 MHz, 91
1791413140.833, 598.93 W, 2257 MHz, 90
1791413141.365, 598.97 W, 2257 MHz, 91
1791413141.897, 599.49 W, 2280 MHz, 90
1791413142.429, 599.52 W, 2287 MHz, 90
1791413142.964, 599.97 W, 2280 MHz, 90
1791413143.494, 599.90 W, 2265 MHz, 91
1791413144.026, 599.59 W, 2265 MHz, 91
1791413144.559, 599.82 W, 2265 MHz, 91
1791413145.091, 599.88 W, 2287 MHz, 90
1791413145.623, 599.70 W, 2265 MHz, 91
1791413146.157, 599.33 W, 2257 MHz, 91
1791413146.688, 599.93 W, 2265 MHz, 90
1791413147.220, 599.41 W, 2280 MHz, 89
1791413147.750, 599.51 W, 2280 MHz, 91
1791413148.282, 600.30 W, 2280 MHz, 91
1791413148.813, 599.89 W, 2272 MHz, 90
1791413149.346, 599.71 W, 2265 MHz, 91
1791413149.877, 600.11 W, 2287 MHz, 90
1791413150.407, 600.10 W, 2272 MHz, 90
1791413150.938, 599.64 W, 2265 MHz, 91
1791413151.472, 599.87 W, 2302 MHz, 91
1791413152.005, 599.50 W, 2295 MHz, 90
1791413152.535, 599.13 W, 2310 MHz, 91
1791413153.068, 600.27 W, 2280 MHz, 90
1791413153.601, 599.87 W, 2287 MHz, 89
1791413154.135, 599.71 W, 2302 MHz, 90
1791413154.665, 599.87 W, 2272 MHz, 90
1791413155.197, 574.38 W, 2812 MHz, 87
1791413155.729, 533.13 W, 2812 MHz, 86
1791413156.257, 408.91 W, 2827 MHz, 86
1791413156.790, 236.47 W, 2767 MHz, 78
1791413157.324, 425.13 W, 2242 MHz, 86
1791413157.855, 606.39 W, 2242 MHz, 89
1791413158.387, 599.12 W, 2205 MHz, 89
1791413158.919, 599.68 W, 2205 MHz, 89
1791413159.450, 600.71 W, 2220 MHz, 89
1791413159.980, 598.77 W, 2205 MHz, 89
1791413160.511, 600.17 W, 2205 MHz, 89
1791413161.040, 600.85 W, 2205 MHz, 89
1791413161.570, 600.12 W, 2197 MHz, 90
1791413162.100, 599.72 W, 2205 MHz, 89
1791413162.631, 599.62 W, 2220 MHz, 90
1791413163.161, 599.97 W, 2212 MHz, 90
1791413163.690, 599.68 W, 2227 MHz, 90
1791413164.222, 600.09 W, 2227 MHz, 90
1791413164.753, 599.24 W, 2227 MHz, 89
1791413165.284, 599.95 W, 2212 MHz, 89
1791413165.815, 599.49 W, 2227 MHz, 90
1791413166.347, 599.08 W, 2212 MHz, 90
1791413166.879, 599.99 W, 2227 MHz, 90
1791413167.410, 598.87 W, 2227 MHz, 88
1791413167.940, 599.71 W, 2242 MHz, 89
1791413168.470, 599.32 W, 2242 MHz, 89
1791413169.001, 599.61 W, 2242 MHz, 89
1791413169.535, 599.69 W, 2227 MHz, 89
1791413170.071, 599.79 W, 2235 MHz, 90
1791413170.606, 557.67 W, 2812 MHz, 86
1791413171.139, 521.57 W, 2812 MHz, 86
1791413171.673, 353.18 W, 2835 MHz, 79
1791413172.203, 243.46 W, 2752 MHz, 76
1791413172.736, 495.41 W, 2242 MHz, 85
1791413173.266, 601.05 W, 2242 MHz, 88
1791413173.797, 600.92 W, 2242 MHz, 89
1791413174.329, 600.15 W, 2242 MHz, 89
1791413174.860, 599.48 W, 2220 MHz, 89
1791413175.390, 600.79 W, 2220 MHz, 89
1791413175.920, 600.03 W, 2212 MHz, 89
1791413176.453, 600.00 W, 2212 MHz, 89
1791413176.983, 599.70 W, 2227 MHz, 88
1791413177.514, 600.12 W, 2235 MHz, 88
1791413178.047, 599.92 W, 2212 MHz, 89
1791413178.578, 599.64 W, 2212 MHz, 89
1791413179.113, 599.97 W, 2205 MHz, 89
1791413179.642, 599.29 W, 2212 MHz, 89
1791413180.174, 600.07 W, 2227 MHz, 89
1791413180.707, 599.53 W, 2220 MHz, 89
1791413181.237, 599.08 W, 2235 MHz, 89
1791413181.768, 600.08 W, 2220 MHz, 89
1791413182.299, 599.16 W, 2227 MHz, 89
1791413182.831, 599.27 W, 2227 MHz, 89
1791413183.362, 599.29 W, 2220 MHz, 89
1791413183.894, 598.91 W, 2227 MHz, 89
1791413184.425, 599.69 W, 2227 MHz, 87
1791413184.956, 599.79 W, 2227 MHz, 89
1791413185.490, 588.14 W, 2287 MHz, 86
1791413186.022, 544.26 W, 2812 MHz, 85
1791413186.555, 499.59 W, 2812 MHz, 85
1791413187.089, 496.23 W, 2812 MHz, 85
1791413187.623, 514.05 W, 2812 MHz, 84
1791413188.156, 513.96 W, 2812 MHz, 84
1791413188.690, 514.42 W, 2812 MHz, 84
1791413189.223, 514.38 W, 2812 MHz, 84
1791413189.756, 513.63 W, 2812 MHz, 84
1791413190.290, 513.25 W, 2812 MHz, 84
1791413190.822, 512.56 W, 2812 MHz, 84
1791413191.354, 511.57 W, 2812 MHz, 84
1791413191.888, 512.10 W, 2812 MHz, 84
1791413192.422, 512.12 W, 2812 MHz, 84
1791413192.955, 511.78 W, 2812 MHz, 84
1791413193.489, 511.95 W, 2812 MHz, 83
1791413194.023, 512.06 W, 2812 MHz, 83
1791413194.556, 511.53 W, 2812 MHz, 84
1791413195.089, 511.73 W, 2812 MHz, 84
1791413195.622, 511.56 W, 2812 MHz, 84
1791413196.153, 511.12 W, 2812 MHz, 83
1791413196.688, 511.76 W, 2812 MHz, 83
1791413197.220, 511.94 W, 2812 MHz, 83
1791413197.755, 511.33 W, 2812 MHz, 83
1791413198.287, 510.88 W, 2812 MHz, 83
1791413198.819, 510.94 W, 2812 MHz, 83
1791413199.353, 510.54 W, 2812 MHz, 83
1791413199.884, 509.87 W, 2812 MHz, 83
1791413200.415, 509.69 W, 2812 MHz, 83
1791413200.946, 509.67 W, 2812 MHz, 83
1791413201.477, 509.90 W, 2812 MHz, 83
1791413202.007, 509.33 W, 2812 MHz, 83
1791413202.539, 508.94 W, 2812 MHz, 83
1791413203.070, 508.51 W, 2812 MHz, 83
1791413203.604, 508.44 W, 2812 MHz, 83
1791413204.137, 507.91 W, 2812 MHz, 83
1791413204.670, 507.87 W, 2812 MHz, 83
1791413205.204, 507.32 W, 2812 MHz, 83
1791413205.738, 507.11 W, 2812 MHz, 83
1791413206.269, 507.24 W, 2812 MHz, 83
1791413206.802, 508.01 W, 2812 MHz, 83
1791413207.335, 507.72 W, 2812 MHz, 82
1791413207.866, 506.89 W, 2812 MHz, 82
1791413208.400, 506.60 W, 2812 MHz, 82
1791413208.933, 506.35 W, 2812 MHz, 83
1791413209.466, 506.43 W, 2812 MHz, 83
1791413209.998, 506.65 W, 2812 MHz, 83
1791413210.529, 506.07 W, 2812 MHz, 83
1791413211.062, 505.96 W, 2812 MHz, 82
1791413211.595, 505.59 W, 2812 MHz, 82
1791413212.127, 504.89 W, 2812 MHz, 82
1791413212.660, 505.27 W, 2812 MHz, 82
1791413213.191, 505.52 W, 2812 MHz, 82
1791413213.724, 505.36 W, 2812 MHz, 82
1791413214.258, 505.12 W, 2812 MHz, 82
1791413214.790, 505.54 W, 2812 MHz, 82
1791413215.323, 504.58 W, 2812 MHz, 82
1791413215.857, 504.36 W, 2812 MHz, 82
1791413216.391, 505.25 W, 2812 MHz, 82
1791413216.926, 505.49 W, 2812 MHz, 82
1791413217.459, 505.23 W, 2812 MHz, 82
1791413217.991, 501.83 W, 2812 MHz, 82
1791413218.523, 501.90 W, 2812 MHz, 82
1791413219.055, 505.75 W, 2812 MHz, 82
1791413219.588, 505.78 W, 2812 MHz, 82
1791413220.121, 505.82 W, 2812 MHz, 82
1791413220.653, 505.35 W, 2812 MHz, 82
1791413221.186, 505.56 W, 2812 MHz, 82
1791413221.722, 506.12 W, 2812 MHz, 82
1791413222.253, 505.77 W, 2812 MHz, 82
1791413222.785, 505.64 W, 2812 MHz, 82
1791413223.320, 505.66 W, 2812 MHz, 82
1791413223.853, 506.62 W, 2812 MHz, 82
1791413224.385, 506.60 W, 2812 MHz, 82
1791413224.919, 505.59 W, 2812 MHz, 82
1791413225.453, 505.56 W, 2812 MHz, 82
1791413225.987, 505.55 W, 2812 MHz, 82
1791413226.519, 505.72 W, 2812 MHz, 82
1791413227.054, 505.64 W, 2812 MHz, 82
1791413227.589, 505.81 W, 2812 MHz, 82
1791413228.121, 505.83 W, 2812 MHz, 82
1791413228.654, 506.05 W, 2812 MHz, 82
1791413229.187, 505.89 W, 2812 MHz, 82
1791413229.721, 506.34 W, 2812 MHz, 82
1791413230.255, 506.55 W, 2812 MHz, 82
1791413230.788, 506.51 W, 2812 MHz, 82
1791413231.322, 506.51 W, 2812 MHz, 82
1791413231.854, 506.30 W, 2812 MHz, 82
1791413232.388, 506.34 W, 2812 MHz, 82
1791413232.918, 506.91 W, 2812 MHz, 82
1791413233.452, 506.74 W, 2812 MHz, 82
1791413233.984, 506.79 W, 2812 MHz, 82
1791413234.518, 505.76 W, 2812 MHz, 82
1791413235.050, 505.24 W, 2812 MHz, 82
1791413235.585, 505.76 W, 2812 MHz, 82
1791413236.119, 506.19 W, 2812 MHz, 82
1791413236.653, 506.08 W, 2812 MHz, 82
1791413237.185, 505.49 W, 2812 MHz, 82
1791413237.718, 505.63 W, 2812 MHz, 82
1791413238.250, 506.72 W, 2812 MHz, 82
1791413238.783, 506.36 W, 2812 MHz, 82
1791413239.315, 506.33 W, 2812 MHz, 83
1791413239.843, 506.42 W, 2812 MHz, 83
1791413240.377, 506.01 W, 2812 MHz, 83
1791413240.909, 505.84 W, 2812 MHz, 83
1791413241.441, 506.02 W, 2812 MHz, 83
1791413241.974, 506.27 W, 2812 MHz, 83
1791413242.508, 506.24 W, 2812 MHz, 83
1791413243.039, 506.53 W, 2812 MHz, 83
1791413243.573, 506.70 W, 2812 MHz, 83
1791413244.105, 506.91 W, 2812 MHz, 83
1791413244.639, 507.02 W, 2812 MHz, 83
1791413245.172, 506.66 W, 2812 MHz, 83
1791413245.705, 506.58 W, 2812 MHz, 83
1791413246.239, 506.95 W, 2812 MHz, 83
1791413246.772, 507.28 W, 2812 MHz, 83
1791413247.304, 507.11 W, 2812 MHz, 83
1791413247.839, 507.41 W, 2812 MHz, 83
1791413248.374, 508.02 W, 2812 MHz, 83
1791413248.907, 506.73 W, 2812 MHz, 83
1791413249.441, 506.89 W, 2812 MHz, 83
1791413249.973, 508.14 W, 2812 MHz, 83
1791413250.507, 508.28 W, 2812 MHz, 83
1791413251.039, 508.80 W, 2812 MHz, 83
1791413251.570, 508.76 W, 2812 MHz, 83
1791413252.101, 508.91 W, 2812 MHz, 83
1791413252.633, 509.73 W, 2812 MHz, 83
1791413253.165, 509.49 W, 2812 MHz, 83
1791413253.698, 509.30 W, 2812 MHz, 83
1791413254.231, 509.37 W, 2812 MHz, 83
1791413254.764, 509.73 W, 2812 MHz, 83
1791413255.296, 509.79 W, 2812 MHz, 83
1791413255.829, 509.71 W, 2812 MHz, 83
1791413256.362, 509.41 W, 2812 MHz, 83
1791413256.895, 509.28 W, 2812 MHz, 84
1791413257.429, 509.80 W, 2812 MHz, 84
1791413257.962, 510.52 W, 2812 MHz, 84
1791413258.494, 510.86 W, 2812 MHz, 84
1791413259.026, 510.75 W, 2812 MHz, 84
1791413259.559, 510.65 W, 2812 MHz, 84
1791413260.092, 510.92 W, 2812 MHz, 84
1791413260.624, 510.55 W, 2812 MHz, 84
1791413261.156, 510.69 W, 2812 MHz, 84
1791413261.688, 510.90 W, 2812 MHz, 84
1791413262.220, 511.08 W, 2812 MHz, 84
1791413262.755, 511.44 W, 2812 MHz, 84
1791413263.287, 511.99 W, 2812 MHz, 84
1791413263.819, 512.07 W, 2812 MHz, 84
1791413264.352, 511.91 W, 2812 MHz, 84
1791413264.885, 512.03 W, 2812 MHz, 84
1791413265.418, 511.71 W, 2812 MHz, 84
1791413265.952, 512.12 W, 2812 MHz, 84
1791413266.484, 511.86 W, 2812 MHz, 84
1791413267.016, 511.28 W, 2812 MHz, 84
1791413267.549, 511.61 W, 2812 MHz, 84
1791413268.080, 511.86 W, 2812 MHz, 84
1791413268.613, 512.46 W, 2812 MHz, 84
1791413269.147, 512.65 W, 2812 MHz, 84
1791413269.682, 512.34 W, 2812 MHz, 84
1791413270.215, 512.50 W, 2812 MHz, 84
1791413270.749, 513.14 W, 2812 MHz, 84
1791413271.282, 513.14 W, 2812 MHz, 84
1791413271.814, 512.81 W, 2812 MHz, 84
1791413272.348, 512.96 W, 2812 MHz, 84
1791413272.881, 513.32 W, 2812 MHz, 85
1791413273.413, 512.70 W, 2812 MHz, 84
1791413273.947, 512.45 W, 2812 MHz, 85
1791413274.479, 513.10 W, 2812 MHz, 85
1791413275.014, 513.10 W, 2812 MHz, 84
1791413275.547, 512.97 W, 2812 MHz, 84
1791413276.079, 513.40 W, 2812 MHz, 84
1791413276.612, 513.89 W, 2812 MHz, 84
1791413277.144, 513.68 W, 2812 MHz, 85
1791413277.676, 513.01 W, 2812 MHz, 85
1791413278.208, 512.95 W, 2812 MHz, 85
1791413278.741, 513.96 W, 2812 MHz, 85
1791413279.275, 513.99 W, 2812 MHz, 85
1791413279.807, 510.45 W, 2812 MHz, 85
1791413280.341, 510.63 W, 2812 MHz, 85
1791413280.874, 515.12 W, 2812 MHz, 85
1791413281.407, 515.63 W, 2812 MHz, 85
1791413281.940, 516.02 W, 2812 MHz, 85
1791413282.473, 516.06 W, 2812 MHz, 85
1791413283.007, 515.61 W, 2812 MHz, 85
1791413283.539, 515.30 W, 2812 MHz, 85
1791413284.070, 514.97 W, 2812 MHz, 85
1791413284.604, 514.91 W, 2812 MHz, 85
1791413285.138, 514.75 W, 2812 MHz, 85
1791413285.672, 514.28 W, 2812 MHz, 85
1791413286.206, 514.98 W, 2812 MHz, 85
1791413286.740, 515.47 W, 2812 MHz, 85
1791413287.276, 515.88 W, 2812 MHz, 85
1791413287.809, 516.08 W, 2812 MHz, 85
1791413288.341, 516.27 W, 2812 MHz, 85
1791413288.873, 516.12 W, 2812 MHz, 85
1791413289.405, 516.35 W, 2812 MHz, 85
1791413289.939, 517.22 W, 2812 MHz, 85
1791413290.474, 517.73 W, 2812 MHz, 85
1791413291.008, 517.51 W, 2812 MHz, 85
1791413291.541, 517.43 W, 2812 MHz, 85
1791413292.075, 517.38 W, 2812 MHz, 85
1791413292.608, 517.18 W, 2812 MHz, 85
1791413293.139, 516.46 W, 2812 MHz, 85
1791413293.671, 516.42 W, 2812 MHz, 85
1791413294.204, 517.35 W, 2812 MHz, 85
1791413294.738, 517.56 W, 2812 MHz, 85
1791413295.272, 517.41 W, 2812 MHz, 85
1791413295.806, 516.95 W, 2812 MHz, 85
1791413296.340, 516.21 W, 2812 MHz, 85
1791413296.873, 515.73 W, 2812 MHz, 86
1791413297.406, 516.32 W, 2812 MHz, 86
1791413297.937, 517.09 W, 2812 MHz, 85
1791413298.471, 517.02 W, 2812 MHz, 85
1791413299.003, 516.81 W, 2812 MHz, 85
1791413299.536, 516.89 W, 2812 MHz, 86
1791413300.067, 517.28 W, 2812 MHz, 86
1791413300.599, 517.73 W, 2812 MHz, 86
1791413301.132, 517.51 W, 2812 MHz, 86
1791413301.666, 517.34 W, 2812 MHz, 85
1791413302.198, 517.25 W, 2812 MHz, 86
1791413302.732, 517.93 W, 2812 MHz, 86
1791413303.264, 518.25 W, 2812 MHz, 86
1791413303.797, 518.11 W, 2812 MHz, 86
1791413304.329, 518.56 W, 2812 MHz, 86
1791413304.861, 518.19 W, 2812 MHz, 86
1791413305.396, 517.95 W, 2812 MHz, 86
1791413305.929, 517.97 W, 2812 MHz, 86
1791413306.464, 517.40 W, 2812 MHz, 86
1791413306.996, 517.19 W, 2812 MHz, 86
1791413307.528, 517.26 W, 2812 MHz, 86
1791413308.061, 517.11 W, 2812 MHz, 86
1791413308.595, 517.26 W, 2812 MHz, 86
1791413309.131, 516.82 W, 2812 MHz, 86
1791413309.664, 517.11 W, 2812 MHz, 86
1791413310.198, 518.11 W, 2812 MHz, 86
1791413310.730, 517.87 W, 2812 MHz, 86
1791413311.263, 514.61 W, 2812 MHz, 86
1791413311.794, 515.43 W, 2812 MHz, 86
1791413312.327, 517.81 W, 2812 MHz, 86
1791413312.861, 517.98 W, 2812 MHz, 86
1791413313.393, 518.71 W, 2812 MHz, 86
1791413313.926, 518.86 W, 2812 MHz, 86
1791413314.459, 519.13 W, 2812 MHz, 86
1791413314.991, 519.36 W, 2812 MHz, 86
1791413315.524, 519.35 W, 2812 MHz, 86
1791413316.056, 519.40 W, 2812 MHz, 86
1791413316.590, 519.76 W, 2812 MHz, 86
1791413317.124, 520.11 W, 2812 MHz, 86
1791413317.659, 520.71 W, 2812 MHz, 86
1791413318.193, 520.69 W, 2812 MHz, 86
1791413318.729, 519.91 W, 2812 MHz, 86
1791413319.262, 520.11 W, 2812 MHz, 86
1791413319.795, 520.22 W, 2812 MHz, 86
1791413320.329, 519.81 W, 2812 MHz, 86
1791413320.862, 520.08 W, 2812 MHz, 86
1791413321.396, 521.49 W, 2812 MHz, 87
1791413321.928, 521.31 W, 2812 MHz, 87
1791413322.458, 520.63 W, 2812 MHz, 87
1791413322.990, 521.07 W, 2812 MHz, 87
1791413323.522, 521.34 W, 2812 MHz, 87
1791413324.054, 521.30 W, 2812 MHz, 87
1791413324.588, 520.74 W, 2812 MHz, 87
1791413325.121, 520.48 W, 2812 MHz, 86
1791413325.654, 521.56 W, 2812 MHz, 86
1791413326.186, 522.17 W, 2812 MHz, 86
1791413326.717, 521.59 W, 2812 MHz, 86
1791413327.252, 521.06 W, 2812 MHz, 87
1791413327.784, 521.55 W, 2812 MHz, 87
1791413328.317, 521.39 W, 2812 MHz, 86
1791413328.850, 520.90 W, 2812 MHz, 86
1791413329.383, 521.34 W, 2812 MHz, 87
1791413329.916, 521.83 W, 2812 MHz, 87
1791413330.447, 521.54 W, 2812 MHz, 87
1791413330.980, 521.39 W, 2812 MHz, 87
1791413331.512, 521.44 W, 2812 MHz, 87
1791413332.044, 521.49 W, 2812 MHz, 87
1791413332.575, 521.55 W, 2812 MHz, 87
1791413333.108, 521.36 W, 2812 MHz, 87
1791413333.640, 521.96 W, 2812 MHz, 87
1791413334.171, 521.83 W, 2812 MHz, 87
1791413334.703, 521.64 W, 2812 MHz, 87
1791413335.236, 522.10 W, 2812 MHz, 87
1791413335.769, 522.61 W, 2812 MHz, 87
1791413336.303, 522.22 W, 2812 MHz, 87
1791413336.835, 522.54 W, 2812 MHz, 87
1791413337.368, 522.33 W, 2812 MHz, 87
1791413337.900, 522.70 W, 2812 MHz, 87
1791413338.430, 523.11 W, 2812 MHz, 87
1791413338.964, 523.39 W, 2812 MHz, 87
1791413339.496, 523.39 W, 2812 MHz, 87
1791413340.030, 523.10 W, 2812 MHz, 87
1791413340.563, 523.05 W, 2812 MHz, 87
1791413341.095, 523.10 W, 2812 MHz, 87
1791413341.623, 521.07 W, 2812 MHz, 87
1791413342.150, 351.96 W, 2835 MHz, 80
1791413342.678, 214.59 W, 2835 MHz, 78
1791413343.207, 214.59 W, 2835 MHz, 78
1791413343.738, 143.95 W, 2835 MHz, 78
1791413344.268, 143.95 W, 2835 MHz, 77
1791413344.797, 141.82 W, 2835 MHz, 77
1791413345.327, 141.82 W, 2835 MHz, 76
1791413345.858, 141.07 W, 2835 MHz, 76
1791413346.385, 141.07 W, 2835 MHz, 75
1791413346.916, 139.81 W, 2835 MHz, 75
1791413347.446, 139.81 W, 2835 MHz, 75
1791413347.974, 138.28 W, 2835 MHz, 74
1791413348.503, 137.83 W, 2835 MHz, 74
1791413349.031, 137.83 W, 2835 MHz, 74
1791413349.560, 136.85 W, 2835 MHz, 74
1791413350.088, 136.85 W, 2835 MHz, 73
1791413350.617, 135.76 W, 2835 MHz, 73
1791413351.145, 135.76 W, 2835 MHz, 73
1791413351.672, 135.25 W, 2835 MHz, 73
1791413352.202, 135.25 W, 2835 MHz, 72
1791413352.731, 134.55 W, 2850 MHz, 72
1791413353.263, 134.55 W, 2850 MHz, 72
1791413353.793, 134.01 W, 2850 MHz, 72
1791413354.322, 134.01 W, 2850 MHz, 71
1791413354.853, 133.22 W, 2850 MHz, 71
1791413355.382, 133.22 W, 2850 MHz, 71
1791413355.910, 132.91 W, 2850 MHz, 71
1791413356.441, 132.91 W, 2850 MHz, 71
1791413356.969, 132.11 W, 2850 MHz, 70
1791413357.497, 130.99 W, 2850 MHz, 70
1791413358.026, 130.99 W, 2850 MHz, 70
1791413358.556, 130.40 W, 2850 MHz, 70
1791413359.087, 130.40 W, 2850 MHz, 70
1791413359.617, 130.07 W, 2850 MHz, 70
1791413360.148, 130.07 W, 2850 MHz, 69
1791413360.677, 129.29 W, 2850 MHz, 69
1791413361.205, 129.29 W, 2850 MHz, 69
1791413361.733, 129.24 W, 2850 MHz, 69
1791413362.262, 129.24 W, 2850 MHz, 68
1791413362.791, 129.06 W, 2850 MHz, 68
1791413363.320, 129.06 W, 2850 MHz, 68
1791413363.849, 128.63 W, 2850 MHz, 68
1791413364.378, 128.63 W, 2850 MHz, 68
1791413364.907, 128.17 W, 2850 MHz, 67
1791413365.436, 128.17 W, 2850 MHz, 67
1791413365.965, 127.64 W, 2850 MHz, 67
1791413366.494, 127.64 W, 2850 MHz, 67
1791413367.024, 127.55 W, 2850 MHz, 67
1791413367.554, 127.32 W, 2850 MHz, 67
1791413368.085, 127.32 W, 2850 MHz, 67
1791413368.612, 127.02 W, 2850 MHz, 67
1791413369.141, 127.02 W, 2850 MHz, 66
1791413369.671, 126.79 W, 2850 MHz, 66
1791413370.201, 126.79 W, 2850 MHz, 66
1791413370.732, 126.33 W, 2850 MHz, 66
1791413371.261, 126.33 W, 2850 MHz, 66
